"IGN";"NPL";"cdom";"essmaj_mature_40_code";"typologie_mature_simplifiee";"fa_mask";"hdom_mean_m";"hdom_median_m";"n_pix_hdom"
3078;37;224,9545108008;"3-100%";"Hetraie";1;36,53125;36,6000003814697;16
3178;180;239;"3-100%";"Hetraie";1;41,3375010490417;41,9000015258789;16
3178;218;238;"1-75%;5-13%";"Chenaie";1;32,9937493801117;32,5999994277954;16
3178;219;332;"3-58%;1-42%";"Hetraie";1;31,7944441901313;31,7000007629395;18
3256;75;253,8540754859;"3-100%";"Hetraie";1;33,8818192915483;33,9000015258789;11
3256;280;269;"3-100%";"Hetraie";1;25,7444442113241;28,8999996185303;18
3556;176;214;"4-66%;11-34%";"Erabliere";1;29,3562505245209;29,9500007629395;16
3734;18;277;"3-74%;4-26%";"Hetraie";1;31,0687503814697;30,7000007629395;16
3734;151;238,5258238481;"5-81%;24-19%";"Frenaie";1;33,6714297703334;33,9000015258789;14
3734;231;232,9723813472;"5-50%;24-25%";"Frenaie";1;35,6374988555908;37,1999988555908;16
3778;41;162,9648758406;"1-100%";"Chenaie";1;25,8375000953674;27,1000003814697;16
3778;62;33;"11-100%";"Autres peuplements feuillus";1;19,3722229003906;16,9500007629395;18
3778;63;163,7190067248;"24-47%;3-29%";"Autres peuplements feuillus";1;20,2812494039536;18,7999992370605;16
3778;153;251,9989614571;"3-55%;1-45%";"Hetraie";1;28,8624999523163;29,2000007629395;16
3778;154;207,2623926526;"1-100%";"Chenaie";1;27,4470589581658;27,5;17
3778;183;272,1069342768;"3-69%;2-31%";"Hetraie";1;29,4187498092651;28,6000003814697;16
3778;221;291;"3-100%";"Hetraie";1;35,5800003051758;36,2000007629395;15
3778;300;81;"5-100%";"Frenaie";1;20,6272726925937;20,5;11
3812;4;277;"3-100%";"Hetraie";1;34,9437510967255;35,9000015258789;16
3812;6;329;"3-100%";"Hetraie";1;38,0249993801117;38,7999992370605;16
3812;39;195,6268087156;"5-67%;3-33%";"Frenaie";1;26,8111112382677;28,7000007629395;18
3812;49;251,7794778774;"5-99%;3-1%";"Frenaie";1;34,3499986860487;34,5999984741211;18
3812;51;278;"3-82%;1-18%";"Hetraie";1;30,5333335664537;30,5;18
3812;58;268,4906996887;"3-68%;15-31%";"Hetraie";1;25,5999996185303;22,8999996185303;10
3834;25;286,049227377;"3-50%;44-18%";"Hetraie";1;30,777778201633;31,2000007629395;18
3834;31;256,9824379203;"3-81%;1-19%";"Hetraie";1;33,2437512874603;32,9000015258789;16
3834;51;240,939247315;"3-100%";"Hetraie";1;32,9749994277954;33,0499992370605;16
3834;180;252,659784964;"3-75%;1-24%";"Hetraie";1;32,943751335144;33,4000015258789;16
3834;200;225,9525574012;"3-79%;1-21%";"Hetraie";1;33,6374998092651;33,7999992370605;16
3856;1;185,9351446604;"1-76%;3-24%";"Chenaie";1;34,8722220526801;34;18
3878;67;73;"3-100%";"Hetraie";1;13,9750002622604;13,5;16
3878;122;287,4806087376;"5-40%;1-36%";"Autres feuillus nobles";1;31,8062502145767;30,8500003814697;16
3878;141;281,8972077026;"3-100%";"Hetraie";1;35,3187510967255;35,9000015258789;16
3878;142;203,9946841326;"3-100%";"Hetraie";1;33,2499993642171;31,7999992370605;18
3878;143;304;"3-100%";"Hetraie";1;36,2666656494141;37,0999984741211;15
3878;166;255,897389387;"1-68%;11-31%";"Chenaie";1;28,2733327229818;29,7999992370605;15
3912;231;311,3278466016;"3-60%;2-40%";"Hetraie";1;36,1437487602234;36,0999984741211;16
3912;237;133,9121896015;"15-73%;1-27%";"Autres peuplements feuillus";1;23,1312501430511;23,7000007629395;16
3934;25;327,7004061022;"3-99%;5-1%";"Hetraie";1;37,7722212473551;36,7999992370605;18
3934;33;196,8268695792;"15-74%;5-26%";"Autres peuplements feuillus";1;28,8062504529953;30,6000003814697;16
3934;84;188,8540754859;"15-29%;7-28%";"Autres peuplements feuillus";1;29,6374999284744;30,5;16
3934;161;264,5620818768;"3-100%";"Hetraie";1;44,2095237005325;45;21
3934;162;233,9687169144;"3-100%";"Hetraie";1;34,387499332428;31,7999992370605;16
3934;163;329,770654421;"3-61%;1-39%";"Hetraie";1;35,2947367617958;36,7999992370605;19
3934;181;366,2714104304;"3-100%";"Hetraie";1;39,2562501430511;38,5;16
3934;210;181;"1-43%;3-32%";"Autres feuillus nobles";1;28,9875004291534;29,1000003814697;16
3934;280;248;"3-63%;5-37%";"Hetraie";1;34,1000002906436;33,7000007629395;21
3956;33;265,5082617684;"24-69%;5-31%";"Autres peuplements feuillus";1;37,7562487125397;38,0999984741211;16
3956;111;232,898158576;"3-78%;1-22%";"Hetraie";1;31,1428572790963;31,6999998092651;14
3956;112;201,9130219022;"3-73%;1-27%";"Hetraie";1;32,3333324856228;32,5999984741211;18
3956;126;297,7892201463;"3-79%;1-21%";"Hetraie";1;31,5555560853746;29,7000007629395;18
3956;128;144,8757160624;"3-100%";"Hetraie";1;35,1062502861023;36,4000015258789;16
3956;144;71;"14-99%;11-1%";"Autres peuplements feuillus";1;22,4333326551649;22,2999992370605;18
3956;145;137,9648758406;"3-50%;11-50%";"Hetraie";1;24,6937502622604;24,8999996185303;16
3956;164;152,8676061488;"1-32%;13-28%";"Autres peuplements feuillus";1;30,8374992609024;30,3999996185303;16
3956;272;156,9513584953;"3-100%";"Hetraie";1;29,3999995277041;28,7999992370605;21
3978;18;236,8895253888;"5-77%;44-23%";"Frenaie";1;31,949999332428;31,8999996185303;16
3978;243;275,866344093;"3-100%";"Hetraie";1;34,223808833531;33,2000007629395;21
3978;290;227,343871002;"3-53%;24-30%";"Hetraie";1;32,0111116833157;31,2000007629395;18
3978;292;205,7365688045;"3-100%";"Hetraie";1;32,4249992370605;32,1999988555908;16
4012;3;327,626989319;"1-48%;15-39%";"Autres peuplements feuillus";1;29,2421051828485;30,5;19
4012;64;268,4555755293;"3-100%";"Hetraie";1;30,199999915229;30,5;18
4012;74;215;"1-100%";"Chenaie";1;32,7142852601551;31,6000003814697;21
4012;93;198,9473137609;"1-77%;4-22%";"Chenaie";1;31,5777776506212;31,6000003814697;18
4012;132;254;"3-100%";"Hetraie";1;31,3187508583069;27,2000007629395;16
4012;171;142,5291825592;"1-75%;13-25%";"Chenaie";1;26,9499996900558;27,3999996185303;16
4034;132;190;"7-50%;15-28%";"Autres feuillus nobles";1;29,1375000476837;29,0500001907349;16
4056;11;251;"1-64%;4-19%";"Chenaie";1;31,8055555555556;31,1000003814697;18
4056;288;176,5589557548;"3-60%;16-22%";"Hetraie";1;29,8749997615814;30,25;16
4056;289;131,9287110032;"1-100%";"Chenaie";1;31,0555544959174;32,0999984741211;18
4156;254;267;"1-86%;4-12%";"Chenaie";1;29,5062501430511;30,5;16
4156;260;55;"3-100%";"Hetraie";1;16,8374997377396;16,5;16
4156;292;165;"1-69%;4-28%";"Chenaie";1;28,1421054036994;29;19
4178;154;242,5028642496;"1-77%;15-12%";"Chenaie";1;26,2999999636695;24,2999992370605;21
4178;157;181,7243648067;"1-100%";"Chenaie";1;21,287500500679;22,7000007629395;16
4178;235;142;"26-100%";"Autres peuplements feuillus";1;21,7374995946884;21,2999992370605;16
4178;258;241;"1-48%;15-22%";"Autres peuplements feuillus";1;25,212500333786;24,7000007629395;16
4178;267;121;"26-100%";"Autres peuplements feuillus";1;23,4187495708466;25,2999992370605;16
4178;317;254,9298868966;"1-61%;3-39%";"Chenaie";1;24,5375001430511;24,5;8
4212;314;257;"3-100%";"Hetraie";1;26,2800004959106;26,2000007629395;20
4234;126;225;"5-56%;1-25%";"Frenaie";1;27,9875005483627;28,7000007629395;16
4234;145;84;"15-100%";"Autres peuplements feuillus";1;26,6437497138977;29,7999992370605;16
4234;147;209;"1-100%";"Chenaie";1;29,1249998807907;29;16
4234;183;268,8941187872;"3-55%;1-45%";"Hetraie";1;26,6624999046326;26,6000003814697;16
4256;37;232;"1-81%;4-19%";"Chenaie";1;25,633333387829;25,5;21
4256;53;168,930953368;"1-100%";"Chenaie";1;25,0000001192093;25;16
4256;58;282,121896015;"1-99%;11-1%";"Chenaie";1;24,6850004196167;24,6000003814697;20
4256;59;115;"13-100%";"Autres peuplements feuillus";1;24,8999996185303;24,8999996185303;4
4256;77;31;"11-100%";"Autres peuplements feuillus";1;14,4750001430511;14,8000001907349;16
4256;96;250,7716929639;"3-58%;1-26%";"Hetraie";1;29,4750001430511;29,1000003814697;16
4256;98;286,660735196;"3-87%;1-13%";"Hetraie";1;26,606250166893;25,1000003814697;16
4256;100;292,982205588;"1-77%;11-18%";"Chenaie";1;24,8062497377396;24,3999996185303;16
4256;113;222,8245763758;"3-100%";"Hetraie";1;28,4999998807907;28,5;16
4256;117;409,2065907848;"3-99%;45-1%";"Hetraie";1;32,7499989403619;32,0999984741211;18
4256;119;202,7541308842;"3-81%;1-19%";"Hetraie";1;27,1761903308687;27,5;21
4256;120;230,830367598;"1-92%;11-8%";"Chenaie";1;23,7250003814697;24,2000007629395;16
4256;151;123;"11-100%";"Autres peuplements feuillus";1;22,4437503814697;21,2000007629395;16
4256;152;132;"1-100%";"Chenaie";1;26,9600004196167;27;20
4256;170;130;"13-100%";"Autres peuplements feuillus";1;28,2666670481364;28,2000007629395;9
4256;178;155,6685761664;"1-60%;11-40%";"Chenaie";1;23,2312494516373;23,2999992370605;16
4256;199;168;"5-60%;7-24%";"Frenaie";1;30,1875;31;16
4256;200;123;"1-100%";"Chenaie";1;24,456249833107;22,8999996185303;16
4256;209;308;"3-76%;15-12%";"Hetraie";1;26,4388889736599;25,1000003814697;18
4256;219;130;"5-38%;17-33%";"Autres feuillus nobles";1;25,5874993801117;25,2999992370605;16
4256;239;267,6362734092;"3-100%";"Hetraie";1;24,3125004768372;24,2000007629395;16
4256;260;121;"3-100%";"Hetraie";1;21,8312505483627;21,7000007629395;16
4256;286;146;"1-100%";"Chenaie";1;22,8312503099442;24,2000007629395;16
4256;291;168,465376372;"11-58%;1-42%";"Autres peuplements feuillus";1;18,4055556191338;18,5;18
4256;300;279,7414654888;"3-80%;1-20%";"Hetraie";1;27,9888895882501;29,2000007629395;18
4278;37;174;"7-57%;5-26%";"Autres feuillus nobles";1;26,7533326466878;26,2999992370605;15
4278;58;132;"1-100%";"Chenaie";1;21,1777777141995;22,5;18
4278;79;44;"11-100%";"Autres peuplements feuillus";1;18,5812497138977;18;16
4278;92;110;"7-100%";"Autres feuillus nobles";1;28,2285709381104;29,3999996185303;7
4278;94;327;"3-68%;1-32%";"Hetraie";1;29,8187508583069;30,7000007629395;16
4278;96;148;"11-36%;1-36%";"Autres peuplements feuillus";1;20,025000333786;18,7000007629395;16
4278;154;147;"11-40%;7-35%";"Autres peuplements feuillus";1;25,4666667514377;26;18
4278;176;219;"1-52%;7-26%";"Chenaie";1;21,862499833107;22,3999996185303;16
4278;192;238,9796317152;"1-100%";"Chenaie";1;20,682352402631;20,7999992370605;17
4278;195;137;"5-68%;1-32%";"Frenaie";1;19,2999995095389;19,2999992370605;21
4278;211;274;"1-100%";"Chenaie";1;26,3888893127441;25,6000003814697;18
4278;216;91;"1-100%";"Chenaie";1;21,5777780744765;21,6000003814697;18
4278;258;106;"11-100%";"Autres peuplements feuillus";1;24,8062504529953;24,6000003814697;16
4312;145;140,9297516812;"13-74%;11-26%";"Autres peuplements feuillus";1;25,4937500953674;25;16
4312;147;151;"4-77%;7-23%";"Erabliere";1;26,5357142857143;26,5;14
4312;164;136;"4-32%;29-31%";"Autres peuplements feuillus";1;26,9500004053116;25,0500001907349;16
4312;204;237,6504870904;"1-99%;11-1%";"Chenaie";1;25,8249999682109;25,5;12
4312;227;236,924184668;"3-50%;1-50%";"Hetraie";1;27,5562498569489;27,6499996185303;16
4312;241;194,9683716008;"1-100%";"Chenaie";1;29,0476189567929;29,2999992370605;21
4312;258;74;"1-99%;11-1%";"Chenaie";1;21,6625003814697;22,2000007629395;16
4312;280;130,1570201744;"3-55%;1-45%";"Hetraie";1;24,9550002098084;25,7000007629395;20
4312;296;193,8204787568;"1-77%;3-23%";"Chenaie";1;27,0437498092651;26,8999996185303;16
4312;300;192,6663204857;"1-82%;41-16%";"Chenaie";1;24,1437500715256;24,6000003814697;16
4312;305;182,8068171233;"1-84%;13-15%";"Chenaie";1;25,2062499523163;25,3999996185303;16
4312;319;74;"3-100%";"Hetraie";1;14,8312501907349;15,3000001907349;16
4334;6;243,7794778774;"1-87%;11-13%";"Chenaie";1;27,9624997377396;28,25;16
4334;8;142,792860104;"11-47%;4-31%";"Autres peuplements feuillus";1;28,6142858777727;29;14
4334;31;190,8419412827;"1-80%;11-19%";"Chenaie";1;23,9611111746894;24,7000007629395;18
4334;58;115;"3-100%";"Hetraie";1;22,3687499761581;20,5;16
4334;77;165,7657647248;"1-99%;11-1%";"Chenaie";1;24,125;23,7999992370605;16
4356;25;68;"1-100%";"Chenaie";1;18,8444438510471;17,2999992370605;18
4356;33;90;"1-100%";"Chenaie";1;24,872727134011;26;11
4356;51;205,7179681819;"1-69%;15-18%";"Chenaie";1;23,5555550257365;23,2999992370605;18
4356;72;210,6823854928;"3-67%;1-33%";"Hetraie";1;25,7499996821086;25,2999992370605;18
4356;90;217,4487296134;"1-100%";"Chenaie";1;24,5307690547063;23,7999992370605;13
4356;91;88;"3-100%";"Hetraie";1;21,3999999761581;22,3999996185303;16
4356;93;162;"1-100%";"Chenaie";1;21,099999639723;21,5;18
4356;94;217,643555016;"3-55%;1-45%";"Hetraie";1;23,6625001430511;25,2000007629395;16
4356;112;153,7759488672;"1-100%";"Chenaie";1;21,8999998304579;21,3999996185303;18
4356;128;179,9592634304;"1-80%;11-20%";"Chenaie";1;24,1428568703788;24,3999996185303;21
4356;129;153,793440871;"3-56%;1-23%";"Hetraie";1;23,3800004005432;23,5;20
4356;130;105;"3-100%";"Hetraie";1;23,799999554952;23,2999992370605;18
4356;147;179;"1-79%;14-21%";"Chenaie";1;25,5437499284744;25,3999996185303;16
4356;149;272,5147818752;"3-100%";"Hetraie";1;32,2312492132187;31,5999994277954;16
4356;153;230;"1-62%;3-38%";"Chenaie";1;25,0500001907349;25,1999998092651;16
4356;154;204;"3-100%";"Hetraie";1;28,7874999046326;28,8999996185303;16
4356;168;245,8757160624;"3-65%;1-35%";"Hetraie";1;24,292857170105;24,7000007629395;14
4356;170;262,93984022;"1-55%;3-45%";"Chenaie";1;26,8062504529953;26,7000007629395;16
4356;185;163,951397852;"1-99%;11-1%";"Chenaie";1;25,9222221374512;25,75;18
4356;187;197,6842915856;"1-79%;3-21%";"Chenaie";1;26,5888884862264;27,3999996185303;18
4356;197;164;"1-52%;3-48%";"Chenaie";1;29,8250000476837;27,7000007629395;16
4356;199;164,87849463;"1-74%;3-26%";"Chenaie";1;24,4411765827852;24,1000003814697;17
4356;206;202;"1-100%";"Chenaie";1;28,65294119891;28,6000003814697;17
4356;210;240,0747751312;"3-100%";"Hetraie";1;28,9307699937087;28,7000007629395;13
4356;212;247;"1-58%;3-23%";"Chenaie";1;30,4166661368476;30,2999992370605;18
4356;216;396,8117420142;"3-75%;41-24%";"Hetraie";1;28,3904765901111;29,2000007629395;21
4356;227;184;"1-100%";"Chenaie";1;27,8625003099442;26,2000007629395;16
4356;229;177,9946841326;"1-54%;3-46%";"Chenaie";1;26,0499997138977;26,2999992370605;16
4356;231;261,8777350498;"3-52%;41-27%";"Hetraie";1;25,431250333786;26,2000007629395;16
4356;232;201,6108679624;"3-99%;41-1%";"Hetraie";1;20,3649998664856;19,2999992370605;20
4356;233;297;"3-100%";"Hetraie";1;29,5187501907349;30,1000003814697;16
4356;234;175;"3-100%";"Hetraie";1;25,9624997377396;25,1499996185303;16
4356;242;182,5754341408;"1-76%;3-24%";"Chenaie";1;26,043749332428;26,2999992370605;16
4356;256;268,3017365632;"3-66%;1-34%";"Hetraie";1;30,0249997377396;31,2999992370605;16
4356;271;190;"3-100%";"Hetraie";1;12,4809525807699;9,60000038146973;21
4356;275;163;"3-100%";"Hetraie";1;20,3666667938232;20,1000003814697;6
4356;291;268;"3-100%";"Hetraie";1;26,8333329094781;26,7999992370605;18
4356;292;238;"3-55%;41-45%";"Hetraie";1;32,0555555555556;30,8999996185303;18
4356;312;224,9121896015;"3-99%;1-1%";"Hetraie";1;26,6000003814697;26,6000003814697;2
4378;11;246,8298922432;"3-100%";"Hetraie";1;27,6380956740606;27,7000007629395;21
4378;23;72;"11-100%";"Autres peuplements feuillus";1;18,4812499880791;18,6000003814697;16
4378;24;192,5946541275;"1-100%";"Chenaie";1;21,0388889312744;20,6000003814697;18
4378;25;61;"11-100%";"Autres peuplements feuillus";1;19,3777779473199;19,7000007629395;18
4378;29;192,9614977408;"1-81%;3-19%";"Chenaie";1;26,6687496900558;25,8999996185303;16
4378;50;163,9592634304;"1-100%";"Chenaie";1;24,0789472680343;23,5;19
4378;51;161,8895253888;"1-53%;3-26%";"Chenaie";1;21,7333334816827;21,6000003814697;18
4378;61;207,781290334;"1-100%";"Chenaie";1;26,0374999046326;25,3999996185303;16
4378;69;45;"11-100%";"Autres peuplements feuillus";1;15,0375002622604;15,4500002861023;16
4378;83;162,7892201463;"1-74%;11-26%";"Chenaie";1;19,9777783287896;19,7000007629395;18
4378;84;166;"1-100%";"Chenaie";1;27,5937497615814;28,4499998092651;16
4378;86;100;"11-100%";"Autres peuplements feuillus";1;21,3500007390976;20,7000007629395;16
4378;103;158,9090216016;"1-100%";"Chenaie";1;19,931249499321;19,7999992370605;16
4412;208;173,1394580947;"11-60%;2-40%";"Autres peuplements feuillus";1;26,2062500715256;26,2000007629395;16
4412;248;223,4555755293;"1-99%;25-1%";"Chenaie";1;29,600000500679;29,1000003814697;16
4412;250;29;"11-100%";"Autres peuplements feuillus";1;NA;NA;0
4412;271;125;"3-100%";"Hetraie";1;23,8937505483627;23,6000003814697;16
4434;64;190,473137609;"5-94%;28-6%";"Frenaie";1;21,3142860049293;20,7000007629395;21
4434;294;265,9121896015;"1-63%;44-19%";"Chenaie";1;28,8499999046326;29;16
4434;314;231,7892550436;"1-77%;2-23%";"Chenaie";1;28,9611117045085;29,2000007629395;18
4512;105;252,648758406;"3-36%;1-33%";"Autres feuillus nobles";1;26,0500004291534;25,2000007629395;16
4512;115;236,0867718556;"1-100%";"Chenaie";1;26,6578949376156;27,5;19
4512;126;190,8409027398;"1-48%;11-31%";"Autres peuplements feuillus";1;24,1449997901917;23,7999992370605;20
4512;128;194,3677651308;"5-65%;1-35%";"Frenaie";1;30,9437491893768;29,7999992370605;16
4512;129;321,121896015;"3-76%;1-24%";"Hetraie";1;28,8777780532837;29,1000003814697;18
4512;130;224,4380134496;"1-75%;4-13%";"Chenaie";1;28,9166668785943;29;18
4512;134;337,3028050993;"3-79%;1-21%";"Hetraie";1;30,6749997138977;30,8999996185303;16
4512;147;224,2448305729;"3-54%;5-35%";"Hetraie";1;22,618750333786;22,7000007629395;16
4512;155;203,3326409714;"1-64%;4-36%";"Chenaie";1;27,125;26,9499998092651;16
4512;174;173,7190067248;"1-63%;3-37%";"Chenaie";1;25,9875001907349;26,1000003814697;16
4512;256;132,1179115096;"13-53%;5-47%";"Autres peuplements feuillus";1;22,4624998569489;22,1000003814697;16
4512;272;204,8180432032;"3-74%;1-26%";"Hetraie";1;25,3999998304579;25,5;18
4512;274;50;"11-100%";"Autres peuplements feuillus";1;22,3555551105075;22,1999998092651;18
4512;291;207,7892550436;"1-100%";"Chenaie";1;26,5210523103413;26,3999996185303;19
4512;293;145,5602710744;"11-100%";"Autres peuplements feuillus";1;23,7900004386902;24,2000007629395;20
4512;313;172,648758406;"11-63%;1-37%";"Autres peuplements feuillus";1;23,0937498807907;23;16
4512;314;255,4359363638;"1-63%;11-37%";"Chenaie";1;21,9421054438541;22;19
4512;315;138,9189308255;"4-100%";"Erabliere";1;22,0937503576279;22,2000007629395;16
4534;14;121,0839850292;"11-51%;4-49%";"Autres peuplements feuillus";1;21,0125004053116;21,6000003814697;16
4534;35;271,5082617684;"3-53%;2-25%";"Hetraie";1;32,5933326721191;32,5999984741211;15
4534;54;198,7190067248;"2-46%;3-35%";"Autres feuillus nobles";1;23,668750166893;24,1000003814697;16
4534;73;298,5754341408;"3-53%;1-47%";"Hetraie";1;28,7999994754791;28,7999992370605;16
4534;93;334;"3-44%;15-29%";"Autres peuplements feuillus";1;29,0117644141702;28,8999996185303;17
4534;133;235,4204513699;"1-100%";"Chenaie";1;27,2176471037023;27,6000003814697;17
4534;134;89;"11-99%;2-1%";"Autres peuplements feuillus";1;18,3999997377396;18,6000003814697;16
4534;152;186,9189308255;"1-52%;4-26%";"Chenaie";1;28,3874998092651;29;16
4534;194;334,5072348624;"5-65%;1-34%";"Frenaie";1;30,9368420651085;31,5;19
4534;195;52;"11-100%";"Autres peuplements feuillus";1;21,4761906578427;21,6000003814697;21
4556;140;195,8580229192;"5-90%;1-10%";"Frenaie";1;20,9461540809044;20;13
4556;296;286,5774715443;"1-42%;15-39%";"Autres peuplements feuillus";1;28,40625;28;16
4556;300;142;"1-100%";"Chenaie";1;27,9523808615548;28,2000007629395;21
4556;317;242,3677651308;"1-71%;5-26%";"Chenaie";1;28,9562499523163;29,3999996185303;16
4556;319;237,8419412827;"1-84%;15-16%";"Chenaie";1;26,1562495231628;27,7999992370605;16
4578;201;280,3024989456;"1-99%;4-1%";"Chenaie";1;29,3388889100816;29,1000003814697;18
4578;202;261,9648758406;"1-100%";"Chenaie";1;30,6249998807907;30,8999996185303;16
4578;221;183,4380134496;"3-100%";"Hetraie";1;29,1812500953674;29,1000003814697;16
4578;223;206,6919371369;"1-77%;5-23%";"Chenaie";1;29,5000002384186;29,1000003814697;16
4578;262;347,9617602119;"3-58%;24-30%";"Hetraie";1;32,4444446563721;29,2000007629395;18
4578;283;203;"3-72%;26-27%";"Hetraie";1;30,7421052832352;31,2000007629395;19
4612;50;257,7365688045;"1-81%;5-19%";"Chenaie";1;32,7157893933748;31,6000003814697;19
4612;111;128,7405786416;"5-100%";"Frenaie";1;31,1230769524207;31,2999992370605;13
4612;112;104;"26-100%";"Autres peuplements feuillus";1;23,6111108991835;23,3999996185303;18
4612;129;213,7566285552;"4-52%;5-48%";"Erabliere";1;28,611764683443;28,5;17
4612;260;279,6311963263;"1-89%;4-11%";"Chenaie";1;31,8125;32,3999996185303;16
4634;138;83;"5-100%";"Frenaie";1;23,5937501192093;23,1000003814697;16
4634;139;218,3328250784;"1-63%;2-21%";"Chenaie";1;29,2562494277954;29,2999992370605;16
4656;117;245,4204513699;"5-78%;1-21%";"Frenaie";1;32,056249499321;32,7999992370605;16
4656;140;188,5928822352;"1-67%;5-26%";"Chenaie";1;23,3111109203762;24,5;18
4656;197;271,6512494728;"1-34%;2-28%";"Autres peuplements feuillus";1;31,9624998569489;32;16
4656;199;165,8812573186;"2-48%;5-29%";"Autres feuillus nobles";1;27,8428568158831;27,2999992370605;21
4656;319;177,3853272105;"1-41%;3-36%";"Autres feuillus nobles";1;26,412499666214;26,3999996185303;16
4678;20;215,8779330864;"1-45%;3-21%";"Autres peuplements feuillus";1;25,8749994039536;26,2999992370605;16
4678;40;225,7014446451;"1-100%";"Chenaie";1;26,1888887617323;25,2999992370605;18
4678;49;152,7892201463;"1-78%;14-22%";"Chenaie";1;26,5833339691162;26,7000007629395;18
4678;50;186,8339509042;"1-81%;11-19%";"Chenaie";1;26,4578944758365;26,8999996185303;19
4678;52;191;"1-100%";"Chenaie";1;26,8374996185303;26,7999992370605;16
4678;59;223,805591408;"1-71%;5-28%";"Chenaie";1;29,2800004959106;29,1000003814697;10
4678;94;206,5602710744;"5-54%;4-46%";"Frenaie";1;26,587500333786;26,6000003814697;16
4678;283;189,930953368;"1-100%";"Chenaie";1;30,0777782864041;28,7000007629395;18
4712;187;185,3028050993;"5-77%;4-23%";"Frenaie";1;25,1249997615814;25;16
4712;300;228,9898158576;"5-47%;15-31%";"Autres peuplements feuillus";1;23,1000003814697;23,1000003814697;2
4734;72;228,5602710744;"4-58%;1-41%";"Erabliere";1;27,4388892915514;28;18
4734;113;176,378580312;"5-100%";"Frenaie";1;24,162499666214;23,7999992370605;16
4734;115;132;"5-100%";"Frenaie";1;30,1777780320909;31,7000007629395;18
4734;211;57;"11-100%";"Autres peuplements feuillus";1;21,0666671329074;20,6500005722046;18
4734;231;283,6595094671;"3-100%";"Hetraie";1;35,9937505722046;37,2000007629395;16
4734;256;43;"14-100%";"Autres peuplements feuillus";1;28,8250005245209;29,7000007629395;16
4734;258;260;"3-47%;5-36%";"Autres feuillus nobles";1;27,9312505722046;26,1000003814697;16
4734;273;201;"3-79%;4-21%";"Hetraie";1;28,2250001430511;26,3999996185303;16
4734;275;215;"3-77%;1-23%";"Hetraie";1;31,7555551528931;31,3999996185303;18
4734;282;338,3553968724;"1-83%;7-17%";"Chenaie";1;28,6190479823521;28,5;21
4734;286;133;"4-74%;5-26%";"Erabliere";1;27,0789471676475;26,3999996185303;19
4734;289;60;"4-100%";"Erabliere";1;22,6000003814697;23,1000003814697;16
4734;290;193,4752455968;"1-70%;4-30%";"Chenaie";1;28,1500003814697;29,1000003814697;20
4734;305;271,15183799;"5-54%;1-25%";"Frenaie";1;29,7062495946884;29,8999996185303;16
4734;319;121;"14-71%;1-29%";"Autres peuplements feuillus";1;23,9937496185303;24,2999992370605;16
4756;40;213,837861651;"1-100%";"Chenaie";1;26,7999997668796;27;18
4756;44;359,7103769736;"15-55%;1-45%";"Autres peuplements feuillus";1;29,5937496423721;29,7999992370605;16
4756;63;221;"1-100%";"Chenaie";1;27,5437496900558;26,8999996185303;16
4756;75;226;"5-51%;3-42%";"Frenaie";1;31,124999165535;28,2999992370605;16
4756;82;279;"1-73%;7-26%";"Chenaie";1;27,1374998092651;26,5;16
4756;92;232,5995295344;"5-57%;4-27%";"Frenaie";1;34,1187505722046;34,2000007629395;16
4756;93;167,6946616764;"1-100%";"Chenaie";1;20,1944446563721;20,5;18
4756;102;212,8883667846;"1-55%;4-45%";"Chenaie";1;27,4380954560779;27,6000003814697;21
4756;120;198;"1-69%;14-25%";"Chenaie";1;24,8500003814697;25,6000003814697;16
4756;206;209,7365688045;"1-100%";"Chenaie";1;25,8350006103516;25,7000007629395;20
4756;227;199;"1-100%";"Chenaie";1;28,8125005960464;28,7000007629395;16
4756;244;143;"1-75%;11-25%";"Chenaie";1;20,65625;21;16
4778;6;281;"1-100%";"Chenaie";1;30,2071422849383;31,2999992370605;14
4778;13;224,744838723;"3-54%;1-46%";"Hetraie";1;32,562500834465;32,75;16
4778;14;226,8830509172;"3-54%;1-46%";"Hetraie";1;31,6874995231628;30,5;16
4778;16;260,648758406;"3-100%";"Hetraie";1;33,0687489509583;33,5999984741211;16
4778;21;41;"14-100%";"Autres peuplements feuillus";1;18,6400003433228;18,5;20
4778;32;216,8946275218;"1-80%;3-20%";"Chenaie";1;25,638888253106;26,2999992370605;18
4778;34;237,3723601126;"1-59%;3-41%";"Chenaie";1;32,7099994659424;32,5999984741211;20
4778;35;302,7877170704;"3-100%";"Hetraie";1;33,4761906578427;33,2000007629395;21
4778;48;141;"1-100%";"Chenaie";1;26,4749999046326;25,6000003814697;16
4778;52;193,5028642496;"3-85%;13-15%";"Hetraie";1;31,1500002543132;30,7000007629395;18
4778;64;230;"3-100%";"Hetraie";1;28,4999995984529;28,7999992370605;19
4778;65;109;"3-100%";"Hetraie";1;25,6124997138977;25,4499998092651;16
4778;104;206;"3-45%;1-29%";"Autres feuillus nobles";1;27,4549996376038;27,3999996185303;20
4778;111;199;"1-53%;3-47%";"Chenaie";1;33,4666665395101;33,0999984741211;18
4778;138;288;"1-78%;14-22%";"Chenaie";1;28,0875000953674;28,3500003814697;16
4778;178;60;"14-100%";"Autres peuplements feuillus";1;21,2312500476837;21,5;16
4778;180;190;"1-72%;3-28%";"Chenaie";1;24,5933330535889;24,8999996185303;15
4778;193;241,7892550436;"1-83%;3-17%";"Chenaie";1;26,7312498092651;27,3999996185303;16
4778;195;260,0340856165;"1-89%;3-11%";"Chenaie";1;23,6099999427795;23;20
4778;225;206,8204787568;"1-100%";"Chenaie";1;26,6375002861023;27,1000003814697;16
4778;234;282,7786467056;"1-100%";"Chenaie";1;24,2777778837416;24,1000003814697;18
4778;235;290,5588709217;"1-58%;4-28%";"Chenaie";1;28,5750002861023;28,1000003814697;12
4778;237;90;"3-100%";"Hetraie";1;24,6750000715256;24,5;16
4778;239;134;"1-100%";"Chenaie";1;19,6562504768372;19,2000007629395;16
4778;241;193,7405786416;"3-48%;1-40%";"Autres feuillus nobles";1;24,6222219467163;23,4499998092651;18
4778;253;42;"3-100%";"Hetraie";1;18,7999994754791;17,7999992370605;16
4778;256;167,6108679624;"5-100%";"Frenaie";1;27,4749999046326;26,5;16
4778;293;251;"1-96%;14-4%";"Chenaie";1;25,6933326721191;25,7999992370605;15
4778;294;45;"27-100%";"Autres peuplements feuillus";1;21,4846151792086;20,3999996185303;13
4778;298;204,920929002;"1-100%";"Chenaie";1;26,8105259945518;26,8999996185303;19
4778;309;226;"1-81%;3-19%";"Chenaie";1;26,493750333786;25,6000003814697;16
4778;313;240,1438217632;"1-84%;3-16%";"Chenaie";1;30,3374999761581;30,6000003814697;16
4778;314;191;"1-63%;3-37%";"Chenaie";1;26,1285713740758;26,25;14
4778;315;226,473137609;"1-100%";"Chenaie";1;27,033332824707;27,2999992370605;9
4812;4;279,6311963263;"1-100%";"Chenaie";1;25,6625001430511;24,8999996185303;16
4812;53;199,1205421488;"5-62%;1-38%";"Frenaie";1;22,1777781380547;21,7000007629395;18
4812;98;149,824379203;"1-85%;5-15%";"Chenaie";1;25,2000007629395;25,2000007629395;7
4812;170;145,987849463;"1-50%;41-49%";"Chenaie";1;26,1687502861023;26,6000003814697;16
4812;178;153;"1-100%";"Chenaie";1;26,1750005483627;25,7000007629395;16
4812;189;122,8879744336;"1-100%";"Chenaie";1;24,4375001192093;24,5;16
4812;190;106;"1-100%";"Chenaie";1;25,2444445292155;25,2999992370605;18
4812;195;229,541713592;"1-100%";"Chenaie";1;26,526316090634;26,2000007629395;19
4812;201;198,9388951456;"7-51%;4-49%";"Autres feuillus nobles";1;28,0777779685126;27,8000001907349;18
4812;209;163,8419412827;"1-100%";"Chenaie";1;23,0125000476837;23;16
4812;216;177,975698926;"1-72%;3-28%";"Chenaie";1;25,5062507390976;25,7000007629395;16
4812;232;212,258817243;"1-64%;3-24%";"Chenaie";1;28,6368418241802;29,2999992370605;19
4812;234;202,9652423478;"1-100%";"Chenaie";1;26,5428571246919;26,6000003814697;21
4812;251;60;"29-100%";"Autres peuplements feuillus";1;23,5833331214057;22,5;18
4812;270;67;"5-100%";"Frenaie";1;25,1625001430511;24,6000003814697;16
4812;290;222;"3-70%;1-30%";"Hetraie";1;24,3166661792331;25,2999992370605;18
4812;292;124;"11-53%;1-47%";"Autres peuplements feuillus";1;27,3250002861023;27,3000001907349;4
4834;50;93;"1-100%";"Chenaie";1;22,7187497615814;22,3999996185303;16
4834;53;170;"1-100%";"Chenaie";1;23,7944441901313;23,2999992370605;18
4834;72;47;"11-100%";"Autres peuplements feuillus";1;20,347619283767;19,2000007629395;21
4834;90;285,3516178164;"1-60%;3-40%";"Chenaie";1;31,8000009059906;32,4000015258789;16
4834;93;184,8865031557;"11-55%;1-39%";"Autres peuplements feuillus";1;28,7500004238553;28,7000007629395;18
4834;94;208,847237864;"1-99%;11-1%";"Chenaie";1;25,5312503576279;26,2000007629395;16
4834;100;88;"1-100%";"Chenaie";1;20,206249833107;20,5;16
4834;119;211,9313158674;"1-70%;5-17%";"Chenaie";1;23,7263158497057;24;19
4834;120;36;"5-100%";"Frenaie";1;19,683333184984;19,7999992370605;18
4834;166;261;"1-60%;3-40%";"Chenaie";1;25,59375;26;16
4834;168;170;"4-65%;13-35%";"Erabliere";1;22,8812494277954;23,7999992370605;16
4834;170;192;"1-100%";"Chenaie";1;25,2733332316081;25,3999996185303;15
4834;182;136,9762787006;"11-68%;1-32%";"Autres peuplements feuillus";1;17,4941172880285;17,7999992370605;17
4834;201;85;"11-100%";"Autres peuplements feuillus";1;23,2549998283386;23,8499994277954;20
4834;203;257,7985886032;"3-54%;1-46%";"Hetraie";1;26,6349997520447;27,1999998092651;20
4834;204;126;"5-100%";"Frenaie";1;29,4000006914139;30,7000007629395;16
4834;223;163;"1-72%;11-28%";"Chenaie";1;25,6250001192093;24,2000007629395;16
4834;224;241,7235748952;"3-100%";"Hetraie";1;33,841667175293;33,5;12
4834;273;172,6823854928;"1-54%;4-46%";"Chenaie";1;23,9777776930067;25;9
4834;299;185,8935889789;"5-54%;1-46%";"Frenaie";1;23,5619044530959;24,2999992370605;21
4856;3;202,9121896015;"1-73%;3-27%";"Chenaie";1;27,8777778413561;28,6000003814697;18
4856;8;266,7786012056;"1-100%";"Chenaie";1;22,5562497377396;21,8999996185303;16
4856;12;204,930953368;"1-100%";"Chenaie";1;27,5;27,5;16
4856;14;327,0661906172;"1-100%";"Chenaie";1;26,6124994754791;26,2999992370605;16
4856;22;220,9989614571;"1-62%;3-38%";"Chenaie";1;28,0333334604899;28,1000003814697;18
4856;27;190,592634304;"1-79%;44-20%";"Chenaie";1;24,1625000238419;24,1000003814697;16
4856;33;194,8068171233;"1-54%;41-46%";"Chenaie";1;32,1499993801117;32,0999994277954;16
4856;34;293,1406667503;"1-100%";"Chenaie";1;26,7666666242811;26,5;18
4856;44;249,6283663094;"1-100%";"Chenaie";1;25,706249833107;25,3999996185303;16
4856;51;163;"1-78%;3-22%";"Chenaie";1;23,4312497377396;22,7999992370605;16
4856;53;182,9920929002;"1-60%;3-40%";"Chenaie";1;29,0428570338658;25,7999992370605;21
4856;64;180,5322036688;"5-100%";"Frenaie";1;26,2555553648207;27,5;18
4856;73;237,8786954688;"1-100%";"Chenaie";1;25,9562497138977;25,5;16
4856;81;115;"7-100%";"Autres feuillus nobles";1;23,8999996185303;22,8999996185303;18
4856;82;154,623333353;"7-100%";"Autres feuillus nobles";1;26,8999998569489;28;16
4856;90;198,9813993774;"1-100%";"Chenaie";1;26,1333333333333;25,6000003814697;15
4856;103;203;"5-66%;1-24%";"Frenaie";1;25,8374996185303;25,3999996185303;16
4856;107;274,9648758406;"1-100%";"Chenaie";1;24,9400001525879;24,1000003814697;20
4856;110;194,5960721669;"1-100%";"Chenaie";1;28,0952384585426;28,2999992370605;21
4856;143;234;"3-78%;1-22%";"Hetraie";1;26,6562504768372;27,2000007629395;16
4856;204;231,8332062696;"1-100%";"Chenaie";1;29,8499997854233;29,7999992370605;16
4856;286;277,8033129062;"3-88%;5-12%";"Hetraie";1;31,161111301846;30,9000005722046;18
4878;16;232,671935501;"1-69%;7-17%";"Chenaie";1;26,4312506914139;26,7000007629395;16
4878;52;207;"5-87%;3-13%";"Frenaie";1;29,3722223705716;29,1000003814697;18
4878;72;246,7119017384;"1-78%;3-22%";"Chenaie";1;30,8187499046326;31,1000003814697;16
4878;73;283,1730944201;"3-99%;1-1%";"Hetraie";1;30,4875001907349;30,1000003814697;16
4878;74;202;"1-55%;11-45%";"Chenaie";1;29,6111110051473;29,5;18
4878;84;176,8865031557;"1-100%";"Chenaie";1;27,1374999284744;27,3999996185303;16
4878;234;387,411927464;"3-45%;5-33%";"Autres feuillus nobles";1;35,7999992370605;35,7999992370605;7
4878;314;47;"3-100%";"Hetraie";1;22,3250000476837;22,5;16
4878;319;198,9694475728;"3-100%";"Hetraie";1;32,0375003814697;30,7999992370605;16
4912;13;226,8298922432;"1-100%";"Chenaie";1;28,3499994277954;28,7999992370605;16
4912;16;88;"5-99%;11-1%";"Frenaie";1;28,2285720280239;28,7000007629395;14
4912;59;179,7716929639;"5-78%;1-22%";"Frenaie";1;28,4333329730564;27,7999992370605;18
4912;88;277,7657647248;"3-79%;41-21%";"Hetraie";1;30,2812502384186;31,6000003814697;16
4912;96;248,707627293;"1-100%";"Chenaie";1;28,8374999761581;29,1000003814697;16
4912;107;84;"4-100%";"Erabliere";1;21,5277773539225;20,3999996185303;18
4912;126;215;"5-61%;7-36%";"Frenaie";1;28,91428565979;28,8999996185303;21
4912;129;253,616257535;"1-77%;11-23%";"Chenaie";1;24,4333328670926;24,2999992370605;18
4912;130;202,7190067248;"3-68%;1-32%";"Hetraie";1;24,2333335876465;24,6000003814697;18
4912;132;195,6311963263;"1-79%;11-21%";"Chenaie";1;25,073684190449;25;19
4912;140;213,644180509;"1-100%";"Chenaie";1;27,7875002622604;28,1000003814697;16
4912;147;327,4758995194;"3-60%;41-22%";"Hetraie";1;32,3499997854233;34,2999992370605;16
4912;152;135;"1-100%";"Chenaie";1;24,8062496185303;24,3999996185303;16
4912;159;260;"3-64%;1-36%";"Hetraie";1;31,2562495470047;31,2999992370605;16
4912;181;197;"1-100%";"Chenaie";1;23,8333334392971;24,1500005722046;18
4912;183;196;"4-45%;3-33%";"Autres feuillus nobles";1;33,087500333786;33,7999992370605;16
4912;185;79;"1-100%";"Chenaie";1;22,1444449954563;21,2000007629395;18
4912;235;225;"1-100%";"Chenaie";1;28,4000000953674;28,8000001907349;16
4912;251;206;"1-57%;5-43%";"Chenaie";1;23,9437506198883;24,2000007629395;16
4912;280;187;"1-94%;10-6%";"Chenaie";1;20,8647059272317;19,5;17
4912;281;196,9111510586;"1-99%;11-1%";"Chenaie";1;26,1666673024495;25,7000007629395;15
4912;282;252,2379497597;"3-61%;52-24%";"Hetraie";1;26,3333338631524;26,7000007629395;18
4934;58;43;"11-100%";"Autres peuplements feuillus";1;19,5944445927938;19,2999992370605;18
4934;62;164,6663204857;"1-100%";"Chenaie";1;22,9388892915514;22,7000007629395;18
4934;138;199,930953368;"1-73%;3-27%";"Chenaie";1;22,0157893331427;21,7000007629395;19
4934;139;136;"1-100%";"Chenaie";1;20,6000003814697;20,1000003814697;16
4934;140;218;"3-57%;4-26%";"Hetraie";1;28,1500000953674;28,7000007629395;16
4934;197;205;"1-55%;13-45%";"Chenaie";1;27,2999997668796;27,3999996185303;18
4934;211;62;"1-100%";"Chenaie";1;24,4124997854233;24,3999996185303;16
4934;214;175,9927808264;"3-86%;13-14%";"Hetraie";1;27,1312506198883;27,2000007629395;16
4934;232;216;"1-56%;3-44%";"Chenaie";1;29,5999997456868;29,1999998092651;18
4934;248;249,7786012056;"3-100%";"Hetraie";1;30,1937499046326;31;16
4934;252;166,842043019;"3-70%;1-30%";"Hetraie";1;33,2374994754791;35,2999992370605;16
4934;263;186;"1-100%";"Chenaie";1;23,7499996423721;23,2999992370605;16
4934;264;102;"11-100%";"Autres peuplements feuillus";1;22,277777671814;22,25;18
4934;265;187,7657647248;"1-67%;3-33%";"Chenaie";1;25,044443766276;24,7999992370605;18
4934;267;174;"1-100%";"Chenaie";1;26,8374997377396;27,0999994277954;16
4934;271;153,9694475728;"3-55%;1-45%";"Hetraie";1;25,6166667938232;24,75;18
4934;286;206,5959940776;"3-51%;45-40%";"Hetraie";1;28,6750001907349;29,1000003814697;16
4934;298;228,9951872176;"3-71%;1-29%";"Hetraie";1;31,1937500238419;31,8999996185303;16
4934;309;140;"3-83%;1-17%";"Hetraie";1;23,90625;23,5;16
4956;50;221,946841326;"1-100%";"Chenaie";1;27,4166663487752;27,75;18
4956;101;165;"14-100%";"Autres peuplements feuillus";1;27,9923081031212;27,7000007629395;13
4956;104;216;"1-52%;3-48%";"Chenaie";1;29,3888886769613;30,7999992370605;18
4956;124;197;"1-100%";"Chenaie";1;28,9499995708466;28,7999992370605;16
4956;220;175,6537391584;"3-57%;1-43%";"Hetraie";1;28,5857147035145;28,2000007629395;21
4956;232;203;"1-100%";"Chenaie";1;29,3571434020996;29,2000007629395;21
4956;241;207,96430052;"1-60%;41-25%";"Chenaie";1;20,9611107508341;19,7999992370605;18
4956;272;180;"1-100%";"Chenaie";1;25,164999961853;24,7999992370605;20
4956;279;104;"11-100%";"Autres peuplements feuillus";1;22,0777774386936;22,2999992370605;18
4956;280;161;"3-100%";"Hetraie";1;24,7578949175383;23,7000007629395;19
4956;289;139,9297516812;"1-74%;3-26%";"Chenaie";1;25,6777776082357;25,5;18
4956;293;294;"3-62%;1-38%";"Hetraie";1;31,2250002622604;30,7000007629395;16
4978;23;205;"1-100%";"Chenaie";1;27,2749993801117;27,7999992370605;16
4978;40;167,9415254586;"3-100%";"Hetraie";1;31,5882352941176;31,3999996185303;17
4978;48;209,8324438872;"3-48%;1-32%";"Autres feuillus nobles";1;23,7666665031796;23,5;21
4978;50;155,8332062696;"1-100%";"Chenaie";1;22,2722223069933;21,7000007629395;18
4978;61;198;"4-100%";"Erabliere";1;34,106251001358;33,9000015258789;16
4978;62;154;"1-100%";"Chenaie";1;29,1388891008165;30,5500001907349;18
4978;65;132,9840523978;"1-100%";"Chenaie";1;21,3750003576279;21,2000007629395;16
4978;81;195;"1-66%;3-34%";"Chenaie";1;21,0499999523163;20,3999996185303;16
4978;82;192,744838723;"1-100%";"Chenaie";1;22,1562495231628;23,2999992370605;16
4978;92;203;"1-63%;3-37%";"Chenaie";1;25,5937504768372;25,6000003814697;16
4978;104;265;"3-89%;1-11%";"Hetraie";1;27,7749996185303;28,3999996185303;16
4978;105;171;"1-58%;3-42%";"Chenaie";1;24,5555555555556;25,7000007629395;18
4978;123;152;"1-63%;11-26%";"Chenaie";1;25,7571430206299;24,2000007629395;21
4978;128;166;"1-100%";"Chenaie";1;27,8500001695421;27,3000001907349;18
4978;130;97;"3-100%";"Hetraie";1;22,671428771246;23,2000007629395;21
4978;168;158,8370537216;"1-86%;11-14%";"Chenaie";1;24,7249999046326;24,7999992370605;16
4978;189;176;"3-55%;1-45%";"Hetraie";1;28,5874997377396;28,2999992370605;16
4978;213;160;"1-85%;14-15%";"Chenaie";1;20,022221883138;18,8999996185303;18
4978;232;173;"14-100%";"Autres peuplements feuillus";1;25,3615380800687;24,8999996185303;13
4978;256;184;"3-100%";"Hetraie";1;28,9714279174805;29,2999992370605;7
4978;260;167,9796317152;"1-100%";"Chenaie";1;25,9250005483627;26,1500005722046;16
4978;279;64;"1-100%";"Chenaie";1;25,1761902400426;26,1000003814697;21
4978;288;128;"1-100%";"Chenaie";1;21,037499666214;21,1499996185303;16
4978;298;127,9841858004;"1-100%";"Chenaie";1;23,9666666454739;24,1000003814697;18
4978;314;163;"3-82%;1-18%";"Hetraie";1;24,8238094874791;25;21
5012;21;175;"1-75%;3-25%";"Chenaie";1;25,193749666214;25,2999992370605;16
5012;53;164,675723302;"1-53%;3-47%";"Chenaie";1;22,2999996609158;21,3999996185303;18
5012;63;140;"1-100%";"Chenaie";1;23,4937497377396;24,2999992370605;16
5012;123;140;"3-75%;41-25%";"Hetraie";1;27,75;26,6000003814697;18
5012;126;204;"1-65%;3-35%";"Chenaie";1;29,6125004291534;29,5;16
5012;220;48;"11-100%";"Autres peuplements feuillus";1;18,9187500476837;18,1000003814697;16
5012;294;261,0758114107;"3-100%";"Hetraie";1;23,6812498569489;22,7999992370605;16
5034;21;320,7944154052;"3-82%;43-17%";"Hetraie";1;24,393749833107;23,7999992370605;16
5034;51;301,2570097464;"3-98%;41-2%";"Hetraie";1;20,7809518178304;20,2999992370605;21
5034;94;46;"11-100%";"Autres peuplements feuillus";1;18,900000333786;18,6000003814697;16
5034;171;216,8298922432;"3-100%";"Hetraie";1;25,8150003433228;26,2000007629395;20
5034;210;78;"11-100%";"Autres peuplements feuillus";1;24,5187501907349;25,6000003814697;16
5034;214;96;"11-100%";"Autres peuplements feuillus";1;18,5812501907349;17;16
5034;251;209,516673576;"3-76%;41-24%";"Hetraie";1;22,5052634791324;22,7000007629395;19
5034;274;42;"13-100%";"Autres peuplements feuillus";1;19,5812497735023;20,3999996185303;16
5034;291;246,611182816;"3-100%";"Hetraie";1;27,7199998855591;27,5;20
5034;292;200,6332051494;"3-100%";"Hetraie";1;23,1666670905219;20,7000007629395;18
5034;293;160;"3-100%";"Hetraie";1;21,8684213537919;17,7000007629395;19
5034;299;185,2542963744;"1-47%;11-29%";"Autres peuplements feuillus";1;22,4277780320909;22,8999996185303;18
5056;58;208;"1-100%";"Chenaie";1;25,4789476896587;25,6000003814697;19
5056;213;225,920261989;"3-85%;1-15%";"Hetraie";1;23,5444446139865;23,6000003814697;18
5056;277;64;"13-100%";"Autres peuplements feuillus";1;26,7578945159912;30,5;19
5065;24;205,8938585352;"3-100%";"Hetraie";1;23,3437498807907;22,6000003814697;16
5078;152;158,9893682652;"3-51%;41-49%";"Hetraie";1;29,3222223917643;29,3999996185303;18
5078;178;196,687742004;"3-100%";"Hetraie";1;25,1750001907349;25,1999998092651;16
5078;200;208,5946541275;"1-78%;3-22%";"Chenaie";1;26,5333332485623;26;18
5078;219;207,9592634304;"3-75%;1-15%";"Hetraie";1;23,6000003814697;23,6000003814697;5
5078;279;234,9681047956;"3-100%";"Hetraie";1;22,538888613383;19,8499994277954;18
5078;280;76;"3-100%";"Hetraie";1;25,0833332273695;25;18
5078;299;74;"3-100%";"Hetraie";1;21,2523810977028;19,5;21
5078;307;83;"3-100%";"Hetraie";1;22,3437498807907;22,1499996185303;16
5112;105;100;"5-99%;13-1%";"Frenaie";1;25,5000003178914;25,1500005722046;18
5112;107;131,2799547323;"11-59%;17-41%";"Autres peuplements feuillus";1;24,7687504291534;23,7000007629395;16
5112;301;251,6663204857;"5-71%;1-29%";"Frenaie";1;30,737499833107;30,6000003814697;16
5112;302;277,8935889789;"1-45%;5-44%";"Autres feuillus nobles";1;28,9947370228014;28,6000003814697;19
5112;304;63;"27-100%";"Autres peuplements feuillus";1;21,8095236278716;22;21
5134;6;305,2536174312;"1-82%;3-18%";"Chenaie";1;29,0062507390976;32,5;16
5212;49;247,088709725;"15-44%;11-21%";"Autres peuplements feuillus";1;28,7571434747605;28,2000007629395;21
5212;50;185,8893006028;"1-100%";"Chenaie";1;27,1888889736599;27,2000007629395;18
5212;77;253,4541296096;"1-50%;15-49%";"Chenaie";1;28,543750166893;28;16
5212;121;185,9121896015;"5-100%";"Frenaie";1;29,9052625957288;29,7999992370605;19
5212;122;78;"11-100%";"Autres peuplements feuillus";1;21,118750333786;20,7000007629395;16
5212;140;182;"5-69%;7-18%";"Frenaie";1;25,9285712469192;24,8999996185303;21
5212;141;226,772554004;"5-53%;1-28%";"Frenaie";1;28,4687502384186;28,5;16
5212;142;175,5960721669;"5-56%;4-25%";"Frenaie";1;28,6062505245209;28,5;16
5212;145;181,8770654421;"1-55%;5-44%";"Chenaie";1;22,5874998569489;22;16
5212;181;54;"25-100%";"Autres peuplements feuillus";1;27,1749997138977;26,5999994277954;16
5212;182;252,2769258896;"1-79%;44-21%";"Chenaie";1;28,1666671207973;27,6000003814697;21
5212;190;57;"11-100%";"Autres peuplements feuillus";1;27,2549993515015;27,3999996185303;20
5212;204;234,8938585352;"24-71%;1-29%";"Autres peuplements feuillus";1;31,0999999046326;31,25;16
5212;210;283,1009482694;"1-68%;44-32%";"Chenaie";1;27,6380949474516;27,5;21
5212;211;109;"1-100%";"Chenaie";1;20,6833332909478;20,3999996185303;18
5212;212;146,930953368;"1-100%";"Chenaie";1;20,5874998569489;20,6999998092651;16
5212;221;228,9033347152;"3-100%";"Hetraie";1;29,2000007629395;29,2000007629395;5
5212;222;251,2266836136;"1-99%;44-1%";"Chenaie";1;27,331249833107;27,3999996185303;16
5212;225;192;"3-49%;15-28%";"Autres peuplements feuillus";1;30,1312503814697;30,1000003814697;16
5212;232;266,5960721669;"1-82%;2-18%";"Chenaie";1;27,3111108144124;27,7999992370605;18
5212;241;150,8595033624;"1-100%";"Chenaie";1;29,0473676982679;28;19
5212;281;168;"1-99%;3-1%";"Chenaie";1;25,6210524910375;25;19
5212;283;140,7716929639;"5-36%;4-35%";"Autres feuillus nobles";1;25,8333332273695;26;18
5212;290;175,9683716008;"1-100%";"Chenaie";1;23,9444445504083;23,8999996185303;18
5212;291;31;"11-100%";"Autres peuplements feuillus";1;17,7062494754791;16,8999996185303;16
5212;304;212;"1-100%";"Chenaie";1;23,3722223705716;23,8999996185303;18
5212;305;157,9545108008;"1-74%;3-26%";"Chenaie";1;28,3999998569489;29,3999996185303;16
5212;307;265,8540754859;"1-100%";"Chenaie";1;30,6999998092651;31,8999996185303;16
5212;311;263,6125521098;"1-100%";"Chenaie";1;22,5076917501596;22,7999992370605;13
5234;4;193;"1-100%";"Chenaie";1;24,9812494516373;25,2999992370605;16
5234;21;221,5602710744;"1-99%;11-1%";"Chenaie";1;25,4187494516373;25,7999992370605;16
5234;25;228;"1-68%;3-32%";"Chenaie";1;26,1000003814697;26,5;18
5234;41;228;"1-80%;3-20%";"Chenaie";1;23,4176474178539;23,1000003814697;17
5234;42;238;"1-100%";"Chenaie";1;25,2499998807907;25;16
5234;43;114;"1-100%";"Chenaie";1;22,8555560641819;22,2000007629395;18
5234;44;212,7405786416;"5-61%;4-26%";"Frenaie";1;31,5437499284744;30,8999996185303;16
5234;105;278,4000881087;"1-100%";"Chenaie";1;28,5380952017648;28,3999996185303;21
5234;107;190,393477344;"1-100%";"Chenaie";1;22,331249833107;23,3999996185303;16
5234;126;211;"1-100%";"Chenaie";1;24,2000003390842;24,2000007629395;18
5234;134;195;"1-100%";"Chenaie";1;26,3062499761581;26,5499992370605;16
5234;142;205;"1-85%;11-15%";"Chenaie";1;25,8952379680815;25,6000003814697;21
5234;143;178,745551397;"1-100%";"Chenaie";1;21,9874997138977;22;16
5234;147;202;"1-100%";"Chenaie";1;25,4499995708466;25,3499994277954;16
5234;149;171,5960721669;"1-100%";"Chenaie";1;24,9875004291534;24,9000005722046;16
5234;166;80;"11-100%";"Autres peuplements feuillus";1;21,0375001430511;21,0500001907349;16
5234;176;71;"11-100%";"Autres peuplements feuillus";1;18,2250003814697;13,6000003814697;16
5234;182;291,6380378684;"3-64%;1-22%";"Hetraie";1;27,7888893551297;27,1000003814697;18
5234;183;221,9545108008;"1-51%;3-49%";"Chenaie";1;30,2750002145767;30,3500003814697;16
5234;184;215,1241637536;"1-78%;11-22%";"Chenaie";1;26,6833333969116;27;18
5234;185;140,8770654421;"1-78%;4-22%";"Chenaie";1;25,2750000953674;25,1000003814697;16
5234;195;284;"3-43%;5-38%";"Autres feuillus nobles";1;29,1999997033013;29,8999996185303;18
5234;204;206;"1-66%;4-19%";"Chenaie";1;29,5812505483627;27,7000007629395;16
5234;224;157,8054339812;"4-100%";"Erabliere";1;25,7562503814697;25,8999996185303;16
5234;225;107;"7-100%";"Autres feuillus nobles";1;23,2437500953674;23,1000003814697;16
5234;231;214,648758406;"1-99%;11-1%";"Chenaie";1;27,6312503814697;28,2000007629395;16
5234;232;191,473137609;"5-81%;4-19%";"Frenaie";1;29,238889058431;29,6000003814697;18
5234;242;248,189308255;"1-99%;4-1%";"Chenaie";1;27,2562499046326;27,5;16
5234;243;262,419412827;"1-100%";"Chenaie";1;29,4388886557685;29,7999992370605;18
5234;244;199,4028892902;"4-57%;5-43%";"Erabliere";1;26,8250005245209;26,2000007629395;16
5234;261;183,8595033624;"1-100%";"Chenaie";1;23,3600001017253;23,6000003814697;15
5234;301;252,9171440416;"1-100%";"Chenaie";1;28,356249332428;28,7999992370605;16
5256;42;40;"1-100%";"Chenaie";1;18,5;18,5;2
5256;62;197,7270648048;"5-68%;4-31%";"Frenaie";1;28,5812499523163;28,5;16
5256;63;218,2541635946;"1-58%;3-42%";"Chenaie";1;25,4812499284744;25,5;16
5256;81;233;"1-73%;3-27%";"Chenaie";1;28,5722228156196;28,2000007629395;18
5256;159;257,5853623428;"3-84%;1-16%";"Hetraie";1;25,9874995946884;25,8999996185303;16
5256;190;157,9297516812;"11-100%";"Autres peuplements feuillus";1;27,206249833107;27,8999996185303;16
5256;201;170,9831552616;"5-51%;4-31%";"Frenaie";1;27,9588230357451;27,2999992370605;17
5256;202;254,5247853052;"1-62%;2-21%";"Chenaie";1;25,5562499761581;25,2999992370605;16
5256;222;225,3853272105;"1-81%;4-19%";"Chenaie";1;28,2555551528931;29,7999992370605;18
5256;223;88;"3-100%";"Hetraie";1;25,0437496900558;25,2999992370605;16
5256;242;183,7892550436;"15-50%;1-29%";"Autres peuplements feuillus";1;27,9312493801117;27,6499996185303;16
5256;243;213,8068171233;"1-100%";"Chenaie";1;26,299999833107;26,5;16
5256;244;254,9919191728;"1-73%;25-27%";"Chenaie";1;23,1888893975152;22,2000007629395;9
5256;286;260,8233406601;"1-58%;5-42%";"Chenaie";1;25,6777777141995;25,75;18
5256;290;51;"3-100%";"Hetraie";1;19,5222222010295;19,1999998092651;18
5278;10;189,8134043578;"1-100%";"Chenaie";1;23,6062504053116;23,2000007629395;16
5278;52;202;"1-100%";"Chenaie";1;28,0500002966987;28,2000007629395;18
5278;56;265,0867718556;"1-100%";"Chenaie";1;24,0944443808662;24,5500001907349;18
5278;98;261,5082617684;"1-99%;15-1%";"Chenaie";1;24,868750333786;24,6000003814697;16
5278;107;252,8595033624;"1-84%;7-16%";"Chenaie";1;28,3499997456868;28,5;18
5278;122;185,5785100872;"5-59%;4-41%";"Frenaie";1;30,1055550045437;30,5499992370605;18
5278;139;251,960464501;"1-89%;44-11%";"Chenaie";1;27,7058826895321;27,5;17
5278;159;132,861906736;"4-100%";"Erabliere";1;23,3625001907349;24;16
5278;178;160,7365688045;"1-100%";"Chenaie";1;23,5312502384186;22,7000007629395;16
5278;180;181,6270817973;"5-82%;1-18%";"Frenaie";1;27,974999666214;28,7999992370605;16
5278;239;237,3923896384;"1-100%";"Chenaie";1;24,3750002384186;24,1000003814697;16
5278;258;213,9696738672;"1-100%";"Chenaie";1;26,456249833107;26,6000003814697;16
5278;260;192,9297516812;"1-100%";"Chenaie";1;27,4062496423721;27,3999996185303;16
5278;282;246;"1-100%";"Chenaie";1;27,349999666214;29,2999992370605;16
5278;283;213,963548389;"1-100%";"Chenaie";1;25,6411766725428;25,6000003814697;17
5278;302;234,7243648067;"1-100%";"Chenaie";1;27,3624992370605;27,2999992370605;8
5278;304;44;"1-100%";"Chenaie";1;15,9562500119209;15,3999996185303;16
5278;307;251,4973711181;"1-79%;11-21%";"Chenaie";1;26,8312505483627;26,7000007629395;16
5278;311;201,772554004;"1-100%";"Chenaie";1;27,2750006914139;27,2000007629395;16
5312;4;89;"3-100%";"Hetraie";1;22,0625;22,5;16
5312;18;213,9308937238;"1-68%;3-32%";"Chenaie";1;24,8125002384186;24,6000003814697;16
5312;20;200,7190067248;"1-100%";"Chenaie";1;23,2874999046326;23,5;16
5312;21;185,842043019;"1-100%";"Chenaie";1;25,7999992370605;25,7999992370605;1
5312;22;246,3326409714;"1-100%";"Chenaie";1;24,905263398823;24,7000007629395;19
5312;30;253;"1-54%;3-46%";"Chenaie";1;27,3944449954563;27,2000007629395;18
5312;31;233,7716929639;"1-100%";"Chenaie";1;26,4187502861023;26,7000007629395;16
5312;42;260;"1-100%";"Chenaie";1;26,7499995231628;27,2999992370605;16
5312;43;304,0165235368;"1-69%;24-31%";"Chenaie";1;29,2944445080227;30,2000007629395;18
5312;44;335,5599094646;"1-100%";"Chenaie";1;24,7999999523163;23;16
5312;48;250,2217359248;"1-100%";"Chenaie";1;26,9750006198883;28,2000007629395;16
5312;54;250,9796317152;"1-100%";"Chenaie";1;27,1562492847443;27,2999992370605;16
5312;60;278,5905972072;"1-95%;14-5%";"Chenaie";1;28,2624998092651;27,8999996185303;16
5312;63;78;"3-100%";"Hetraie";1;21,2187494039536;20,2999992370605;16
5312;64;276,8700548752;"1-100%";"Chenaie";1;24,3055555555556;24,2999992370605;18
5312;65;255,8883667846;"1-100%";"Chenaie";1;27,4874994754791;28,2999992370605;16
5312;72;56;"1-100%";"Chenaie";1;18,7523814610073;17,7000007629395;21
5312;73;180,4752455968;"3-100%";"Hetraie";1;28,9312498569489;28,4499998092651;16
5312;74;53;"1-100%";"Chenaie";1;18,2250001430511;16,6000003814697;16
5312;84;190,9848369336;"1-100%";"Chenaie";1;25,299999833107;25,8999996185303;16
5312;86;88;"3-100%";"Hetraie";1;22,0812497735023;22,8499994277954;16
5312;104;228;"1-100%";"Chenaie";1;28,2222222222222;28,2000007629395;18
5312;123;217;"1-100%";"Chenaie";1;27,0549997329712;25,7999992370605;20
5312;124;249;"1-49%;4-47%";"Autres feuillus nobles";1;25,3125;25,5;16
5312;140;203,4380134496;"1-99%;11-1%";"Chenaie";1;26,1375002861023;26;16
5312;144;163;"1-100%";"Chenaie";1;30,1812499761581;30,8999996185303;16
5312;145;265,121896015;"1-99%;11-1%";"Chenaie";1;27,1125000715256;26,9000005722046;16
5312;185;214,9133699168;"1-79%;11-21%";"Chenaie";1;23,7941177592558;23,5;17
5312;204;73;"11-100%";"Autres peuplements feuillus";1;27,4937502145767;26,6000003814697;16
5312;220;227,3190189342;"1-85%;5-15%";"Chenaie";1;24,4749997854233;24,3999996185303;16
5312;256;212,473137609;"1-100%";"Chenaie";1;24,0562493801117;23,7999992370605;16
5334;8;229;"5-60%;1-40%";"Frenaie";1;32,4624997377396;34;16
5334;58;240,4811572832;"1-99%;4-1%";"Chenaie";1;22,6937502622604;22,7000007629395;16
5334;59;159,9297516812;"4-50%;53-26%";"Erabliere";1;26,5722226036919;26,6000003814697;18
5334;73;245,8086287736;"1-100%";"Chenaie";1;22,9500000476837;22,6000003814697;16
5334;83;160;"1-100%";"Chenaie";1;20,9874997138977;22,25;16
5334;88;234,7153444072;"5-66%;1-34%";"Frenaie";1;30,0874996185303;30,5;16
5334;90;199,62092334;"1-79%;4-21%";"Chenaie";1;23,3124995231628;23,5;16
5334;100;222;"3-68%;1-22%";"Hetraie";1;21,4812505245209;20,6000003814697;16
5334;101;260;"1-50%;3-50%";"Chenaie";1;26,4842102653102;26,8999996185303;19
5334;103;194;"1-51%;15-49%";"Chenaie";1;29,0749994516373;28,8499994277954;16
5334;104;194,3853272105;"1-100%";"Chenaie";1;24,0949999809265;24,6000003814697;20
5334;105;161;"1-100%";"Chenaie";1;27,1809526171003;27,6000003814697;21
5334;121;228;"3-61%;4-39%";"Hetraie";1;34,3166676627265;34,9000015258789;18
5334;122;138;"1-100%";"Chenaie";1;22,6578947368421;21,8999996185303;19
5334;123;252;"3-78%;41-22%";"Hetraie";1;30,4700003623962;31,2000007629395;20
5334;129;108;"3-100%";"Hetraie";1;28,1352945215562;25,8999996185303;17
5334;153;205;"1-100%";"Chenaie";1;24,3625004291534;24,6000003814697;16
5334;154;225;"1-100%";"Chenaie";1;29,0055554707845;28,8999996185303;18
5334;162;89;"1-100%";"Chenaie";1;22,1937502622604;21,1000003814697;16
5334;168;173;"1-100%";"Chenaie";1;22,2749997377396;22,3999996185303;16
5334;187;61;"11-100%";"Autres peuplements feuillus";1;22,1055555343628;21,7999992370605;18
5334;192;189;"1-62%;7-22%";"Chenaie";1;26,1111106872559;26,2999992370605;18
5334;194;195,4086404104;"5-77%;1-22%";"Frenaie";1;24,5549999237061;24,5;20
5334;202;241,5587830058;"1-100%";"Chenaie";1;22,724999666214;21,7999992370605;16
5334;239;187;"1-49%;7-33%";"Autres feuillus nobles";1;28,7749993801117;29,2999992370605;16
5334;246;238;"1-100%";"Chenaie";1;26,6187505722046;25,7000007629395;16
5334;252;186;"1-100%";"Chenaie";1;25,7125002145767;26,1000003814697;16
5334;270;227,9946841326;"1-100%";"Chenaie";1;25,5555556615194;26;18
5334;272;130;"1-100%";"Chenaie";1;19,4647064208984;19,2000007629395;17
5334;279;256,1990590688;"1-100%";"Chenaie";1;24,7111109627618;24,3999996185303;18
5334;307;227,7541308842;"3-61%;1-39%";"Hetraie";1;28,2437497377396;28,2999992370605;16
5356;6;213,1043339353;"5-58%;1-42%";"Frenaie";1;25,2062500715256;25;16
5356;41;208,8332062696;"1-78%;4-22%";"Chenaie";1;25,9611111746894;26,1000003814697;18
5356;94;253,5905972072;"1-67%;4-17%";"Chenaie";1;25,2375003099442;25,9499998092651;16
5356;102;212,9824379203;"1-100%";"Chenaie";1;26,1388887829251;26;18
5356;114;100;"3-100%";"Hetraie";1;23,8999995181435;24;19
5356;115;149,7376227984;"11-79%;1-21%";"Autres peuplements feuillus";1;28,7687500715256;28,7000007629395;16
5356;117;147,8770654421;"1-49%;11-26%";"Autres peuplements feuillus";1;25,3333336512248;25,7000007629395;18
5356;124;299,7625146372;"3-75%;1-15%";"Hetraie";1;26,775000333786;26,7000007629395;16
5356;133;297;"1-100%";"Chenaie";1;26,1166667938232;26,6000003814697;6
5356;136;374,1568805852;"3-87%;4-7%";"Hetraie";1;28,0124995708466;27;16
5356;153;105;"1-100%";"Chenaie";1;23,112499833107;22,7999992370605;16
5356;154;210,648758406;"1-92%;13-8%";"Chenaie";1;23,924999833107;24,8000001907349;16
5356;155;77;"1-100%";"Chenaie";1;18,9374997615814;19;16
5356;159;141,9171440416;"1-87%;14-13%";"Chenaie";1;21,1249998807907;21;16
5356;193;280,930953368;"1-100%";"Chenaie";1;27,1750004291534;27,1000003814697;16
5356;203;273,1921443338;"1-100%";"Chenaie";1;26,9166668785943;27,1000003814697;18
5356;204;272,067021789;"1-69%;14-17%";"Chenaie";1;25,3124994039536;25,2999992370605;16
5356;218;202,9830367598;"1-100%";"Chenaie";1;22,7499993642171;23,7999992370605;18
5356;225;256,4811572832;"1-77%;2-22%";"Chenaie";1;25,1750001907349;26;16
5356;237;257;"1-100%";"Chenaie";1;25,7124997377396;25,7999992370605;16
5356;253;290,6679018084;"3-89%;1-11%";"Hetraie";1;29,6714290437244;29,7000007629395;21
5356;277;203,8777902912;"1-69%;11-21%";"Chenaie";1;22,2500004768372;22,2000007629395;16
5356;279;171,854193556;"1-100%";"Chenaie";1;16,8249998092651;17;16
5356;294;203,5609480075;"1-100%";"Chenaie";1;27,1062498092651;26,8999996185303;16
5356;296;185,9585720208;"1-100%";"Chenaie";1;25,0111111534966;25,1000003814697;18
5356;298;252,4385959142;"1-100%";"Chenaie";1;23,9944442113241;24,6999998092651;18
5356;299;141,7270648048;"1-100%";"Chenaie";1;18,2874999046326;18,1999998092651;16
5356;317;96;"1-100%";"Chenaie";1;24,6750001907349;25,6000003814697;16
5378;18;139;"7-89%;1-11%";"Autres feuillus nobles";1;25,5375001430511;25,7999992370605;16
5378;32;251;"3-43%;5-43%";"Autres feuillus nobles";1;30,6111107932197;31,1000003814697;18
5378;35;184,8511557128;"1-81%;5-19%";"Chenaie";1;25,9166665607029;26;18
5378;37;172;"1-100%";"Chenaie";1;23,8500001907349;24,1000003814697;20
5378;39;93;"1-100%";"Chenaie";1;21,8799995422363;19,7999992370605;20
5378;54;71;"14-100%";"Autres peuplements feuillus";1;25,8533327738444;25,7000007629395;15
5378;58;391;"1-100%";"Chenaie";1;21,8444445927938;22,1000003814697;18
5378;59;127;"4-87%;29-13%";"Erabliere";1;24,1874996423721;24,2999992370605;16
5378;62;240;"1-100%";"Chenaie";1;25,200000166893;25,1000003814697;16
5378;79;130;"1-100%";"Chenaie";1;20,2999997138977;19,5;16
5378;82;216;"1-100%";"Chenaie";1;24,8374999761581;24,8999996185303;16
5378;83;216;"1-100%";"Chenaie";1;30,7263167531867;32,9000015258789;19
5378;84;282,7288907626;"1-100%";"Chenaie";1;30,4363633936102;30,2999992370605;11
5378;88;299;"1-65%;3-35%";"Chenaie";1;29,3749998807907;29,3999996185303;16
5378;100;57;"14-100%";"Autres peuplements feuillus";1;18,1562497615814;18;16
5378;105;287,317662012;"1-100%";"Chenaie";1;26,6764705882353;25;17
5378;147;261,793440871;"1-100%";"Chenaie";1;24,4666664123535;25,2999992370605;15
5378;159;197;"1-47%;14-29%";"Autres peuplements feuillus";1;27,6000001430511;29,3999996185303;16
5378;170;181,987849463;"1-70%;4-30%";"Chenaie";1;24,1124994754791;24,2999992370605;16
5378;172;120;"1-69%;3-31%";"Chenaie";1;21,2937504053116;21,7000007629395;16
5378;210;159;"1-100%";"Chenaie";1;22,0375003814697;21,2000007629395;16
5378;256;119;"5-100%";"Frenaie";1;30,7000002861023;31,3500003814697;16
5378;280;174;"1-100%";"Chenaie";1;31,3777769936456;31,2999992370605;18
5378;296;70;"1-100%";"Chenaie";1;16,716666592492;18;18
5378;299;221;"1-100%";"Chenaie";1;17,3444451226128;17,2000007629395;18
5378;311;197;"1-100%";"Chenaie";1;28,3374997377396;28,6000003814697;16
5378;319;155;"1-79%;4-21%";"Chenaie";1;26,4874999523163;26,3499994277954;16
5412;11;93;"14-100%";"Autres peuplements feuillus";1;20,9777774810791;18,6499996185303;18
5412;73;165;"5-59%;1-28%";"Frenaie";1;20,6312506198883;21,1000003814697;16
5412;132;193;"1-100%";"Chenaie";1;22,2833330366347;21,7999992370605;18
5412;303;81;"3-100%";"Hetraie";1;25,7538463885968;28,2000007629395;13
5434;1;221,9696738672;"1-100%";"Chenaie";1;28,4250004291534;28,2000007629395;16
5434;3;249,8865031557;"1-56%;3-44%";"Chenaie";1;29;29;18
5434;10;258,4811572832;"3-61%;1-39%";"Hetraie";1;29,7437500953674;30,1000003814697;16
5434;18;227;"3-53%;1-47%";"Hetraie";1;30,2625004053116;30,2000007629395;16
5434;59;91;"5-100%";"Frenaie";1;26,5777776506212;27;18
5434;74;232,4238034768;"1-100%";"Chenaie";1;25,233333269755;24,5;18
5434;77;132,8635324024;"1-69%;5-31%";"Chenaie";1;21,1750005483627;20,9000005722046;16
5434;92;141,321470392;"4-61%;11-39%";"Erabliere";1;25,9999998807907;24,3999996185303;16
5434;130;229;"1-87%;3-13%";"Chenaie";1;27,0523806980678;27;21
5434;194;184,7730063114;"1-90%;3-10%";"Chenaie";1;21,7166670693292;21,2000007629395;18
5434;244;157;"1-100%";"Chenaie";1;28,8625003099442;26,3999996185303;16
5434;283;213;"1-100%";"Chenaie";1;25,3714288984026;25,5;21
5434;313;205,8982205588;"1-100%";"Chenaie";1;23,7124998569489;23,7000007629395;16
5434;314;251,39247315;"1-100%";"Chenaie";1;22,355555428399;25;18
5456;13;67;"27-100%";"Autres peuplements feuillus";1;20,7166665395101;18,8999996185303;18
5456;22;234,920261989;"1-100%";"Chenaie";1;27,5714291163853;27,1000003814697;21
5456;52;123;"17-64%;1-36%";"Erabliere";1;16,9166667196486;18,5;18
5456;72;256;"1-100%";"Chenaie";1;25,019048055013;25,2000007629395;21
5456;75;236,949079288;"1-100%";"Chenaie";1;26,625;26,6000003814697;16
5456;77;215;"1-72%;5-28%";"Chenaie";1;27,6750001907349;28,25;16
5456;112;246,4200082912;"1-78%;15-22%";"Chenaie";1;27,746666208903;27,7999992370605;15
5456;133;127;"5-100%";"Frenaie";1;27,2461543449989;25,7000007629395;13
5456;136;237,1990590688;"1-100%";"Chenaie";1;27,4624998569489;27,2999992370605;16
5456;138;72;"3-100%";"Hetraie";1;20,3300001144409;21,5;20
5456;152;199;"1-82%;5-18%";"Chenaie";1;29,9263161107113;29,7000007629395;19
5456;157;251;"1-100%";"Chenaie";1;25,3230768350454;25,3999996185303;13
5456;176;227,9946841326;"1-100%";"Chenaie";1;26,7250003814697;25,5;16
5456;200;232;"1-100%";"Chenaie";1;22,0249996185303;22,1499996185303;16
5456;212;243,73420663;"1-100%";"Chenaie";1;25,4722225401137;26,1000003814697;18
5456;218;277,9840523978;"1-69%;3-31%";"Chenaie";1;25,3124998807907;25,1999998092651;16
5456;220;236,9096302542;"1-100%";"Chenaie";1;22,022221883138;21,7999992370605;18
5456;232;172;"1-100%";"Chenaie";1;22,639999961853;22,3999996185303;20
5456;239;179,7555805824;"1-100%";"Chenaie";1;20,6812496185303;20,7999992370605;16
5456;248;172,960464501;"1-100%";"Chenaie";1;26,4625002145767;27,1000003814697;16
5456;252;230;"1-100%";"Chenaie";1;27,3625004291534;27,2000007629395;16
5456;282;235;"1-68%;3-32%";"Chenaie";1;29,4888886345757;31,1000003814697;18
5456;283;209,8054339812;"1-99%;41-1%";"Chenaie";1;25,0000000908261;25,5;21
5456;286;230;"1-100%";"Chenaie";1;24,7750005722046;25,2000007629395;20
5456;293;159,8895253888;"1-100%";"Chenaie";1;21,3111114501953;22;18
5456;299;159,8028801368;"1-100%";"Chenaie";1;20,8374998569489;21;16
5456;305;189,7311586068;"1-100%";"Chenaie";1;22,3437502384186;22,3999996185303;16
5478;4;83;"5-100%";"Frenaie";1;19,3624995946884;18,8999996185303;16
5478;10;193;"1-95%;14-5%";"Chenaie";1;23,6062500476837;23,3999996185303;16
5478;11;233;"1-100%";"Chenaie";1;24,2105259142424;24;19
5478;20;187,9189308255;"1-76%;41-24%";"Chenaie";1;25,125;24,7000007629395;16
5478;25;165,6866793731;"1-55%;4-45%";"Chenaie";1;22,7666668362088;19;18
5478;30;84;"1-100%";"Chenaie";1;17,1333331153506;16,8999996185303;21
5478;53;198,8268695792;"1-100%";"Chenaie";1;22,8733336130778;22,8999996185303;15
5478;54;145,8946275218;"1-100%";"Chenaie";1;21,875;21,7999992370605;16
5478;60;139;"5-36%;14-31%";"Autres peuplements feuillus";1;25,1857140858968;24,2999992370605;21
5478;122;224;"1-100%";"Chenaie";1;22,9944449530707;22,7000007629395;18
5478;180;156;"1-100%";"Chenaie";1;24,9062502384186;25;16
5478;203;193,9824379203;"1-100%";"Chenaie";1;22,4052624953421;22,3999996185303;19
5478;222;41;"25-100%";"Autres peuplements feuillus";1;17,6888885498047;17,7999992370605;18
5478;241;185,6271481872;"1-100%";"Chenaie";1;19,857142947969;20;21
5478;242;204,9989614571;"1-100%";"Chenaie";1;22,5062503814697;22,6000003814697;16
5478;243;177,5080660342;"1-100%";"Chenaie";1;22,6833333969116;23;18
5478;244;232,7839623825;"1-100%";"Chenaie";1;23;22,6000003814697;16
5478;260;179,9830367598;"3-55%;1-45%";"Hetraie";1;26,09375;26,5;16
5478;262;128;"1-100%";"Chenaie";1;22,4000001271566;22,1000003814697;15
5478;263;168,8419412827;"1-100%";"Chenaie";1;23,5249996185303;23,3999996185303;16
5478;275;218,9189308255;"1-50%;3-50%";"Chenaie";1;29,9062497615814;30;16
5478;280;51;"11-100%";"Autres peuplements feuillus";1;29,7277783287896;30,0000009536743;18
5478;283;221,3787673136;"1-59%;32-24%";"Chenaie";1;24,461111386617;24,9000005722046;18
5478;284;85;"11-100%";"Autres peuplements feuillus";1;23,2625005245209;23,5;16
5478;301;215,4204513699;"1-100%";"Chenaie";1;26,8750002384186;27;16
5478;302;233,5754341408;"1-100%";"Chenaie";1;25,9055561489529;25,7000007629395;18
5478;303;145,924184668;"1-100%";"Chenaie";1;22,9624996185303;23;16
5478;304;205,824379203;"1-100%";"Chenaie";1;23,7999998728434;25,5;18
5478;307;202;"1-100%";"Chenaie";1;26,2142859867641;26,5;14
5478;313;131;"3-100%";"Hetraie";1;23,9187496900558;24,7999992370605;16
5512;10;165,9648758406;"1-100%";"Chenaie";1;23,5312495231628;23,8999996185303;16
5512;11;215,8419412827;"1-100%";"Chenaie";1;24,4166667726305;24,8999996185303;18
5512;12;184,9297516812;"1-100%";"Chenaie";1;21,9199996948242;21,9499998092651;10
5512;13;186,5082617684;"1-100%";"Chenaie";1;23,6789477498908;23,7999992370605;19
5512;14;224,5419925146;"1-100%";"Chenaie";1;24,1937501430511;23,7000007629395;16
5512;31;229,0692097759;"1-100%";"Chenaie";1;23,6055560641819;23,7000007629395;18
5512;32;223,7892550436;"1-100%";"Chenaie";1;23,3833334181044;23,7000007629395;18
5512;33;195,9189308255;"1-100%";"Chenaie";1;21,6624997854233;21,3999996185303;16
5512;34;147,9696738672;"1-99%;13-1%";"Chenaie";1;22,8444439570109;22,5999994277954;18
5512;77;149,8068171233;"1-100%";"Chenaie";1;22,8687498569489;22,3999996185303;16
5512;93;216,8982205588;"1-70%;3-30%";"Chenaie";1;24,5142858596075;25,1000003814697;21
5512;94;170,9521571934;"1-55%;7-25%";"Chenaie";1;24,0099994659424;23,7999992370605;10
5512;100;139;"1-100%";"Chenaie";1;22,1749997138977;22,3999996185303;16
5512;141;214;"1-59%;5-27%";"Chenaie";1;27,3062493801117;27,2999992370605;16
5512;152;68;"3-100%";"Hetraie";1;28,2000001271566;28,1000003814697;18
5512;170;150;"11-43%;1-32%";"Autres peuplements feuillus";1;23,3625001907349;23,3000001907349;16
5512;171;184,867103315;"1-74%;3-26%";"Chenaie";1;24,9222219255235;25,2999992370605;18
5512;174;200;"1-100%";"Chenaie";1;25,6769231649546;25,6000003814697;13
5512;181;56;"14-100%";"Autres peuplements feuillus";1;21,762500166893;20,75;16
5512;201;138;"1-100%";"Chenaie";1;24,5947369023373;24,8999996185303;19
5512;254;45;"11-100%";"Autres peuplements feuillus";1;19,3812502622604;18,6000003814697;16
5512;289;158;"3-84%;1-16%";"Hetraie";1;26,368420450311;26,7999992370605;19
5512;291;65;"11-100%";"Autres peuplements feuillus";1;NA;NA;0
5512;294;210;"3-81%;1-19%";"Hetraie";1;32,8499994277954;33;16
5512;315;89;"11-100%";"Autres peuplements feuillus";1;23,4249994754791;23,4499998092651;16
5534;104;84;"1-100%";"Chenaie";1;20,4055554601881;21;18
5534;142;92;"1-100%";"Chenaie";1;21,3999999818348;21,3999996185303;21
5534;225;103;"1-100%";"Chenaie";1;22,6000002080744;23,7000007629395;11
5534;301;146;"1-100%";"Chenaie";1;25,6562498807907;26,3999996185303;16
5556;10;190,8642940784;"3-99%;1-1%";"Hetraie";1;27,4250003099442;28,1000003814697;16
5556;12;235,5784402926;"3-82%;1-18%";"Hetraie";1;27,7000000476837;27,2999992370605;16
5556;13;46;"3-100%";"Hetraie";1;18,1249998807907;19,1000003814697;16
5556;29;242;"3-100%";"Hetraie";1;29,1111113230387;29;18
5556;30;227,647634427;"3-79%;1-21%";"Hetraie";1;28,3949997901917;28,0499992370605;20
5556;31;216,63548389;"3-100%";"Hetraie";1;27,9062495231628;28,2999992370605;16
5556;32;171,8676061488;"3-64%;1-36%";"Hetraie";1;26,2555557886759;26,1000003814697;18
5556;35;185;"1-61%;3-39%";"Chenaie";1;23,5500004026625;23,6000003814697;18
5556;43;104;"1-100%";"Chenaie";1;19,3875000476837;19,5;16
5556;48;210,3631512112;"3-100%";"Hetraie";1;24,5777776506212;23;18
5556;84;206,9302146552;"3-100%";"Hetraie";1;25,9999995231628;25,9499998092651;16
5556;100;195;"1-100%";"Chenaie";1;26,2666664123535;25,5;15
5556;102;185;"1-100%";"Chenaie";1;26,2523808252244;27,2999992370605;21
5556;182;42;"11-100%";"Autres peuplements feuillus";1;22,1187496185303;22,2999992370605;16
5556;183;221,8065012944;"3-100%";"Hetraie";1;26,2124998569489;25,8999996185303;16
5556;185;139,9920929002;"1-54%;3-46%";"Chenaie";1;25,1550004959106;25;20
5556;192;185;"3-55%;1-45%";"Hetraie";1;26,6749992370605;26,5499992370605;16
5556;194;150,9525574012;"1-100%";"Chenaie";1;26,9380952744257;26,8999996185303;21
5556;199;100;"1-100%";"Chenaie";1;23,2055555979411;22,3999996185303;18
5556;202;189,8260438044;"1-77%;3-23%";"Chenaie";1;28,988889058431;29,7000007629395;18
5556;203;70;"11-100%";"Autres peuplements feuillus";1;23,8105257937783;23,8999996185303;19
5556;204;62;"1-100%";"Chenaie";1;21,9124994277954;21,2999992370605;16
5556;206;199,744838723;"1-99%;3-1%";"Chenaie";1;25,2210525713469;25,6000003814697;19
5556;213;164;"1-50%;45-50%";"Chenaie";1;18,5999997456868;15,8999996185303;9
5556;218;158;"3-100%";"Hetraie";1;30,2352941176471;30,5;17
5556;219;239,973420663;"3-100%";"Hetraie";1;27,9111109839545;28,2999992370605;18
5556;220;176;"1-76%;3-24%";"Chenaie";1;26,966667175293;26,5;18
5556;222;222,9946841326;"3-43%;1-29%";"Autres feuillus nobles";1;27,3277778625488;27,7000007629395;18
5556;224;178,8972077026;"1-100%";"Chenaie";1;25,4900001525879;24,6000003814697;20
5556;235;211;"3-100%";"Hetraie";1;28,9062497615814;29,3999996185303;16
5556;237;223;"3-100%";"Hetraie";1;27,0124995708466;27,2999992370605;16
5556;239;203;"1-100%";"Chenaie";1;27,7062503099442;27,7000007629395;16
5556;242;48;"11-100%";"Autres peuplements feuillus";1;18,6624999046326;18,6499996185303;16
5556;254;148;"1-100%";"Chenaie";1;24,6499997377396;24,7999992370605;16
5556;256;222,9975936088;"3-76%;1-24%";"Hetraie";1;29,8500000238419;29,1000003814697;16
5556;289;192,8339509042;"1-100%";"Chenaie";1;23,2736840499075;22,8999996185303;19
5578;8;35;"11-100%";"Autres peuplements feuillus";1;23,231249332428;23,2999992370605;16
5578;14;150;"3-100%";"Hetraie";1;30,5692310333252;31;13
5578;16;252,770654421;"3-100%";"Hetraie";1;23,9249999523163;25,4499998092651;16
5578;31;196,6270817973;"3-100%";"Hetraie";1;26,4380955469041;27,1000003814697;21
5578;39;219,331720465;"3-71%;41-29%";"Hetraie";1;25,484210365697;24,2999992370605;19
5578;58;172,9189308255;"3-100%";"Hetraie";1;27,2722227308485;27,6500005722046;18
5578;79;235,8895253888;"3-100%";"Hetraie";1;27,0624998807907;30,2999992370605;16
5578;94;243,86277002;"1-100%";"Chenaie";1;27,9187495708466;27,8999996185303;16
5578;100;244,5518977344;"3-100%";"Hetraie";1;29,0500001907349;29,2999992370605;16
5578;159;225;"3-100%";"Hetraie";1;NA;NA;0
5612;3;126;"1-71%;11-29%";"Chenaie";1;29,444444126553;29,2999992370605;18
5612;136;187,6595094671;"3-76%;45-24%";"Hetraie";1;29,6526310569362;29,7999992370605;19
5612;154;176,9027169906;"1-56%;3-44%";"Chenaie";1;29,2428567068917;29,5;21
5612;190;126,5719108816;"11-100%";"Autres peuplements feuillus";1;24,8333333333333;24,4499998092651;18
5612;284;80;"3-100%";"Hetraie";1;NA;NA;0
5612;302;195,8676061488;"3-92%;41-8%";"Hetraie";1;20,1187504529953;19,7000007629395;16
5612;303;221;"3-100%";"Hetraie";1;19,763635635376;20,2999992370605;11
5612;309;199,7270648048;"3-75%;1-25%";"Hetraie";1;26,4625000953674;25;16
5634;115;176;"3-100%";"Hetraie";1;25,5900005340576;24,7000007629395;20
5634;134;62;"3-100%";"Hetraie";1;15,7375000715256;15,1000003814697;16
5634;155;130;"3-64%;1-36%";"Hetraie";1;21,6312502622604;23,2000007629395;16
5634;208;169;"3-100%";"Hetraie";1;27,4375;27,8999996185303;16
5634;234;151,987849463;"3-100%";"Hetraie";1;27,033332824707;27,3999996185303;18
5634;261;138;"3-100%";"Hetraie";1;24,7714282444545;25,8999996185303;21
5656;21;81;"1-100%";"Chenaie";1;19,91428565979;20,5;21
5656;319;75;"3-100%";"Hetraie";1;23,4875001907349;24,2000007629395;16
5678;29;106;"11-99%;1-1%";"Autres peuplements feuillus";1;27,3300000190735;28;20
5678;67;94;"1-100%";"Chenaie";1;21,599999666214;22;16
5678;90;124,9545108008;"1-100%";"Chenaie";1;22,068750500679;21,7000007629395;16
5678;93;135;"3-72%;1-28%";"Hetraie";1;NA;NA;0
5678;100;101;"1-100%";"Chenaie";1;24,9187504053116;23,2000007629395;16
5712;90;157,924184668;"3-100%";"Hetraie";1;24,4624996185303;24,7999992370605;16
5712;91;239,63548389;"1-100%";"Chenaie";1;24,8444443808662;25;18
5712;92;274,7515347127;"1-100%";"Chenaie";1;25,5125002861023;26,7000007629395;16
5712;93;191,9513584953;"1-100%";"Chenaie";1;24,8333331214057;24,6999998092651;18
5712;111;154,87849463;"4-51%;3-49%";"Erabliere";1;24,4571431023734;24,1999998092651;14
5712;112;235,6664125392;"1-100%";"Chenaie";1;24,8894735637464;25,2000007629395;19
5712;113;224,2536174312;"3-63%;1-37%";"Hetraie";1;24,2249999046326;24,3999996185303;16
5712;133;188,9903744352;"1-100%";"Chenaie";1;24,693749666214;23,3999996185303;16
5712;134;183;"1-100%";"Chenaie";1;24,8500002622604;25,1000003814697;16
5712;142;93;"1-100%";"Chenaie";1;22,5444448259142;23,1000003814697;18
5712;143;217;"1-100%";"Chenaie";1;20,9875001907349;21;16
5712;151;278,6136342466;"1-89%;3-10%";"Chenaie";1;25,9125002622604;25,7000007629395;16
5712;152;256,8508037456;"1-83%;2-17%";"Chenaie";1;25,5352940278895;24,5;17
5712;153;305,4204513699;"1-92%;4-8%";"Chenaie";1;26,1499998569489;27;16
5712;163;210,837861651;"1-99%;4-1%";"Chenaie";1;25,0944441689385;25,1000003814697;18
5712;172;241;"1-96%;7-4%";"Chenaie";1;24,7266661326091;23,8999996185303;15
5712;173;179;"1-100%";"Chenaie";1;21,7499998807907;21,5;16
5712;174;190,9574730608;"1-100%";"Chenaie";1;23,8000004291534;23,5;16
5712;185;223,9491102794;"1-81%;4-14%";"Chenaie";1;22,6666665758405;22,7000007629395;21
5712;187;303,15183799;"1-56%;5-26%";"Chenaie";1;28,6250002384186;29,1000003814697;16
5712;191;215,8216478161;"1-52%;3-48%";"Chenaie";1;23,893749833107;24,5;16
5712;209;234,0758114107;"1-78%;4-14%";"Chenaie";1;24,9941179612104;25,3999996185303;17
5712;210;178,9189308255;"1-54%;14-24%";"Chenaie";1;24,3312494754791;24,2999992370605;16
5712;211;204,2097064135;"1-99%;5-1%";"Chenaie";1;26,4285721551804;24,2000007629395;21
5712;212;42;"3-100%";"Hetraie";1;21,575000166893;22,2000007629395;16
5712;225;94;"1-100%";"Chenaie";1;27,7999999523163;27,2999992370605;16
5712;227;244,4973711181;"1-77%;4-23%";"Chenaie";1;24,537500500679;25,1000003814697;16
5712;229;209,5423473849;"1-100%";"Chenaie";1;19,362499833107;20;16
5712;233;197,769139797;"1-100%";"Chenaie";1;22,6750000715256;22,6000003814697;16
5712;248;200,8180432032;"1-100%";"Chenaie";1;24,7437502145767;24,7000007629395;16
5712;269;219,745551397;"1-57%;3-43%";"Chenaie";1;25,8562504053116;25,5;16
5712;270;191,1539403214;"1-63%;14-37%";"Chenaie";1;22,09375;22,1000003814697;16
5712;271;224,3352327691;"1-100%";"Chenaie";1;25,1187504529953;26,2000007629395;16
5712;275;177,792860104;"1-100%";"Chenaie";1;23,5666661792331;24,2999992370605;18
5712;280;201,3853272105;"1-78%;13-22%";"Chenaie";1;27,0333333545261;27,5;18
5712;296;238,4238034768;"1-100%";"Chenaie";1;25,237500667572;25,25;16
5712;298;181,5622264577;"1-91%;14-9%";"Chenaie";1;23,3124997615814;23,5;16
5712;299;229,5602710744;"1-100%";"Chenaie";1;25,0722226036919;25,6000003814697;18
5712;300;241,9298868966;"1-100%";"Chenaie";1;25,1250004768372;25,3500003814697;16
5712;305;222,8216478161;"1-76%;3-24%";"Chenaie";1;25,3624997138977;25,2000007629395;16
5712;312;176,8204787568;"1-100%";"Chenaie";1;22,2249999046326;22,1499996185303;16
5712;313;205,4402130734;"1-100%";"Chenaie";1;21,9687497615814;21,8999996185303;16
5712;314;174,9033347152;"1-100%";"Chenaie";1;23,0549994468689;22,7999992370605;20
5712;319;238,8635324024;"1-90%;11-10%";"Chenaie";1;24,6124999523163;25,1000003814697;16
5734;1;285,1849332986;"1-93%;13-7%";"Chenaie";1;24,2666670481364;24,1000003814697;9
5734;2;215,8480974096;"1-100%";"Chenaie";1;23,8499999046326;24;16
5734;13;170,9189308255;"1-100%";"Chenaie";1;23,1578950380024;23,3999996185303;19
5734;14;158,7243648067;"1-100%";"Chenaie";1;25,0687499046326;24,8999996185303;16
5734;18;82;"3-100%";"Hetraie";1;24,0250005722046;23,9500007629395;16
5734;20;213,2097064135;"1-100%";"Chenaie";1;24,1125001907349;24,1000003814697;16
5734;21;53;"11-100%";"Autres peuplements feuillus";1;20,0187505483627;19,7000007629395;16
5734;22;251,924184668;"1-100%";"Chenaie";1;24,7050000190735;24,5;20
5734;52;201;"1-100%";"Chenaie";1;21,9000004529953;22,1000003814697;16
5734;59;196,7081509718;"1-100%";"Chenaie";1;25,466667175293;25,2000007629395;18
5734;74;156,8938585352;"1-100%";"Chenaie";1;23,6857143583752;23,3999996185303;21
5734;90;249;"1-100%";"Chenaie";1;24,1562497615814;23,7999992370605;16
5734;91;232,5082617684;"1-100%";"Chenaie";1;24,7833336724175;26,1000003814697;18
5734;94;215,24184668;"25-58%;1-42%";"Autres peuplements feuillus";1;27,1812499761581;28,1000003814697;16
5734;98;162,9675723302;"1-100%";"Chenaie";1;24,8187497854233;24,6000003814697;16
5734;104;215,8812453919;"1-52%;18-24%";"Chenaie";1;26,0999999799226;25,8999996185303;19
5734;105;228;"3-42%;1-39%";"Autres feuillus nobles";1;26,4315790879099;26,6000003814697;19
5734;113;236,3479881448;"1-70%;11-16%";"Chenaie";1;25,1142861502511;24,7000007629395;7
5734;114;200;"1-51%;13-49%";"Chenaie";1;21,1187500953674;20,5;16
5734;115;162;"1-100%";"Chenaie";1;25,1625003814697;26,1000003814697;16
5734;117;181,6133388608;"1-100%";"Chenaie";1;23,7249999046326;23,75;16
5734;119;184,9121896015;"1-100%";"Chenaie";1;21,8500003814697;21,7000007629395;16
5734;131;202,9648758406;"1-100%";"Chenaie";1;24,8111111323039;25,3999996185303;18
5734;132;257,9083427184;"1-100%";"Chenaie";1;25,9375;25,7000007629395;16
5734;133;151,8054339812;"1-100%";"Chenaie";1;23,7523810068766;23,1000003814697;21
5734;134;145,8972077026;"1-100%";"Chenaie";1;22,4800000508626;22,2000007629395;15
5734;136;178,9393477344;"1-100%";"Chenaie";1;23,6833338207669;23,6000003814697;18
5734;139;159,9681047956;"1-100%";"Chenaie";1;23,5222217771742;23,7999992370605;18
5734;140;187,9181826992;"1-91%;14-9%";"Chenaie";1;23,5500001907349;23,5500001907349;16
5734;145;196;"3-57%;1-43%";"Hetraie";1;23,8312497138977;22,8999996185303;16
5734;151;187,939247315;"1-37%;3-35%";"Autres feuillus nobles";1;28,6749999523163;28,5500001907349;16
5734;152;254,027169906;"3-57%;1-43%";"Hetraie";1;28,9944442113241;28,3999996185303;18
5734;153;222,9096302542;"1-70%;3-30%";"Chenaie";1;25,3249998092651;25,5;16
5734;154;163,829892482;"1-78%;7-22%";"Chenaie";1;22,0166662004259;22,3999996185303;18
5734;157;170,8734864032;"1-100%";"Chenaie";1;24,2375003099442;24,1000003814697;16
5734;168;297,0500585488;"1-100%";"Chenaie";1;26,9624997377396;26,8999996185303;16
5734;170;187,8972077026;"1-82%;3-18%";"Chenaie";1;26,7937507629395;26,2000007629395;16
5734;171;237,5581015552;"3-100%";"Hetraie";1;27,5095242999849;27,7000007629395;21
5734;172;159,7148440128;"1-100%";"Chenaie";1;23,5249996185303;23,3999996185303;16
5734;173;202;"1-100%";"Chenaie";1;26,9941177368164;26,7000007629395;17
5734;174;163;"1-100%";"Chenaie";1;25,2249999046326;25,0500001907349;16
5734;176;138,9592634304;"1-100%";"Chenaie";1;22,300000667572;22,2000007629395;16
5734;180;154,9189308255;"1-100%";"Chenaie";1;21,9125003814697;21,7000007629395;16
5734;189;170,9848369336;"1-100%";"Chenaie";1;26,6749992370605;26,7999992370605;16
5734;190;171,951397852;"1-75%;5-25%";"Chenaie";1;24,9333337148031;25;18
5734;191;151;"1-77%;3-23%";"Chenaie";1;25,0000004768372;25;16
5734;192;175,898158576;"1-53%;4-26%";"Chenaie";1;24,1055553224352;23,7999992370605;18
5734;193;195,8342880832;"1-100%";"Chenaie";1;26,8250002861023;26,5500001907349;16
5734;194;207,62092334;"1-75%;5-25%";"Chenaie";1;28,6470584869385;29;17
5734;197;174,9149461216;"1-100%";"Chenaie";1;22,3249998092651;22,4499998092651;16
5734;209;202,9189308255;"1-84%;5-16%";"Chenaie";1;23,4277780320909;23,6000003814697;18
5734;210;178;"1-100%";"Chenaie";1;24,7749998569489;24,9499998092651;16
5734;211;169,5433859278;"1-77%;3-23%";"Chenaie";1;24,8692304171049;24,8999996185303;13
5734;213;195;"3-75%;29-17%";"Hetraie";1;25,388235316557;26,2000007629395;17
5734;214;166,5299449416;"1-100%";"Chenaie";1;20,7124998569489;20,6000003814697;16
5734;216;154,792860104;"1-100%";"Chenaie";1;24,8111109203762;25;18
5734;227;273,7541308842;"1-100%";"Chenaie";1;20,4124999046326;21,0500001907349;16
5734;229;175,9513584953;"1-100%";"Chenaie";1;23,5124998092651;23,8000001907349;16
5734;232;203,3647709856;"1-100%";"Chenaie";1;27,5349997520447;27,8999996185303;20
5734;233;185,7541308842;"1-100%";"Chenaie";1;16,2499997615814;16,1999998092651;16
5734;234;149,987849463;"1-100%";"Chenaie";1;25,1421053033126;25,3999996185303;19
5734;237;179,720537649;"1-100%";"Chenaie";1;23,1312501430511;23,2999992370605;16
5734;239;156;"1-100%";"Chenaie";1;20,4124995470047;20,3999996185303;16
5734;248;197,8938585352;"1-100%";"Chenaie";1;23,0750002861023;23;16
5734;250;231,893682652;"1-100%";"Chenaie";1;22,1375000476837;22,25;16
5734;251;214,8260438044;"1-100%";"Chenaie";1;25,3500001430511;25,6000003814697;16
5734;252;166,75698926;"1-100%";"Chenaie";1;21,7249999046326;21,5;16
5734;254;163,8216478161;"1-100%";"Chenaie";1;22,1624999046326;22,1999998092651;16
5734;256;169,924184668;"1-100%";"Chenaie";1;23,7124998569489;23,75;16
5734;260;146,8938585352;"1-100%";"Chenaie";1;22,1375000476837;22,1000003814697;16
5734;269;161,829892482;"1-100%";"Chenaie";1;23,1562501192093;23,5;16
5734;275;180,8770654421;"1-100%";"Chenaie";1;24,6650001525879;25;20
5734;299;145,9521571934;"1-100%";"Chenaie";1;23,0714286622547;22,1000003814697;21
5734;300;188,416774224;"1-100%";"Chenaie";1;23,7875000238419;24;16
5734;309;209,7081509718;"1-100%";"Chenaie";1;22,1500000953674;22,75;16
5734;312;124,8166854368;"1-100%";"Chenaie";1;20,3388884862264;20,2999992370605;18
5734;314;185,9837861651;"1-99%;41-1%";"Chenaie";1;23,0000003178914;23,5;12
5734;317;151,723813472;"1-100%";"Chenaie";1;22,0875000953674;22;16
5756;79;123,3723601126;"14-60%;11-40%";"Autres peuplements feuillus";1;23,1749995946884;23;16
5756;157;371,6327801046;"1-100%";"Chenaie";1;27,2181821302934;29,5;11
5756;176;93;"3-100%";"Hetraie";1;23,8375004529953;24,2000007629395;16
5756;178;248,2623926526;"1-96%;11-4%";"Chenaie";1;23,0499999523163;22;16
5756;180;152,8419412827;"14-45%;11-29%";"Autres peuplements feuillus";1;24,9250000715256;24,7000007629395;16
5756;184;183,8595033624;"1-94%;13-6%";"Chenaie";1;24,0555555555556;23,75;18
5756;199;268;"1-100%";"Chenaie";1;24,7312495708466;24,8999996185303;16
5756;200;203,9297516812;"1-83%;41-17%";"Chenaie";1;27,5249997377396;27,8499994277954;16
5756;204;207,6946616764;"1-100%";"Chenaie";1;25,2937502861023;25,2000007629395;16
5756;206;222,7270648048;"1-100%";"Chenaie";1;26,3999996185303;26,8999996185303;18
5756;219;248,4110441798;"3-69%;1-30%";"Hetraie";1;26,2611111534966;26,8000001907349;18
5756;222;137,8972077026;"1-100%";"Chenaie";1;24,355555958218;24,2000007629395;18
5756;224;131,8054339812;"11-100%";"Autres peuplements feuillus";1;24,6764709248262;24,1000003814697;17
5756;225;241,6108679624;"1-100%";"Chenaie";1;24,2999997138977;24,0999994277954;16
5756;241;174,924184668;"1-100%";"Chenaie";1;25,5571431659517;25,6000003814697;21
5756;242;232,6842915856;"1-45%;5-34%";"Autres feuillus nobles";1;25,7250003814697;25,6000003814697;16
5756;243;237;"1-100%";"Chenaie";1;25,099999666214;25,7999992370605;16
5756;244;38;"13-100%";"Autres peuplements feuillus";1;23,2249999046326;23,75;16
5756;260;251,5569686939;"1-100%";"Chenaie";1;24,6124995946884;24,7999992370605;16
5756;262;223,7129431604;"1-58%;4-42%";"Chenaie";1;26,5777782864041;26,9500007629395;18
5756;263;228,5581015552;"1-54%;4-46%";"Chenaie";1;25,4249999523163;25,7999992370605;16
5756;264;84;"1-100%";"Chenaie";1;20,9571426028297;19,7999992370605;21
5756;265;228,3838742738;"1-100%";"Chenaie";1;24,3619044167655;24,2999992370605;21
5756;281;229,75698926;"1-95%;14-5%";"Chenaie";1;23,6000003814697;24,7000007629395;18
5756;284;228,87849463;"1-100%";"Chenaie";1;24,556250333786;24,2000007629395;16
5756;286;215,6409575136;"1-100%";"Chenaie";1;25,5611108144124;25,2999992370605;18
5756;299;150,9824379203;"1-56%;4-44%";"Chenaie";1;22,3666662640042;21,7999992370605;18
5756;300;217,9824379203;"1-73%;3-27%";"Chenaie";1;26,7312496900558;26,9499998092651;16
5756;301;242,9491102794;"1-94%;3-6%";"Chenaie";1;26,3250005245209;26,6500005722046;16
5756;302;216,7625146372;"1-100%";"Chenaie";1;24,4722225401137;24,2000007629395;18
5756;303;121,648758406;"5-68%;4-32%";"Frenaie";1;22,462500333786;22,5500001907349;16
5756;305;272,3853272105;"1-100%";"Chenaie";1;24,4750001430511;24,4000005722046;16
5756;307;210,8216478161;"1-100%";"Chenaie";1;27,2307696709266;28,1000003814697;13
5756;317;214,9085571344;"1-48%;3-44%";"Autres feuillus nobles";1;26,3249998092651;26,8999996185303;16
5756;319;192,805591408;"1-69%;3-30%";"Chenaie";1;23,4937500953674;23,3000001907349;16
5778;1;165,8180432032;"1-100%";"Chenaie";1;25,1900001525879;25,3000001907349;20
5778;2;239,2703774295;"1-100%";"Chenaie";1;26,6749999523163;26,75;16
5778;3;188,8938585352;"1-100%";"Chenaie";1;26,0499997138977;25,7999992370605;16
5778;6;34;"11-100%";"Autres peuplements feuillus";1;14,0124999284744;14,0999999046326;16
5778;11;121,7376227984;"11-69%;4-31%";"Autres peuplements feuillus";1;24,5777778625488;24,75;18
5778;12;129,9513584953;"14-73%;29-27%";"Autres peuplements feuillus";1;23,3437496423721;23,0500001907349;16
5778;25;200,7541308842;"1-100%";"Chenaie";1;26,087500333786;26,1000003814697;16
5778;44;192,987849463;"1-100%";"Chenaie";1;26,0562496185303;25,8999996185303;16
5778;46;240,0161320684;"1-99%;11-1%";"Chenaie";1;26,6666668785943;26,5;18
5778;60;215,351446604;"1-64%;3-36%";"Chenaie";1;25,7187503576279;26,1000003814697;16
5778;67;188,7014446451;"1-100%";"Chenaie";1;27,0249998569489;26,8999996185303;16
5778;82;176,9648758406;"1-79%;13-21%";"Chenaie";1;25,8750004768372;26,1500005722046;16
5778;101;215,8181367046;"1-100%";"Chenaie";1;24,5124998092651;24,4499998092651;16
5778;102;184,5147818752;"1-100%";"Chenaie";1;24,4647052989287;24,2999992370605;17
5778;109;192,7716929639;"1-100%";"Chenaie";1;25,8750002384186;25,8000001907349;16
5778;110;189;"3-84%;1-16%";"Hetraie";1;30,1333334181044;30,5;18
5778;111;264,0340856165;"3-63%;1-37%";"Hetraie";1;26,7125005722046;26,7000007629395;16
5778;115;203;"5-100%";"Frenaie";1;23,6470588235294;21,1000003814697;17
5778;119;188,920929002;"3-100%";"Hetraie";1;29,387500166893;29;16
5778;120;173,772554004;"3-76%;7-24%";"Hetraie";1;28,4111110899184;28;18
5778;121;178,9033347152;"1-100%";"Chenaie";1;23,8555557462904;24,2000007629395;18
5778;122;217,5602710744;"1-100%";"Chenaie";1;25,9375;26;16
5778;134;165;"1-71%;17-28%";"Chenaie";1;24,1375000476837;24,5;16
5778;138;207,5080660342;"1-100%";"Chenaie";1;28,4874999523163;28,25;16
5778;139;157,796317152;"3-58%;1-42%";"Hetraie";1;25,1388889948527;25,2999992370605;18
5778;140;133;"3-55%;14-45%";"Hetraie";1;31,5687503814697;33,7000007629395;16
5778;144;176,5299449416;"1-100%";"Chenaie";1;24,2125002145767;24,1000003814697;16
5778;145;211;"1-100%";"Chenaie";1;27,0937502384186;27,3999996185303;16
5778;164;247,4325157785;"1-100%";"Chenaie";1;27,3499999046326;27,2999992370605;16
5778;182;225;"1-100%";"Chenaie";1;26,80526311774;26,5;19
5778;189;127,9796317152;"1-100%";"Chenaie";1;20,2624999284744;20;16
5778;210;150,8245763758;"1-100%";"Chenaie";1;19,4687502384186;19,6000003814697;16
5778;219;138;"1-100%";"Chenaie";1;31,2722229427761;33,0500011444092;18
5778;220;149,6271481872;"1-100%";"Chenaie";1;21,3624995946884;20,7999992370605;16
5778;239;232,6283663094;"1-100%";"Chenaie";1;23,7375005483627;24,2000007629395;16
5778;243;159,9321470392;"1-100%";"Chenaie";1;24,0142856779553;24,1000003814697;21
5778;256;213,4811572832;"1-100%";"Chenaie";1;25,606250166893;27,1000003814697;16
5778;258;126,960464501;"1-100%";"Chenaie";1;21,962500333786;21,2000007629395;16
5778;260;108;"3-100%";"Hetraie";1;21,9416670799255;21,1000003814697;12
5778;277;161;"1-100%";"Chenaie";1;24,2312506437302;23,7000007629395;16
5778;296;265;"1-98%;41-2%";"Chenaie";1;28,8684210526316;29,1000003814697;19
5778;299;169,975698926;"1-100%";"Chenaie";1;21,3333337571886;21,6000003814697;18
5778;314;77;"3-100%";"Hetraie";1;20,7263161508661;19,5;19
5778;315;163,9592634304;"1-100%";"Chenaie";1;21,0687495470047;20,8999996185303;16
5778;317;195,973420663;"1-100%";"Chenaie";1;23,6750003099442;23,7000007629395;16
5778;319;189,9473137609;"1-100%";"Chenaie";1;23,2437499761581;23,2000007629395;16
5812;4;174,7567924765;"1-75%;7-25%";"Chenaie";1;23,8999996185303;23,5999994277954;16
5812;12;200,5622264577;"1-100%";"Chenaie";1;22,5;22,4499998092651;16
5812;16;167,7190067248;"1-100%";"Chenaie";1;23,3624999523163;23,1000003814697;16
5812;25;220;"1-65%;5-35%";"Chenaie";1;28,4062501192093;27,8999996185303;16
5812;29;134,9920929002;"1-100%";"Chenaie";1;20,0624995231628;19,7999992370605;16
5812;30;143,9592634304;"1-100%";"Chenaie";1;23,9714280991327;24,2999992370605;21
5812;31;166,6360864064;"1-100%";"Chenaie";1;21,5105262555574;21,5;19
5812;34;212,0920252456;"1-100%";"Chenaie";1;22,015789634303;21,7000007629395;19
5812;37;155;"1-100%";"Chenaie";1;19,7888887193468;19,7999992370605;18
5812;39;154,723813472;"1-100%";"Chenaie";1;21,5624996423721;21,2999992370605;16
5812;46;127;"1-100%";"Chenaie";1;20,0285716283889;19,1000003814697;21
5812;49;199,6757320886;"1-100%";"Chenaie";1;21,8944446775648;21,6000003814697;18
5812;50;148,837861651;"1-100%";"Chenaie";1;21,8375000953674;21,9499998092651;16
5812;69;209,8419412827;"1-100%";"Chenaie";1;23,4625005722046;23,7000007629395;16
5812;74;159,927096778;"1-100%";"Chenaie";1;20,6437505483627;20,2000007629395;16
5812;77;198,3783142776;"1-100%";"Chenaie";1;25,9249997138977;25,8999996185303;16
5812;83;242,9813993774;"1-99%;7-1%";"Chenaie";1;22,7312500476837;22,2999992370605;16
5812;92;172,9121896015;"1-100%";"Chenaie";1;27,0375006198883;27,3000001907349;16
5812;93;161,8473308382;"1-100%";"Chenaie";1;23,0722219679091;23,1000003814697;18
5812;96;148;"1-100%";"Chenaie";1;24,0000002384186;23,6000003814697;16
5812;112;174,0692097759;"1-72%;45-24%";"Chenaie";1;22,1047622135707;22;21
5812;113;182,7014446451;"1-100%";"Chenaie";1;24,1500000953674;24,3000001907349;16
5812;115;171;"1-100%";"Chenaie";1;21,5523809705462;21,8999996185303;21
5812;119;218,1570201744;"3-63%;1-20%";"Hetraie";1;25,7000000476837;24,3999996185303;16
5812;128;100;"1-100%";"Chenaie";1;17,5611110263401;16,7000007629395;18
5812;131;137,8702893208;"1-100%";"Chenaie";1;22,2900000572205;21,8500003814697;20
5812;132;164,5928822352;"1-100%";"Chenaie";1;22,8250002861023;23;16
5812;133;171,575918995;"1-100%";"Chenaie";1;21,9600003560384;22,1000003814697;15
5812;134;170,847237864;"1-100%";"Chenaie";1;24,1249995231628;23,9499998092651;16
5812;144;215,963548389;"3-76%;1-24%";"Hetraie";1;25,6190474373954;25,7999992370605;21
5812;152;161,8065012944;"1-100%";"Chenaie";1;23,5578952588533;23,2000007629395;19
5812;153;195,6360864064;"1-100%";"Chenaie";1;22,375;22,25;16
5812;154;159,7892201463;"1-100%";"Chenaie";1;21,8105262957121;21,6000003814697;19
5812;164;204;"1-100%";"Chenaie";1;24,4749999046326;24,6000003814697;16
5812;171;149,7892201463;"1-100%";"Chenaie";1;21,6799999237061;21,5;10
5812;172;188,8946275218;"1-100%";"Chenaie";1;22,900000333786;22,5;16
5812;185;126;"1-74%;7-26%";"Chenaie";1;23,9277775022719;23,8999996185303;18
5812;190;169,7541308842;"1-93%;41-7%";"Chenaie";1;23,331249833107;23,3999996185303;16
5812;191;147,9824379203;"1-100%";"Chenaie";1;21,8611106872559;21,8999996185303;18
5812;192;155,9027169906;"1-100%";"Chenaie";1;27,8500000953674;27,2999992370605;20
5812;209;136;"1-100%";"Chenaie";1;24,6789474487305;24,7999992370605;19
5812;211;52;"5-100%";"Frenaie";1;24,6473683808979;24,6000003814697;19
5812;231;157;"1-100%";"Chenaie";1;21,7000000476837;21,5;16
5812;235;211,5609480075;"1-100%";"Chenaie";1;26,6999996730259;26,6499996185303;14
5812;250;245,5082617684;"1-100%";"Chenaie";1;29,262500166893;29,7000007629395;16
5812;271;185,5960721669;"1-100%";"Chenaie";1;24,4437500238419;24,8999996185303;16
5812;288;196,121896015;"1-100%";"Chenaie";1;16,9312500357628;17,7999992370605;16
5812;290;170;"1-100%";"Chenaie";1;24,3000004291534;24;16
5812;296;215;"7-51%;1-49%";"Autres feuillus nobles";1;22,2187497615814;23,7999992370605;16
5834;8;54;"1-100%";"Chenaie";1;23,8874995708466;23,0999994277954;16
5834;10;60;"1-100%";"Chenaie";1;18,1000001430511;17,8000001907349;16
5834;11;95;"1-100%";"Chenaie";1;NA;NA;0
5834;23;216;"1-66%;11-34%";"Chenaie";1;27,6125004291534;27,3000001907349;16
5834;25;176,7625146372;"1-55%;5-45%";"Chenaie";1;24,6473685816715;24,6000003814697;19
5834;29;158,9893682652;"1-100%";"Chenaie";1;22,6375005245209;22,7000007629395;16
5834;44;357,9522236536;"1-100%";"Chenaie";1;20,1500000953674;19,9499998092651;16
5834;62;139,9903744352;"1-100%";"Chenaie";1;20,7333337995741;20,7000007629395;18
5834;64;78;"1-100%";"Chenaie";1;15,9888887935215;16,1000003814697;18
5834;65;144,951397852;"1-100%";"Chenaie";1;18,2624995708466;18,0499992370605;16
5834;102;165;"1-100%";"Chenaie";1;25,1749994754791;25,3999996185303;16
5834;103;181;"1-100%";"Chenaie";1;19,7249999046326;19,25;16
5834;104;185;"1-100%";"Chenaie";1;23,6833332909478;23;18
5834;105;198;"1-100%";"Chenaie";1;21,605555958218;20,7000007629395;18
5834;124;98;"1-100%";"Chenaie";1;20,0625;20,4000005722046;16
5834;126;221;"1-100%";"Chenaie";1;27,3952379680815;27,3999996185303;21
5834;149;142;"1-100%";"Chenaie";1;23,2312499284744;22;16
5834;176;156;"1-68%;29-32%";"Chenaie";1;18,2500002724784;18,1000003814697;14
5834;194;149;"1-100%";"Chenaie";1;21,6999996900558;21,8999996185303;16
5834;222;178;"1-82%;5-18%";"Chenaie";1;26,3222217559814;26,7999992370605;18
5834;231;119,732688186;"1-100%";"Chenaie";1;17,6249998807907;17,5;16
5834;235;110;"1-100%";"Chenaie";1;21,8999999761581;22,2000007629395;16
5834;244;73;"11-100%";"Autres peuplements feuillus";1;26,2250003814697;26,2000007629395;16
5834;252;195,5785100872;"1-100%";"Chenaie";1;20,7687499523163;20;16
5834;253;107;"1-100%";"Chenaie";1;22,5437500476837;22,6999998092651;16
5834;254;198,0867718556;"1-100%";"Chenaie";1;23,4749999046326;23,5;16
5834;256;193,772554004;"1-100%";"Chenaie";1;25,9874999523163;25,7999992370605;16
5834;261;128;"1-100%";"Chenaie";1;19,9000000953674;19,8500003814697;16
5834;263;57;"1-100%";"Chenaie";1;16,3125002384186;16,2000007629395;16
5834;264;244,20929002;"1-100%";"Chenaie";1;23,8562494516373;20,7999992370605;16
5834;273;211,7839623825;"1-100%";"Chenaie";1;21,6125004291534;21,6000003814697;16
5834;280;42;"1-100%";"Chenaie";1;17,4888888994853;16,5;18
5834;302;297,7786012056;"1-71%;3-29%";"Chenaie";1;27,1809518904913;27,8999996185303;21
5834;307;159,793440871;"1-100%";"Chenaie";1;22,8249995708466;22,8999996185303;16
5834;315;156,924184668;"1-100%";"Chenaie";1;21;20,7999992370605;16
5856;4;45;"1-100%";"Chenaie";1;12,5562497377396;12,5;16
5856;16;212,9388951456;"1-100%";"Chenaie";1;23,787500500679;23,6000003814697;16
5856;18;205,2681057008;"1-100%";"Chenaie";1;24,9187502861023;25,2000007629395;16
5856;22;191,7243648067;"3-51%;1-49%";"Hetraie";1;25,3888888888889;25,7000007629395;18
5856;23;213,8804261468;"1-59%;3-41%";"Chenaie";1;25,8250006437302;25,7000007629395;16
5856;24;59;"1-100%";"Chenaie";1;16,4904758816674;16,8999996185303;21
5856;32;192,8102296048;"1-100%";"Chenaie";1;26,209523337228;26,5;21
5856;34;138;"1-100%";"Chenaie";1;25,1149995803833;25,7999992370605;20
5856;35;88;"1-100%";"Chenaie";1;19,7444443172879;20;18
5856;40;180,166031348;"1-100%";"Chenaie";1;22,483333269755;22,6000003814697;18
5856;43;229,565109511;"3-65%;1-35%";"Hetraie";1;24,958823147942;25,7999992370605;17
5856;52;174,9696738672;"1-100%";"Chenaie";1;22,2124996185303;22;16
5856;53;163,7081509718;"1-100%";"Chenaie";1;21,1687507629395;21,2000007629395;16
5856;54;147,659784964;"1-100%";"Chenaie";1;20,3125003576279;20,7000007629395;16
5856;56;95;"18-100%";"Autres peuplements feuillus";1;22,3333334392971;22,25;18
5856;58;209,0758114107;"1-82%;11-18%";"Chenaie";1;22,0650005340576;22,2000007629395;20
5856;71;224,3923896384;"1-100%";"Chenaie";1;22,506249666214;22,3999996185303;16
5856;73;244,331720465;"1-90%;11-10%";"Chenaie";1;24,7000002861023;24,8500003814697;16
5856;74;208;"1-93%;11-7%";"Chenaie";1;22,6095237731934;22,3999996185303;21
5856;77;188,9393477344;"1-80%;11-20%";"Chenaie";1;23,6562492847443;23,7999992370605;16
5856;79;160,9393477344;"1-81%;11-19%";"Chenaie";1;23,6562501192093;24,5;16
5856;92;95;"1-100%";"Chenaie";1;19,4437495470047;19,0999994277954;16
5856;94;82;"1-100%";"Chenaie";1;22,7562502622604;22,7000007629395;16
5856;96;173,9590913496;"1-55%;11-45%";"Chenaie";1;24,3749997615814;24,7999992370605;16
5856;98;234;"1-100%";"Chenaie";1;30,1062508821487;31,7500009536743;16
5856;102;97;"17-99%;1-1%";"Erabliere";1;17,2437497377396;16,5;16
5856;112;135,924184668;"1-99%;14-1%";"Chenaie";1;22,4222224553426;22,5;18
5856;113;157,5905972072;"1-100%";"Chenaie";1;27,3375006914139;27,7000007629395;16
5856;114;109;"1-100%";"Chenaie";1;20,4894734432823;21,7999992370605;19
5856;117;197,2217359248;"1-77%;3-23%";"Chenaie";1;23,9333332909478;23,8999996185303;18
5856;119;145,8180432032;"1-57%;11-43%";"Chenaie";1;25,1999998092651;25,1999998092651;12
5856;128;144;"1-100%";"Chenaie";1;24,9187500476837;24,7999992370605;16
5856;129;127;"1-100%";"Chenaie";1;23,033332824707;21,5;21
5856;132;160,9694475728;"11-51%;1-49%";"Autres peuplements feuillus";1;25,806249499321;26,3499994277954;16
5856;133;154,9796317152;"1-100%";"Chenaie";1;22,0277777777778;22,1499996185303;18
5856;134;105;"1-100%";"Chenaie";1;21,0062499046326;20,8999996185303;16
5856;136;165,5609480075;"1-100%";"Chenaie";1;22,583333545261;22,6000003814697;18
5856;140;207,4996188088;"1-54%;11-27%";"Chenaie";1;24,2500002384186;25,1000003814697;16
5856;149;201,9447626944;"1-100%";"Chenaie";1;23,6437505483627;23,7000007629395;16
5856;151;204,7353208778;"1-100%";"Chenaie";1;21,9187496900558;21,8999996185303;16
5856;153;147,9545108008;"11-52%;1-48%";"Autres peuplements feuillus";1;22,5562497377396;22,7999992370605;16
5856;162;187,781290334;"3-76%;1-24%";"Hetraie";1;21,256249666214;22;16
5856;166;141;"1-100%";"Chenaie";1;19,6062496900558;19,3999996185303;16
5856;178;197,5460126228;"1-100%";"Chenaie";1;23,0125004053116;23,2000007629395;16
5856;187;146,9920929002;"1-100%";"Chenaie";1;22,581249833107;21,7999992370605;16
5856;190;114;"1-100%";"Chenaie";1;18,2999992370605;18,2999992370605;4
5856;208;157;"1-100%";"Chenaie";1;23,6777776082357;22;18
5856;210;186,760785967;"11-42%;1-39%";"Autres peuplements feuillus";1;23,9687497615814;24,5;16
5856;211;155;"1-100%";"Chenaie";1;21,7571424756731;21,8999996185303;21
5856;212;169,975698926;"1-100%";"Chenaie";1;22,987499833107;22,8999996185303;16
5856;213;171,416774224;"3-100%";"Hetraie";1;25,3000003814697;24,6000003814697;20
5856;232;90;"1-100%";"Chenaie";1;19,2285717555455;18,7000007629395;21
5878;90;68;"14-100%";"Autres peuplements feuillus";1;25,5437502861023;25,2000007629395;16
5878;100;189;"1-100%";"Chenaie";1;24,8250000476837;25;16
5878;112;78;"1-100%";"Chenaie";1;19,9388887617323;18,7999992370605;18
5878;113;140;"1-100%";"Chenaie";1;21,5874998569489;21,3999996185303;16
5878;117;109;"1-100%";"Chenaie";1;22,0368419446443;20,8999996185303;19
5878;126;136;"1-100%";"Chenaie";1;22,2526311372456;22,7999992370605;19
5878;132;41;"13-100%";"Autres peuplements feuillus";1;23,9777773751153;26,8999996185303;18
5878;133;160,6838825654;"1-58%;11-42%";"Chenaie";1;23,0937502384186;23,6000003814697;16
5878;147;166,8574220064;"1-100%";"Chenaie";1;21,8312504291534;22,1000003814697;16
5878;163;172;"1-51%;13-49%";"Chenaie";1;26,0238096146356;25,2000007629395;21
5878;173;70;"4-100%";"Erabliere";1;26,0285719008673;26,2000007629395;21
5878;184;135,7944154052;"1-100%";"Chenaie";1;23,2249999046326;23,1999998092651;16
5878;187;135,7365688045;"1-100%";"Chenaie";1;20,9421056446276;20,2000007629395;19
5878;189;175;"1-100%";"Chenaie";1;23,2888893551297;23,6000003814697;18
5878;190;40;"11-100%";"Autres peuplements feuillus";1;19,6052629571212;19,1000003814697;19
5878;192;137,6090143036;"1-66%;41-34%";"Chenaie";1;21,3875002861023;21,1000003814697;16
5878;194;178,861906736;"1-100%";"Chenaie";1;21,7300003051758;21,8000001907349;20
5878;206;161,949079288;"1-100%";"Chenaie";1;25,5380950201125;25,2999992370605;21
5878;208;143,9696738672;"1-74%;3-26%";"Chenaie";1;26,4888891643948;27,3000001907349;18
5878;209;181,6961948192;"1-100%";"Chenaie";1;23,5952380952381;23,6000003814697;21
5878;211;191,9898158576;"1-100%";"Chenaie";1;23,71875;24,2999992370605;16
5878;213;97;"1-100%";"Chenaie";1;24,4944443172879;24,6000003814697;18
5878;218;205,75698926;"1-100%";"Chenaie";1;24,2380954197475;23,7000007629395;21
5878;219;146,8054339812;"1-72%;11-28%";"Chenaie";1;23,9166667726305;23,75;18
5878;227;191;"1-100%";"Chenaie";1;24,6750001907349;25;16
5878;233;242,1406667503;"3-59%;1-41%";"Hetraie";1;26,9875003099442;27,3999996185303;16
5878;234;178,902795704;"1-73%;3-27%";"Chenaie";1;24,9062501192093;26,1000003814697;16
5878;239;140;"1-100%";"Chenaie";1;24,3562504053116;22,1000003814697;16
5878;246;163,893682652;"1-100%";"Chenaie";1;24,256250500679;24,2000007629395;16
5878;248;173,9848369336;"1-100%";"Chenaie";1;24,6249997615814;24,8999996185303;16
5878;252;201,7119017384;"1-100%";"Chenaie";1;22,9250001907349;22,7000007629395;16
5878;260;124,8352081106;"11-100%";"Autres peuplements feuillus";1;24,6875004768372;24,5;16
5878;264;190,732688186;"1-80%;3-20%";"Chenaie";1;24,2625000476837;24,3999996185303;16
5878;265;189,975698926;"5-55%;1-44%";"Frenaie";1;25,3631576738859;25,7999992370605;19
5878;267;40;"3-100%";"Hetraie";1;12,7444443172879;12,8999996185303;18
5878;274;201,7514321248;"1-100%";"Chenaie";1;26,3600004196167;26,6000003814697;20
5878;293;205,9355852039;"1-97%;11-3%";"Chenaie";1;21,4238090515137;21,7999992370605;21
5878;296;149,7365688045;"1-99%;11-1%";"Chenaie";1;24,2349994659424;23,2999992370605;20
5878;298;187,8576722036;"1-100%";"Chenaie";1;23,490475609189;23,7999992370605;21
5878;317;225,648758406;"1-100%";"Chenaie";1;24,5437499284744;25;16
5912;11;53;"14-100%";"Autres peuplements feuillus";1;26,3222226036919;27,3500003814697;18
5912;12;141;"1-100%";"Chenaie";1;21,6000000238419;21,3999996185303;16
5912;30;161,4906996887;"1-100%";"Chenaie";1;18,8277782864041;19,7000007629395;18
5912;31;156,7014446451;"1-100%";"Chenaie";1;17,8750003576279;18,7000007629395;16
5912;39;85;"1-100%";"Chenaie";1;17,2937499284744;17,5;16
5912;41;193;"1-100%";"Chenaie";1;23,5736844916093;23,7999992370605;19
5912;42;166;"1-100%";"Chenaie";1;18,8380953470866;17,7000007629395;21
5912;46;160;"7-60%;14-40%";"Autres feuillus nobles";1;24,8444441689385;24,8999996185303;18
5912;53;95;"1-100%";"Chenaie";1;15,8952379680815;15,8000001907349;21
5912;115;163,7190067248;"1-100%";"Chenaie";1;22,3500001430511;22,6000003814697;16
5912;119;144,7081509718;"1-100%";"Chenaie";1;23,1894738046747;23,1000003814697;19
5912;132;172,9473137609;"1-100%";"Chenaie";1;23,6333331153506;23,1000003814697;21
5912;151;172,6595094671;"1-100%";"Chenaie";1;21,2624994516373;21,2999992370605;16
5912;152;152,772554004;"1-100%";"Chenaie";1;22,1333333121406;21,75;18
5912;153;256,4614362704;"1-100%";"Chenaie";1;22,8937494754791;22,7999992370605;16
5912;154;170,7794778774;"1-100%";"Chenaie";1;25,0500001907349;25;16
5912;162;165,9350274376;"1-72%;17-28%";"Chenaie";1;23,6812500953674;24,1000003814697;16
5912;170;223;"1-70%;7-30%";"Chenaie";1;30,2000002861023;31,3999996185303;16
5912;171;179,842043019;"1-100%";"Chenaie";1;23,1578950380024;22,6000003814697;19
5912;172;210,902795704;"1-100%";"Chenaie";1;22,1250001192093;22,6000003814697;16
5912;174;171,915183799;"1-100%";"Chenaie";1;NA;NA;0
5912;181;224;"1-95%;3-5%";"Chenaie";1;21,0888890160455;22,5;18
5912;183;172,9861906736;"1-100%";"Chenaie";1;21,6312502622604;22,1000003814697;16
5912;191;217;"1-100%";"Chenaie";1;25,1714288166591;25,6500005722046;14
5912;194;263,5774715443;"1-100%";"Chenaie";1;26,3125002384186;26,2000007629395;16
5912;213;215,090216016;"1-100%";"Chenaie";1;24,0625001192093;23,1000003814697;16
5912;214;174;"1-100%";"Chenaie";1;21,3375000953674;21,6000003814697;16
5912;227;189,8895253888;"1-100%";"Chenaie";1;23,03125;23,2999992370605;16
5912;229;184,8938585352;"1-100%";"Chenaie";1;24,2062505483627;24,1000003814697;16
5912;263;218,6842915856;"1-80%;24-20%";"Chenaie";1;22,4312499761581;22,2999992370605;16
5912;264;182,7395224974;"1-100%";"Chenaie";1;21,3904763176328;20,6000003814697;21
5912;277;151;"3-61%;1-39%";"Hetraie";1;26,2312502861023;27,8999996185303;16
5912;280;90;"3-100%";"Hetraie";1;18,821052350496;18,8999996185303;19
5912;281;130,7567924765;"1-100%";"Chenaie";1;22,3777778413561;22,1000003814697;18
5912;282;240;"1-100%";"Chenaie";1;26,1000001695421;25,7000007629395;18
5912;283;209,6946616764;"1-100%";"Chenaie";1;21,6888888676961;21,6000003814697;18
5912;301;182,915183799;"1-100%";"Chenaie";1;24,0250002145767;24,1000003814697;16
5934;18;178;"1-62%;3-38%";"Chenaie";1;24,7374995946884;23,7999992370605;16
5934;136;221,8102296048;"1-100%";"Chenaie";1;25,0000006357829;24,7000007629395;18
5934;143;187;"3-54%;1-46%";"Hetraie";1;26,0812497138977;25,7999992370605;16
5934;163;161;"4-100%";"Erabliere";1;24,4562497138977;24,5;16
5934;168;164,9648758406;"1-100%";"Chenaie";1;26,9624998569489;26,8999996185303;16
5934;172;137,7555805824;"1-67%;3-33%";"Chenaie";1;23,4999998807907;24;16
5934;200;255;"1-100%";"Chenaie";1;28,5722220738729;28,7999992370605;18
5934;219;232,9840523978;"1-100%";"Chenaie";1;30,17777856191;29,7000007629395;18
5934;225;190;"1-100%";"Chenaie";1;30,1249996423721;29,8999996185303;16
5934;234;204,1009482694;"1-99%;11-1%";"Chenaie";1;25,8750003814697;26;20
5934;235;237,762787006;"3-61%;1-39%";"Hetraie";1;26,887499332428;27,7999992370605;16
5934;251;173,9545108008;"1-100%";"Chenaie";1;26,7714291527158;27;21
5934;252;241,772554004;"3-100%";"Hetraie";1;28,6937499046326;29,5;16
5934;253;219,526129057;"1-63%;3-37%";"Chenaie";1;28,6947366814864;28,3999996185303;19
5934;254;274;"3-60%;1-40%";"Hetraie";1;27,6874997615814;27,8999996185303;16
5934;258;206,8938585352;"3-100%";"Hetraie";1;28,5375003814697;28,7000007629395;16
5934;260;215,1341804504;"3-95%;41-5%";"Hetraie";1;25,7812503576279;26,1000003814697;16
5934;272;181,866344093;"1-79%;3-21%";"Chenaie";1;27,6157892126786;27,2999992370605;19
5934;273;221,8497651038;"1-70%;3-30%";"Chenaie";1;28,050000667572;28,2000007629395;16
5934;277;216,8181367046;"3-100%";"Hetraie";1;27,604761668614;27,7999992370605;21
5934;292;249;"3-100%";"Hetraie";1;29,7684212734825;30,1000003814697;19
5934;293;206;"3-100%";"Hetraie";1;29,5777772267659;31,25;18
5934;299;173,8480974096;"3-100%";"Hetraie";1;27,573684591996;27,7000007629395;19
5934;309;201;"1-100%";"Chenaie";1;28,5624995231628;28,2999992370605;16
5934;312;248,331720465;"1-100%";"Chenaie";1;26,4888886345757;27;18
5934;313;201,949079288;"3-76%;1-24%";"Hetraie";1;26,6437495946884;27,3999996185303;16
5934;319;189,7730063114;"3-54%;1-46%";"Hetraie";1;26,0812505483627;26,2000007629395;16
5956;13;194,9696738672;"1-100%";"Chenaie";1;27,6562501192093;27,5;16
5956;14;230,8339509042;"1-100%";"Chenaie";1;22,8062498569489;22,8999996185303;16
5956;16;221,671935501;"1-100%";"Chenaie";1;19,25;21,6000003814697;16
5956;18;93;"11-99%;1-1%";"Autres peuplements feuillus";1;21,0187505483627;20,7000007629395;16
5956;25;208,684086038;"1-100%";"Chenaie";1;24,2555556827121;24,2999992370605;18
5956;33;208;"1-100%";"Chenaie";1;27,3937494754791;27,2999992370605;16
5956;34;283,6049978912;"3-70%;1-30%";"Hetraie";1;28,2333331637912;28;18
5956;35;218,830367598;"3-53%;1-47%";"Hetraie";1;29,7277779049344;29,9500007629395;18
5956;37;270,6768672644;"1-99%;3-1%";"Chenaie";1;28,1105260347065;29,1000003814697;19
5956;39;110;"27-99%;11-1%";"Autres peuplements feuillus";1;23,0315784655119;24,2999992370605;19
5956;48;188;"1-100%";"Chenaie";1;28,7187501192093;29;16
5956;49;188,5946541275;"1-100%";"Chenaie";1;27,7857138315837;28,2999992370605;21
5956;51;186,8972077026;"1-100%";"Chenaie";1;25,081249833107;25;16
5956;53;210,9711233056;"1-70%;3-30%";"Chenaie";1;30,2421052832352;30,1000003814697;19
5956;56;87;"3-99%;1-1%";"Hetraie";1;22,6555550893148;22,3999996185303;18
5956;59;229,7716929639;"3-76%;1-24%";"Hetraie";1;29,8999998910087;30,3999996185303;21
5956;60;105;"11-100%";"Autres peuplements feuillus";1;21,7476190839495;22,2999992370605;21
5956;61;156,9185268608;"1-100%";"Chenaie";1;23,456249833107;23,3999996185303;16
5956;62;86;"1-100%";"Chenaie";1;22,6999998092651;23,3999996185303;18
5956;72;206,762787006;"1-100%";"Chenaie";1;26,5222225189209;26,6000003814697;18
5956;73;264;"1-100%";"Chenaie";1;26,2937496900558;25,8999996185303;16
5956;74;164,9898158576;"1-100%";"Chenaie";1;26,9277776082357;27;18
5956;77;263,3923896384;"1-55%;3-45%";"Chenaie";1;28,8312504291534;29,1000003814697;16
5956;91;172,924184668;"1-100%";"Chenaie";1;27,8111106024848;27,2999992370605;18
5956;92;203,9367432016;"3-52%;1-48%";"Hetraie";1;28,0499995946884;27,7999992370605;16
5956;93;164,9362095912;"1-52%;3-48%";"Chenaie";1;29,1999997033013;28,5;18
5956;94;210;"1-100%";"Chenaie";1;27,3250004053116;27,1000003814697;16
5956;96;196,9297516812;"1-100%";"Chenaie";1;23,4437497854233;23,3999996185303;16
5956;98;195,769139797;"1-100%";"Chenaie";1;24,75;24,5;16
5956;100;189,9837861651;"1-72%;3-28%";"Chenaie";1;23,6187505722046;23,2000007629395;16
5956;101;132,9297516812;"1-100%";"Chenaie";1;23,4277778201633;23,6000003814697;18
5956;112;192,8574220064;"1-100%";"Chenaie";1;28,7222219043308;28,6000003814697;18
5956;115;168,6108679624;"1-100%";"Chenaie";1;23,2952378590902;23,2999992370605;21
5956;117;221,9830367598;"1-72%;3-28%";"Chenaie";1;27,5777772267659;27,7999992370605;18
5956;120;213,7964411176;"3-71%;1-29%";"Hetraie";1;28,3631579750463;29,6000003814697;19
5956;138;214,3176624592;"3-73%;1-27%";"Hetraie";1;31,0277784135607;31;18
5956;139;202,781290334;"1-100%";"Chenaie";1;24,7400000572205;25,1000003814697;20
5956;143;153,8054339812;"1-75%;3-25%";"Chenaie";1;19,6750001907349;19,1999998092651;16
5956;152;204,893682652;"1-100%";"Chenaie";1;27,9833331637912;28,3999996185303;18
5956;154;205,4996188088;"3-54%;1-46%";"Hetraie";1;26,3437496423721;26,7999992370605;16
5956;157;218,813944641;"1-83%;3-17%";"Chenaie";1;26,6250001192093;27;16
5956;159;174;"1-100%";"Chenaie";1;29,5562508106232;27,7000007629395;16
5956;176;191,9185268608;"3-51%;1-49%";"Hetraie";1;27,3062492609024;27,2999992370605;16
5956;193;282,3923896384;"1-57%;3-43%";"Chenaie";1;29,731250166893;30,1000003814697;16
5956;194;236,813944641;"1-54%;3-46%";"Chenaie";1;26,9124995470047;26,7999992370605;16
5956;195;221,7250281552;"1-54%;3-46%";"Chenaie";1;29,3095236278716;29,3999996185303;21
5956;200;37;"11-100%";"Autres peuplements feuillus";1;29,6111110051473;28,3999996185303;18
5956;213;230;"1-100%";"Chenaie";1;27,5666664971246;27,6499996185303;18
5956;216;203;"1-100%";"Chenaie";1;22,5142857687814;23;21
5956;219;193;"14-50%;1-39%";"Autres peuplements feuillus";1;23,7882354960722;24,1000003814697;17
5956;220;69;"13-100%";"Autres peuplements feuillus";1;19,6555553012424;20,8999996185303;18
5956;232;245;"1-100%";"Chenaie";1;29,2523814610073;30,1000003814697;21
5956;233;221;"1-76%;3-24%";"Chenaie";1;27,849999666214;27,6000003814697;16
5956;234;245,648758406;"1-100%";"Chenaie";1;28,4761904761905;28,1000003814697;21
5956;235;196,8893006028;"3-56%;1-44%";"Hetraie";1;28,9499996900558;28,7000007629395;16
5956;237;143,4806087376;"11-56%;3-44%";"Autres peuplements feuillus";1;22,8624999523163;22,75;16
5956;239;255,0295637504;"3-74%;1-26%";"Hetraie";1;29,575000166893;29,5;16
5956;252;204,9723813472;"1-75%;3-25%";"Chenaie";1;29,0187495946884;28,7999992370605;16
5956;254;121;"3-100%";"Hetraie";1;26,4437503814697;25,1000003814697;16
5956;256;224,7861330096;"1-76%;41-24%";"Chenaie";1;28,5687501430511;28,4499998092651;16
5956;258;184,9351446604;"1-75%;3-25%";"Chenaie";1;25,8875000476837;25;16
5956;273;224,7148440128;"1-50%;3-50%";"Chenaie";1;30,2999994754791;29,8999996185303;16
5956;274;254,8268695792;"3-100%";"Hetraie";1;31,2999994754791;31,7999992370605;16
5956;275;226,9185268608;"3-73%;1-27%";"Hetraie";1;28,1777777141995;28,5;18
5956;294;197,802322505;"1-100%";"Chenaie";1;30,4062502384186;31,2000007629395;16
5956;296;209,840523978;"1-78%;3-22%";"Chenaie";1;27,5666670269436;27,2000007629395;18
5956;298;223,5754341408;"3-100%";"Hetraie";1;29,3714287167504;29,1000003814697;21
5956;299;203,9545108008;"3-84%;1-16%";"Hetraie";1;26,1416660944621;26,2999992370605;12
5956;312;268,2957243536;"1-76%;3-24%";"Chenaie";1;29,2380946931385;29,2999992370605;21
5956;313;176,8134043578;"3-100%";"Hetraie";1;26,4999998807907;25,8999996185303;16
5956;314;194,696738672;"3-79%;1-21%";"Hetraie";1;28,9444449742635;28,7000007629395;18
5956;315;186,9723813472;"3-72%;1-28%";"Hetraie";1;29,556250333786;29,7000007629395;16
5978;14;288,469292676;"1-56%;41-23%";"Chenaie";1;29,3000004291534;29,2000007629395;16
5978;16;245,7365688045;"1-80%;3-20%";"Chenaie";1;29,2312506437302;29,2000007629395;16
5978;31;221,8066694304;"1-55%;3-45%";"Chenaie";1;27,1812500953674;27;16
5978;32;231,8655793034;"1-100%";"Chenaie";1;28,2388887405396;28,3999996185303;18
5978;34;195,684086038;"1-79%;3-21%";"Chenaie";1;26,6888886557685;26,2999992370605;18
5978;39;245,351446604;"3-100%";"Hetraie";1;29,1500001483493;30,1000003814697;18
5978;40;98;"3-100%";"Hetraie";1;23,6055556403266;23;18
5978;51;167,9627889282;"3-100%";"Hetraie";1;29,4888887405396;29,3999996185303;18
5978;72;274,87968044;"1-48%;3-37%";"Autres feuillus nobles";1;29,1611107720269;30,2000007629395;18
5978;73;190,8899284784;"3-100%";"Hetraie";1;27,4062502384186;29,6000003814697;16
5978;74;147,9083427184;"1-100%";"Chenaie";1;27,1736844715319;27,3999996185303;19
5978;75;231,648758406;"3-100%";"Hetraie";1;31,137500166893;31,5;16
5978;77;237,4389665432;"1-57%;3-43%";"Chenaie";1;26,1624997854233;26,3999996185303;16
5978;92;214;"1-100%";"Chenaie";1;26,4437500238419;26,6000003814697;16
5978;93;187;"3-100%";"Hetraie";1;30,5277777777778;30,8999996185303;18
5978;96;232;"1-57%;3-43%";"Chenaie";1;24,4812500476837;25;16
5978;110;184,5824501616;"1-100%";"Chenaie";1;26,1444442537096;27,2999992370605;18
5978;111;201;"1-100%";"Chenaie";1;25,9764703862807;25,7999992370605;17
5978;112;177;"3-69%;1-31%";"Hetraie";1;23,8263159300152;23,1000003814697;19
5978;113;256,6512494728;"3-100%";"Hetraie";1;28,6312495470047;27,2999992370605;16
5978;117;188,8216478161;"1-100%";"Chenaie";1;26,4823524250704;26,5;17
5978;129;206,6133388608;"3-52%;1-48%";"Hetraie";1;27,999999887803;27,7999992370605;17
5978;130;212,8028801368;"1-82%;3-18%";"Chenaie";1;26,8190478370303;27,5;21
5978;132;248;"3-100%";"Hetraie";1;30,285714104062;30,8999996185303;21
5978;142;223,8180432032;"3-79%;1-21%";"Hetraie";1;26,3666663396926;26,3999996185303;21
5978;143;196;"3-52%;1-48%";"Hetraie";1;33,3874998092651;34,0999984741211;16
5978;144;201,8938585352;"3-56%;1-44%";"Hetraie";1;27,1857143583752;26,5;21
5978;168;197,8028801368;"1-70%;3-30%";"Chenaie";1;26,5437499284744;26;16
5978;170;255,319569928;"1-76%;41-24%";"Chenaie";1;26,8812501430511;26,5;16
5978;171;203,9831552616;"3-97%;41-3%";"Hetraie";1;24,9722228580051;24,2000007629395;18
5978;181;219;"1-100%";"Chenaie";1;27,6157888111315;27,7999992370605;19
5978;182;250;"1-77%;3-23%";"Chenaie";1;30,299999554952;30,3999996185303;18
5978;183;158;"1-100%";"Chenaie";1;31,4687496423721;31,1000003814697;16
5978;184;155;"1-100%";"Chenaie";1;24,84444448683;24,1499996185303;18
5978;187;159;"3-100%";"Hetraie";1;31,7157890922145;31,3999996185303;19
5978;189;247;"3-72%;1-28%";"Hetraie";1;29,2055554919773;29,5;18
5978;201;233,807488704;"3-100%";"Hetraie";1;29,377777311537;30,2999992370605;18
5978;202;215;"1-68%;3-32%";"Chenaie";1;28,9055557250977;29,6000003814697;18
5978;203;171;"3-100%";"Hetraie";1;25,4944445292155;25,3000001907349;18
5978;204;246;"3-74%;1-26%";"Hetraie";1;29,6312495470047;29,2999992370605;16
5978;206;225,4781314132;"3-100%";"Hetraie";1;30,1315788469817;30;19
5978;208;221,7548799062;"3-100%";"Hetraie";1;25,1277777353923;26,7000007629395;18
5978;209;232;"3-79%;1-21%";"Hetraie";1;28,1952382950556;28,6000003814697;21
5978;221;236,8676061488;"3-51%;1-49%";"Hetraie";1;30,3375000953674;29,5;16
5978;222;187,9663105232;"3-78%;1-22%";"Hetraie";1;27,7166667514377;28,5;18
5978;224;223,8724612664;"3-55%;1-45%";"Hetraie";1;25,1874995231628;25,3999996185303;16
5978;225;218,8830509172;"3-100%";"Hetraie";1;29,8312501907349;29,8999996185303;16
5978;227;252;"3-100%";"Hetraie";1;30,6000006198883;30,7000007629395;16
5978;229;220,541713592;"3-84%;4-16%";"Hetraie";1;25,1187500953674;27,1000003814697;16
5978;241;239,9824379203;"3-99%;41-1%";"Hetraie";1;25,3266663869222;25,3999996185303;15
5978;242;209,0595975758;"3-100%";"Hetraie";1;25,8500000238419;24,5;16
5978;246;311;"3-65%;1-35%";"Hetraie";1;33,9625000953674;35;16
5978;248;212,881393503;"3-77%;1-23%";"Hetraie";1;29,6812505722046;29,7000007629395;16
5978;265;266,611182816;"1-71%;3-29%";"Chenaie";1;28,9555555979411;28,7999992370605;18
5978;267;235,951397852;"3-100%";"Hetraie";1;30,215789292988;30,5;19
5978;269;177,902795704;"3-100%";"Hetraie";1;26,489999961853;26,0500001907349;20
5978;282;274,9447626944;"3-70%;1-30%";"Hetraie";1;26,0549994468689;25,7999992370605;20
5978;286;295,9366818672;"1-64%;5-35%";"Chenaie";1;25,9750001430511;25,3999996185303;16
5978;290;192,9696738672;"1-57%;3-43%";"Chenaie";1;19,2833326127794;19,8999996185303;18
5978;303;243,4844557424;"3-100%";"Hetraie";1;26,7500001192093;26,6000003814697;16
5978;304;227,7625146372;"3-100%";"Hetraie";1;28,5470583298627;29,2999992370605;17
5978;305;88;"3-100%";"Hetraie";1;21,8624997138977;21,3999996185303;16
5978;307;49;"11-100%";"Autres peuplements feuillus";1;16,2812497615814;15,8999996185303;16
5978;313;129;"3-100%";"Hetraie";1;28,1200003306071;27,6000003814697;15
6012;14;165,8938585352;"1-99%;3-1%";"Chenaie";1;24,0187503099442;24,2000007629395;16
6012;16;184,9946841326;"1-74%;3-26%";"Chenaie";1;26,956250667572;27,2000007629395;16
6012;22;89;"11-100%";"Autres peuplements feuillus";1;NA;NA;0
6012;29;192;"3-57%;1-26%";"Hetraie";1;28,7999996609158;29,3999996185303;18
6012;30;167;"1-100%";"Chenaie";1;23,2444443172879;22,8999996185303;18
6012;31;160;"1-100%";"Chenaie";1;25,0052633787456;24,7000007629395;19
6012;35;176,9288361018;"3-71%;1-29%";"Hetraie";1;28,5388890372382;28,9499998092651;18
6012;49;164,987849463;"1-100%";"Chenaie";1;22,8777779473199;21,2999992370605;18
6012;71;167,9393477344;"3-58%;1-21%";"Hetraie";1;25,3875000476837;24,6000003814697;16
6012;72;211,694475728;"3-100%";"Hetraie";1;27,7166665395101;28,1000003814697;18
6012;88;221,8102296048;"3-100%";"Hetraie";1;30,5499999523163;30,2999992370605;16
6012;94;171,848369336;"1-100%";"Chenaie";1;27,3937500715256;25,1000003814697;16
6012;168;46;"11-100%";"Autres peuplements feuillus";1;19,2750002741814;19,7000002861023;16
6012;241;83;"3-100%";"Hetraie";1;25,8904759543283;25,7999992370605;21
6012;242;76;"11-100%";"Autres peuplements feuillus";1;25,5999995470047;25,8999996185303;16
6012;263;69;"1-100%";"Chenaie";1;19,4500003542219;20,2000007629395;14
6012;288;55;"11-100%";"Autres peuplements feuillus";1;20,2;20;15
6012;301;76;"11-100%";"Autres peuplements feuillus";1;23,2249997854233;20,8999996185303;16
6012;307;175,9297516812;"1-100%";"Chenaie";1;28,6812504529953;29,2000007629395;16
6012;309;222;"3-72%;1-28%";"Hetraie";1;30,0499993562698;30,7999992370605;16
6012;319;76;"1-100%";"Chenaie";1;18,1312495470047;17,7999992370605;16
6034;11;265;"3-67%;5-33%";"Hetraie";1;34,0833330154419;34,5999984741211;18
6034;30;75;"1-100%";"Chenaie";1;24,3333337571886;24,2000007629395;18
6034;33;174;"1-66%;11-23%";"Chenaie";1;27,5375003814697;27,2000007629395;16
6034;37;210;"1-100%";"Chenaie";1;28,6562501192093;28,6000003814697;16
6034;53;196;"3-77%;4-23%";"Hetraie";1;34,9250003496806;33,6000003814697;12
6034;60;83;"1-99%;11-1%";"Chenaie";1;22,4764701618868;22,7999992370605;17
6034;72;159;"1-100%";"Chenaie";1;24,600000281083;23,6000003814697;19
6034;73;205;"3-98%;11-2%";"Hetraie";1;27,7625000476837;28,3999996185303;16
6034;79;229,3479881448;"1-100%";"Chenaie";1;25,6187500953674;25,7000007629395;16
6056;6;219,920929002;"3-72%;1-28%";"Hetraie";1;25,1687502861023;24,6000003814697;16
6056;8;175,9848369336;"3-100%";"Hetraie";1;25,899999499321;25,2999992370605;16
6056;10;242;"1-100%";"Chenaie";1;28,1187498569489;28;16
6056;20;206,9513584953;"1-85%;3-15%";"Chenaie";1;23,9999996423721;24,3999996185303;16
6056;25;195,8540754859;"3-71%;1-29%";"Hetraie";1;29,6555557250977;30,4499998092651;18
6056;30;213,9287110032;"1-82%;3-18%";"Chenaie";1;27,6666663487752;27,5;18
6056;31;184,6916796908;"3-100%";"Hetraie";1;28,0181825811213;28,7000007629395;11
6056;32;175,927096778;"3-100%";"Hetraie";1;26,3249999284744;26;16
6056;43;171;"3-100%";"Hetraie";1;26,5333334604899;25,7999992370605;18
6056;49;171,772795763;"3-100%";"Hetraie";1;24,6500001483493;24;18
6056;52;242,477526909;"1-81%;3-19%";"Chenaie";1;24,55294193941;26,7000007629395;17
6056;56;124,8770654421;"11-100%";"Autres peuplements feuillus";1;26,6444447835286;26,7000007629395;18
6056;62;54;"11-100%";"Autres peuplements feuillus";1;20,0842108475535;19,1000003814697;19
6056;69;252,565109511;"1-58%;3-42%";"Chenaie";1;25,193749666214;24,8999996185303;16
6056;72;211,6995302076;"3-100%";"Hetraie";1;30,290476662772;30,7000007629395;21
6056;84;126;"11-55%;45-45%";"Autres peuplements feuillus";1;25,1249995231628;25,3999996185303;16
6056;203;140;"1-52%;4-48%";"Chenaie";1;26,5388898849487;28,1000003814697;18
6056;208;49;"3-100%";"Hetraie";1;15,6124999523163;15,3000001907349;16
6056;210;168,4000881087;"1-60%;3-40%";"Chenaie";1;28,9722225401137;29,1000003814697;18
6056;243;146;"1-100%";"Chenaie";1;27,2049997329712;27,7999992370605;20
6056;271;143;"3-50%;1-50%";"Hetraie";1;27,618749499321;28,2999992370605;16
6056;272;209;"3-100%";"Hetraie";1;28,8874994516373;29,2999992370605;16
6056;281;49;"1-100%";"Chenaie";1;16,1421052531192;16;19
6056;283;76;"1-100%";"Chenaie";1;22,4187504053116;22,7000007629395;16
6112;34;224,317662012;"3-100%";"Hetraie";1;27,8538460364709;27,5;13
6134;41;137,9525574012;"1-100%";"Chenaie";1;24,7999999102424;24,8999996185303;17
6134;43;61;"1-100%";"Chenaie";1;22,1375000476837;21,5;16
6212;61;101;"3-100%";"Hetraie";1;21,5062503814697;22;16
6212;102;209,4906996887;"1-100%";"Chenaie";1;24,3285709562756;24,2999992370605;21
6212;123;216,7892550436;"1-85%;11-15%";"Chenaie";1;23,7222222222222;22,7999992370605;18
6212;128;184,7153444072;"1-60%;11-40%";"Chenaie";1;28,0562502145767;28;16
6212;143;191,824379203;"1-99%;11-1%";"Chenaie";1;23,412499666214;23,1499996185303;16
6212;144;176,4906996887;"25-64%;13-36%";"Autres peuplements feuillus";1;25,375;25,3999996185303;16
6212;173;179,8066694304;"1-100%";"Chenaie";1;24,0333333696638;23,8999996185303;21
6212;182;217,4906996887;"1-100%";"Chenaie";1;23,4222221374512;22,7999992370605;18
6212;183;204,4204513699;"13-65%;1-34%";"Autres peuplements feuillus";1;27,1062500476837;27,1000003814697;16
6212;206;218;"1-100%";"Chenaie";1;25,6500000423855;25,6000003814697;18
6212;243;135,8216478161;"3-100%";"Hetraie";1;24,6526316592568;24,7999992370605;19
6212;244;171,8946275218;"1-100%";"Chenaie";1;29,2874993085861;28,7999992370605;16
6212;262;146,8946275218;"1-52%;13-48%";"Chenaie";1;22,3166671329074;21,2000007629395;18
6212;263;140;"13-57%;1-43%";"Autres peuplements feuillus";1;23,2562499046326;23,3999996185303;16
6212;264;235,473137609;"1-100%";"Chenaie";1;22,4095243726458;22,6000003814697;21
6212;265;249,9234222856;"1-79%;3-21%";"Chenaie";1;29,888889418708;30,2000007629395;18
6212;281;43;"11-100%";"Autres peuplements feuillus";1;22,2809528169178;21,7000007629395;21
6212;283;208,9648758406;"1-99%;11-1%";"Chenaie";1;24,0444441901313;24,3999996185303;18
6212;301;223,0340856165;"1-84%;3-16%";"Chenaie";1;23,4999994039536;23,1499996185303;16
6212;302;254,8233406601;"1-100%";"Chenaie";1;24,5684207113166;24,7999992370605;19
6212;303;148,9660735196;"1-100%";"Chenaie";1;22,2687503099442;23,2000007629395;16
6212;304;303,9803608345;"1-100%";"Chenaie";1;22,805555873447;23,1000003814697;18
6212;305;220,9861906736;"1-100%";"Chenaie";1;25,2562500238419;25,3000001907349;16
6212;309;55;"11-100%";"Autres peuplements feuillus";1;19;16,5;16
6234;2;204,526129057;"1-100%";"Chenaie";1;24,0187495946884;23,7999992370605;16
6234;22;191,7116249166;"1-76%;3-24%";"Chenaie";1;25,8052632181268;26,2999992370605;19
6234;27;143,7882165007;"1-54%;11-46%";"Chenaie";1;23,0875000953674;23,1000003814697;16
6234;44;271,24379203;"1-100%";"Chenaie";1;24,7812498807907;24,7999992370605;16
6234;61;155,545108008;"3-42%;14-30%";"Autres peuplements feuillus";1;26,831249833107;26,3999996185303;16
6234;65;148;"1-99%;11-1%";"Chenaie";1;24,5428573063442;24,7999992370605;14
6234;69;178,7190067248;"1-99%;25-1%";"Chenaie";1;25,2375001907349;25,2000007629395;16
6234;81;209,9393477344;"1-100%";"Chenaie";1;25,6299998283386;25,8999996185303;20
6234;82;187,7243648067;"1-80%;11-20%";"Chenaie";1;26,168750166893;25,5;16
6234;86;181,7716929639;"1-99%;11-1%";"Chenaie";1;24,9999998807907;24,8999996185303;16
6234;105;219,8893006028;"1-100%";"Chenaie";1;26,8750002384186;26,5;16
6234;123;115;"1-100%";"Chenaie";1;23,91428565979;23,5;21
6234;130;34;"13-100%";"Autres peuplements feuillus";1;23,856249332428;22,2999992370605;16
6234;142;190,9848369336;"3-78%;1-22%";"Hetraie";1;26,9571426028297;26,8999996185303;21
6234;143;178;"1-100%";"Chenaie";1;24,0312502384186;24;16
6234;144;187;"1-92%;11-8%";"Chenaie";1;25,5937502384186;25,7000007629395;16
6234;145;188,9121896015;"1-100%";"Chenaie";1;25,3625005483627;25,7000007629395;16
6234;147;219;"1-100%";"Chenaie";1;25,3124995827675;27,8999996185303;16
6234;164;191;"1-100%";"Chenaie";1;25,3499999046326;26;16
6234;172;211,8564715802;"3-55%;1-45%";"Hetraie";1;28,0874996185303;27,2999992370605;16
6234;181;180,792860104;"1-76%;3-23%";"Chenaie";1;22,7562501430511;23,6000003814697;16
6234;206;147,7243648067;"1-100%";"Chenaie";1;24,0571427118211;23;21
6234;221;204,2819150272;"1-99%;3-1%";"Chenaie";1;23,5187499523163;22,8999996185303;16
6234;223;206,5581015552;"3-99%;1-1%";"Hetraie";1;27,207142829895;27,3999996185303;14
6234;224;185,848369336;"1-99%;14-1%";"Chenaie";1;25,0882354063146;25,1000003814697;17
6234;225;170,8134043578;"1-88%;18-12%";"Chenaie";1;20,6437495946884;22,7999992370605;16
6234;229;130,8216478161;"13-46%;1-29%";"Autres peuplements feuillus";1;21,6125003099442;23,2000007629395;16
6234;241;182;"1-100%";"Chenaie";1;21,8250006437302;21,7000007629395;16
6234;244;162,9545108008;"3-51%;11-27%";"Hetraie";1;27,0687502622604;28,7000007629395;16
6234;248;213,9675723302;"1-100%";"Chenaie";1;25,2375003099442;24,6000003814697;16
6234;262;197,7730063114;"1-100%";"Chenaie";1;23,3333332425072;23,5;21
6234;265;163,9648758406;"1-74%;3-26%";"Chenaie";1;24,2666670481364;24,6000003814697;18
6234;267;135;"1-100%";"Chenaie";1;23,044444931878;19,7000007629395;18
6234;281;190,671935501;"1-100%";"Chenaie";1;23,4249997138977;23,1499996185303;16
6234;301;198,9861906736;"1-78%;41-22%";"Chenaie";1;27,5812493562698;28,7999992370605;16
6234;304;202,9660735196;"1-76%;3-24%";"Chenaie";1;25,1166671117147;23,6500005722046;18
6312;2;180;"11-51%;1-49%";"Autres peuplements feuillus";1;24,5374999046326;25,5;16
6312;21;170,963548389;"1-100%";"Chenaie";1;24,5624997615814;24,6000003814697;16
6312;23;165;"1-100%";"Chenaie";1;25,962500333786;25,7000007629395;16
6312;24;168,8938585352;"1-99%;11-1%";"Chenaie";1;31,9142847515288;32,5999984741211;21
6312;41;194,7573909376;"1-91%;11-9%";"Chenaie";1;23,2300001144409;23,1000003814697;20
6312;44;31;"11-100%";"Autres peuplements feuillus";1;10,9437499642372;9,89999961853027;16
6312;67;132,902795704;"1-100%";"Chenaie";1;23,6000003814697;23,6000003814697;9
6312;82;194,5785100872;"1-100%";"Chenaie";1;NA;NA;0
6312;102;135,2379497597;"1-100%";"Chenaie";1;24,5473686017488;23,7000007629395;19
6312;105;154,74539644;"1-75%;11-25%";"Chenaie";1;21,9105268779554;21,2000007629395;19
6312;121;173,3328250784;"1-92%;11-8%";"Chenaie";1;21,2888890372382;21,3999996185303;18
6312;124;180;"1-57%;11-43%";"Chenaie";1;21,6062498092651;21;16
6312;126;240,9421423874;"1-91%;11-9%";"Chenaie";1;25,5210525111148;26,1000003814697;19
6312;142;179,3384336322;"1-100%";"Chenaie";1;24,0923071641188;23,2999992370605;13
6312;143;243,879744336;"1-76%;11-24%";"Chenaie";1;22,1500000953674;22;16
6312;163;140;"1-100%";"Chenaie";1;23,7833332485623;24,25;18
6312;182;198,6283663094;"1-100%";"Chenaie";1;19,8611115349664;19,8000001907349;18
6334;48;139,4571763136;"1-100%";"Chenaie";1;18,3611112170749;18;18
6334;50;134,890645167;"1-57%;11-43%";"Chenaie";1;18,5352938034955;18,8999996185303;17
6334;81;132;"1-69%;13-31%";"Chenaie";1;26,1900001525879;26,6000003814697;20
6334;101;153,7786012056;"11-65%;1-35%";"Autres peuplements feuillus";1;25,1000005822433;24,7000007629395;19
6334;102;189,7794778774;"1-100%";"Chenaie";1;25,7722220950656;25,8999996185303;18
6334;122;67;"3-100%";"Hetraie";1;21,6000003814697;20,6000003814697;9
6334;123;146,8757160624;"1-100%";"Chenaie";1;23,4125003814697;23,2000007629395;16
6334;131;213,696738672;"3-100%";"Hetraie";1;28,8666668997871;30;18
6334;132;222,380322613;"3-100%";"Hetraie";1;30,1777782440186;30,2000007629395;18
6334;144;208,8930961528;"1-76%;11-21%";"Chenaie";1;22,4222225613064;23,2000007629395;18
6334;152;200,898158576;"3-100%";"Hetraie";1;29,2687503099442;28,5;16
6334;161;127;"1-100%";"Chenaie";1;23,2190478188651;23,1000003814697;21
6334;172;230,9545108008;"3-100%";"Hetraie";1;29,0437502861023;29,1000003814697;16
6334;181;193,930953368;"1-62%;3-38%";"Chenaie";1;25,163158015201;24,2000007629395;19
6334;192;210,3991355984;"3-100%";"Hetraie";1;25,389999961853;25,1499996185303;20
6334;193;218,7119017384;"3-100%";"Hetraie";1;29,0374994277954;28,7999992370605;16
6334;195;267,647634427;"3-100%";"Hetraie";1;25,9111103481717;25,2999992370605;18
6334;203;41;"11-100%";"Autres peuplements feuillus";1;NA;NA;0
6334;241;133,9898158576;"1-73%;11-27%";"Chenaie";1;23,1722224553426;23,1000003814697;18
6334;242;88;"1-100%";"Chenaie";1;21,7687502503395;18;16
6334;282;177,5213453072;"1-80%;11-20%";"Chenaie";1;23,1421051025391;22,7999992370605;19
6378;154;134;"1-90%;11-10%";"Chenaie";1;25,2749998092651;25,5;20
6378;171;165;"1-68%;3-32%";"Chenaie";1;25,4555552800496;24,8000001907349;18
6378;174;192;"3-65%;1-26%";"Hetraie";1;32,2375004291534;34,2000007629395;16
6378;180;201,781290334;"1-100%";"Chenaie";1;25,5812499523163;25,8999996185303;16
6378;189;202;"1-75%;3-25%";"Chenaie";1;25,5857145218622;26,3999996185303;21
6378;192;184;"1-62%;3-38%";"Chenaie";1;26,6000003814697;27,1000003814697;16
6378;197;98;"1-100%";"Chenaie";1;22,3666670057509;22,5;18
6378;199;105;"1-100%";"Chenaie";1;23,1562497615814;25,3999996185303;16
6378;200;54;"11-100%";"Autres peuplements feuillus";1;22,6285712378366;23,1000003814697;14
6378;203;195,975698926;"3-80%;1-20%";"Hetraie";1;26,5687497854233;25,7999992370605;16
6378;212;111;"11-100%";"Autres peuplements feuillus";1;23,3500001430511;23,5;16
6378;216;134;"1-67%;3-33%";"Chenaie";1;28,1333334786551;28,1000003814697;21
6378;232;215,8676061488;"1-100%";"Chenaie";1;27,1000006539481;27,2000007629395;21
6378;233;100;"11-100%";"Autres peuplements feuillus";1;29,5312503576279;31,7000007629395;16
6378;241;166;"1-100%";"Chenaie";1;23,6250004768372;23,7000007629395;16
6378;242;204;"1-100%";"Chenaie";1;26,3874995708466;26,7999992370605;16
6378;258;152;"1-76%;11-24%";"Chenaie";1;35,9124989509583;36,0999984741211;16
6378;260;196;"3-90%;4-10%";"Hetraie";1;30,012499332428;30,2999992370605;16
6378;288;195;"3-37%;4-29%";"Autres peuplements feuillus";1;32,0250008106232;29,8999996185303;16
6378;317;107;"11-100%";"Autres peuplements feuillus";1;22,9999998807907;23,7000007629395;16
6412;2;242,8054339812;"3-100%";"Hetraie";1;28,7312505245209;27,7000007629395;16
6412;10;187,9830367598;"3-100%";"Hetraie";1;26,8562496900558;27,3999996185303;16
6412;27;63;"1-100%";"Chenaie";1;19,7833337783813;19,1000003814697;18
6412;29;150,660735196;"3-100%";"Hetraie";1;26,6333333121406;26,6000003814697;18
6412;65;103;"1-99%;11-1%";"Chenaie";1;22,4000007629395;22,2000007629395;10
6412;84;93;"1-99%;11-1%";"Chenaie";1;21,9312496185303;21,8999996185303;16
6412;93;180,8180432032;"3-100%";"Hetraie";1;26,9124999046326;27,2999992370605;16
6412;101;202,914946241;"3-75%;1-25%";"Hetraie";1;26,8263156288549;29,8999996185303;19
6412;110;227,8065012944;"3-84%;1-16%";"Hetraie";1;27,2062501907349;27,1000003814697;16
6412;111;200,8387717896;"1-46%;3-33%";"Autres feuillus nobles";1;27,0750004053116;26,7000007629395;16
6412;121;144,87849463;"1-100%";"Chenaie";1;22,9812499284744;22,7999992370605;16
6412;123;130,829892482;"1-100%";"Chenaie";1;21,6000003814697;21,6000003814697;1
6412;124;128,7074373074;"1-100%";"Chenaie";1;25,5312503576279;25,1000003814697;16
6412;131;219,8786954688;"3-50%;1-50%";"Hetraie";1;29,7285714830671;29,5;21
6412;136;164,9321470392;"1-100%";"Chenaie";1;25,5749997138977;26,1000003814697;20
6412;141;175,8777902912;"1-74%;3-26%";"Chenaie";1;23,7374995946884;23,2999992370605;16
6412;144;209,8830509172;"3-100%";"Hetraie";1;31,9294117198271;32,2000007629395;17
6412;145;72;"11-100%";"Autres peuplements feuillus";1;28,8624997138977;29,8999996185303;16
6412;162;232;"3-46%;1-33%";"Autres feuillus nobles";1;23,1000001430511;23,1000003814697;16
6412;163;209,8574220064;"3-100%";"Hetraie";1;27,1687496900558;26,3999996185303;16
6412;164;204,5599094646;"3-100%";"Hetraie";1;25,0875002145767;23;16
6412;174;108;"1-100%";"Chenaie";1;24,3625004291534;24,2000007629395;16
6412;180;213,7877170704;"1-75%;3-25%";"Chenaie";1;27,1374996900558;26,8999996185303;16
6412;181;192,338030744;"1-81%;11-19%";"Chenaie";1;23,4687498807907;23,75;16
6412;182;185;"1-100%";"Chenaie";1;24,4062496423721;24,3999996185303;16
6412;184;215;"1-77%;3-23%";"Chenaie";1;27,2611114713881;27,1000003814697;18
6412;192;194,987849463;"3-100%";"Hetraie";1;29,972222328186;30,2000007629395;18
6412;202;226;"4-51%;3-49%";"Erabliere";1;30,1749997138977;29,4000005722046;16
6412;203;206,9927808264;"1-69%;3-31%";"Chenaie";1;27,3611108991835;26,8999996185303;18
6412;206;181;"1-51%;3-49%";"Chenaie";1;22,4799997965495;22,3999996185303;15
6412;208;228;"1-100%";"Chenaie";1;23,8105265968724;23,2000007629395;19
6412;225;182;"1-100%";"Chenaie";1;25,8000001907349;25,2000007629395;16
6412;227;219,7148440128;"1-89%;3-11%";"Chenaie";1;22,8750002384186;22,9499998092651;16
6412;254;79;"1-100%";"Chenaie";1;22,6812499761581;22,6000003814697;16
6412;264;239,6757320886;"1-100%";"Chenaie";1;27,6888888676961;28,1000003814697;18
6412;281;201,5946541275;"1-100%";"Chenaie";1;23,7400001525879;23,5;5
6412;282;155,9696738672;"1-100%";"Chenaie";1;23,2611107296414;23,3999996185303;18
6412;283;227,8676061488;"1-100%";"Chenaie";1;25,483333269755;25,7999992370605;18
6412;299;191,9648758406;"3-100%";"Hetraie";1;26,8166671329074;27,2000007629395;18
6412;300;220,5028642496;"3-100%";"Hetraie";1;26,3047617957706;26,3999996185303;21
6434;83;181,9893682652;"1-71%;3-29%";"Chenaie";1;28,6047621227446;27,2000007629395;21
6434;101;226;"3-100%";"Hetraie";1;29,3095239911761;29,1000003814697;21
6434;126;194,7892550436;"3-78%;1-22%";"Hetraie";1;24,7666665183173;25;18
6434;131;179,745551397;"3-100%";"Hetraie";1;27,0124996900558;27;16
6434;144;221;"1-81%;11-19%";"Chenaie";1;17,6857141767229;17,5;21
6434;173;34;"11-100%";"Autres peuplements feuillus";1;18,1062500476837;18,5;16
6434;180;128,9813993774;"3-100%";"Hetraie";1;20,837500333786;20,8999996185303;16
6434;191;41;"3-100%";"Hetraie";1;16,6944448682997;16,5;18
6434;208;138,65476684;"3-100%";"Hetraie";1;23,9937500953674;23,6000003814697;16
6434;209;223,9185268608;"3-78%;1-22%";"Hetraie";1;29,8062499761581;29,8999996185303;16
6434;225;169,9351446604;"3-79%;1-21%";"Hetraie";1;27,4437503814697;27,2000007629395;16
6434;229;246,817741945;"3-100%";"Hetraie";1;28,9062505960464;28,7000007629395;16
6434;235;222,9513584953;"3-100%";"Hetraie";1;25,2818183898926;26,1000003814697;11
6434;253;230;"3-80%;1-20%";"Hetraie";1;28,1176472832175;28,5;17
6434;256;196,4086404104;"1-100%";"Chenaie";1;23,3999997377396;22,8999996185303;16
6434;274;189,866344093;"3-80%;1-20%";"Hetraie";1;25,9437501430511;26,6000003814697;16
6434;313;195,830367598;"1-100%";"Chenaie";1;28,3875000476837;28;16
6434;314;305,8597737932;"3-53%;1-47%";"Hetraie";1;28,3523808433896;28,2999992370605;21
6456;14;50;"4-100%";"Erabliere";1;25,3812493085861;25,7999992370605;16
6456;20;138;"1-70%;4-30%";"Chenaie";1;25,1624994277954;22,3999996185303;16
6456;56;168,5581015552;"3-79%;1-21%";"Hetraie";1;30,7055553860135;30,5;18
6456;77;193,7657647248;"1-100%";"Chenaie";1;23,9500000476837;24;16
6456;104;180,5082617684;"3-100%";"Hetraie";1;24,3315785056666;24,2999992370605;19
6456;110;200,7892550436;"3-100%";"Hetraie";1;27,9647061965045;29,1000003814697;17
6456;115;209,65476684;"3-76%;1-24%";"Hetraie";1;27,0176467895508;26,8999996185303;17
6456;138;222,861906736;"1-100%";"Chenaie";1;28,4777782228258;27,7000007629395;18
6456;151;205,708387112;"3-83%;49-17%";"Hetraie";1;30,9750003814697;31,2000007629395;16
6456;152;203;"3-66%;41-34%";"Hetraie";1;27,6777779261271;29,1000003814697;18
6456;157;212,6130025888;"3-99%;41-1%";"Hetraie";1;27,6250005960464;28,2000007629395;16
6456;159;227,781290334;"3-100%";"Hetraie";1;26,200000166893;27,2000007629395;16
6456;237;201;"3-74%;1-26%";"Hetraie";1;26,5125005245209;26,2000007629395;16
6456;258;218,1990590688;"3-61%;1-39%";"Hetraie";1;26,1062505245209;25,7000007629395;16
6456;277;220,7514321248;"3-100%";"Hetraie";1;29,0900003433228;29,1000003814697;20
6456;279;177,8757160624;"1-100%";"Chenaie";1;27,3499997854233;27,3999996185303;16
6456;280;133;"3-100%";"Hetraie";1;22,1222218407525;22;18
6456;282;206,8893060048;"3-99%;41-1%";"Hetraie";1;29,7166668574015;30;18
6456;290;229,924184668;"3-100%";"Hetraie";1;33,1277775234646;33,7999992370605;18
6456;293;192,9861906736;"3-100%";"Hetraie";1;30,7578943152177;31;19
6456;299;172;"1-73%;3-27%";"Chenaie";1;25,7166667514377;25,6000003814697;18
6456;300;125;"11-52%;14-48%";"Autres peuplements feuillus";1;25,2611111534966;24,1000003814697;18
6456;317;204,6842915856;"1-54%;3-45%";"Chenaie";1;26,1125001907349;26;16
6478;48;220,8642940784;"3-100%";"Hetraie";1;27,9857142312186;28,6000003814697;21
6478;49;116;"3-100%";"Hetraie";1;29,5000002007735;27,8999996185303;19
6478;67;143,720537649;"3-73%;11-27%";"Hetraie";1;27,7937498092651;28,5;16
6478;129;205,5250292744;"3-100%";"Hetraie";1;28,0736844916093;28,2999992370605;19
6478;141;188,8480974096;"1-78%;3-22%";"Chenaie";1;28,3937494754791;30,3999996185303;16
6478;161;243,027169906;"3-100%";"Hetraie";1;29,6300003051758;29,6000003814697;10
6478;162;187,9171440416;"3-100%";"Hetraie";1;28,3124995231628;29,1000003814697;16
6478;170;231,3352327691;"1-78%;3-22%";"Chenaie";1;27,2500001192093;27,3999996185303;16
6478;189;145,7422278712;"3-100%";"Hetraie";1;27,2764705209171;27;17
6478;210;177,6595094671;"1-100%";"Chenaie";1;24,3055555555556;24;18
6478;232;34;"1-100%";"Chenaie";1;20,112499833107;18,2999992370605;16
6512;1;184,7716929639;"3-100%";"Hetraie";1;25,8099998474121;26,7999992370605;20
6512;292;73;"13-98%;11-2%";"Autres peuplements feuillus";1;23,6058820836684;26,5;17
6534;187;49;"13-100%";"Autres peuplements feuillus";1;20,7722223069933;19,7000007629395;18
6556;8;172;"1-81%;3-19%";"Chenaie";1;24,5749999284744;24,5;16
6556;105;63;"3-100%";"Hetraie";1;19,3944441477458;18,2999992370605;18
6556;178;203,9189308255;"1-99%;3-1%";"Chenaie";1;23,3312493562698;22,7999992370605;16
6556;218;198;"3-67%;1-33%";"Hetraie";1;26,7285717555455;26,2000007629395;14
6556;219;257,7250281552;"3-56%;1-44%";"Hetraie";1;26,8555557462904;25,8999996185303;18
6556;299;190;"3-67%;1-33%";"Hetraie";1;24,4499995973375;24,7999992370605;18
6556;300;222,8419412827;"1-84%;3-16%";"Chenaie";1;22,9857144128709;23,3999996185303;21
6578;40;243,781290334;"1-63%;3-37%";"Chenaie";1;26,1888884438409;27,2999992370605;18
6578;81;123;"1-100%";"Chenaie";1;24,3809522901263;24,3999996185303;21
6578;131;158;"3-100%";"Hetraie";1;26,6333336603074;24,6000003814697;21
6578;153;99;"4-100%";"Erabliere";1;23,7875001430511;23,9000005722046;16
6634;149;82;"11-100%";"Autres peuplements feuillus";1;17,3000003099442;17,6000003814697;16
6634;161;193,930953368;"1-100%";"Chenaie";1;25,2062501907349;25,5;16
6634;162;201;"1-76%;3-24%";"Chenaie";1;28,4874999523163;28,5;16
6634;181;172,7365688045;"1-98%;3-2%";"Chenaie";1;22,6437500715256;22,5;16
6634;184;159;"3-52%;1-48%";"Hetraie";1;25,1705885494457;24,6000003814697;17
6634;185;126,9592634304;"3-100%";"Hetraie";1;21,8187500238419;22,1000003814697;16
6634;187;217;"1-100%";"Chenaie";1;29,088888698154;29;18
6634;190;166;"1-73%;3-27%";"Chenaie";1;22,8526320206492;22,5;19
6634;202;156;"1-100%";"Chenaie";1;21,1428572336833;22,3999996185303;21
6634;209;94;"1-100%";"Chenaie";1;18,4562499523163;18,8999996185303;16
6634;210;91;"1-99%;3-1%";"Chenaie";1;18,3555553224352;18,5;18
6634;221;254;"1-90%;4-10%";"Chenaie";1;27,0466664632161;27,5;15
6634;223;120;"1-100%";"Chenaie";1;26,5687499046326;27,8999996185303;16
6634;229;115;"1-99%;11-1%";"Chenaie";1;20,2750000953674;20;16
6634;241;168;"1-53%;11-47%";"Chenaie";1;25,0124995708466;25,2999992370605;16
6634;243;151,9121896015;"1-100%";"Chenaie";1;24,5166668362088;25,1000003814697;18
6634;244;142,7074373074;"1-100%";"Chenaie";1;22,3250000476837;22,3999996185303;16
6634;248;175,4844557424;"1-80%;3-20%";"Chenaie";1;24,8125001192093;24,7000007629395;16
6634;261;182;"4-68%;13-32%";"Erabliere";1;26,331249833107;26,3499994277954;16
6634;267;163,87849463;"1-76%;3-24%";"Chenaie";1;25,6222219467163;25,3999996185303;18
6634;283;118;"1-100%";"Chenaie";1;30,6473690836053;34,5;19
6634;303;205,441075298;"1-58%;3-22%";"Chenaie";1;26,7687497138977;26,7999992370605;16
6634;304;184;"1-69%;3-31%";"Chenaie";1;23,5052629771986;23,3999996185303;19
6634;305;168;"1-100%";"Chenaie";1;24,9062494039536;25,2999992370605;16
6712;1;173;"1-69%;3-31%";"Chenaie";1;28,7684212734825;28,7000007629395;19
6712;3;203;"1-100%";"Chenaie";1;28,6944442325168;25,7999992370605;18
6712;4;195;"1-70%;14-30%";"Chenaie";1;29,3799993515015;29,2999992370605;10
6712;8;245;"1-99%;14-1%";"Chenaie";1;26,6214288984026;25,8500003814697;14
6712;21;77;"1-100%";"Chenaie";1;20,0666664971246;18,8999996185303;18
6712;23;188;"1-52%;3-30%";"Chenaie";1;27,8375000953674;27,2000007629395;16
6712;41;185;"1-100%";"Chenaie";1;26,6777771843804;27,1499996185303;18
6712;42;194;"1-55%;4-45%";"Chenaie";1;28,1238093603225;27,2999992370605;21
6712;43;142;"1-100%";"Chenaie";1;23,9444445504083;24;18
6712;46;178;"1-83%;11-17%";"Chenaie";1;26,3238093966529;26,2999992370605;21
6712;61;215;"1-100%";"Chenaie";1;27,962500333786;27,2000007629395;16
6712;62;176;"1-100%";"Chenaie";1;25,4899998664856;25,5500001907349;20
6712;65;226,831552616;"4-53%;1-47%";"Erabliere";1;30,686666615804;29,8999996185303;15
6712;88;215;"1-100%";"Chenaie";1;26,331249833107;26,7999992370605;16
6712;90;190;"1-77%;4-23%";"Chenaie";1;27,5749999284744;27,5;16
6712;134;188;"1-100%";"Chenaie";1;25,7500003576279;25,6000003814697;16
6712;161;221,9796317152;"3-100%";"Hetraie";1;29,9444442325168;30,3999996185303;18
6712;172;222,6231867312;"1-82%;41-18%";"Chenaie";1;NA;NA;0
6712;176;205,9388951456;"1-100%";"Chenaie";1;24,9874997138977;24,9499998092651;16
6712;184;154;"3-64%;1-36%";"Hetraie";1;24,0222225189209;24,2000007629395;18
6712;185;182;"4-77%;3-23%";"Erabliere";1;25,0000005298191;25,2000007629395;18
6712;187;169;"1-100%";"Chenaie";1;24,9150001525879;24,7000007629395;20
6712;189;236,8102296048;"1-100%";"Chenaie";1;27,84444448683;28;18
6712;193;228;"1-80%;44-20%";"Chenaie";1;21,5875005722046;23,4500007629395;16
6712;194;204,8339509042;"1-74%;3-26%";"Chenaie";1;24,6333327823215;24,2999992370605;18
6712;216;79;"11-98%;13-2%";"Autres peuplements feuillus";1;21,3624995946884;21,2999992370605;16
6712;218;147;"3-100%";"Hetraie";1;32,2749996185303;33,3999996185303;16
6712;219;78;"3-100%";"Hetraie";1;35,4277769724528;36,5999984741211;18
6712;220;187,924184668;"1-100%";"Chenaie";1;27,6199999809265;25,8999996185303;20
6712;232;154;"1-72%;3-28%";"Chenaie";1;25,1611114078098;24,7000007629395;18
6712;235;180,9848369336;"1-78%;3-22%";"Chenaie";1;27,3750001192093;27,5;16
6712;239;260,516673576;"3-100%";"Hetraie";1;29,2999998728434;28,3999996185303;12
6712;242;179;"1-100%";"Chenaie";1;27,7687497138977;27,7999992370605;16
6712;248;169;"3-100%";"Hetraie";1;26,7875001430511;26,2000007629395;16
6712;252;68;"11-100%";"Autres peuplements feuillus";1;23,3437504768372;23,2000007629395;16
6712;253;201,9185268608;"1-100%";"Chenaie";1;25,347618557158;24,8999996185303;21
6712;254;287,2409184192;"3-79%;4-21%";"Hetraie";1;29,9562497138977;30,3999996185303;16
6712;256;169,817741945;"3-66%;1-34%";"Hetraie";1;23,987499833107;23,6000003814697;16
6712;260;238,8147078776;"4-77%;13-18%";"Erabliere";1;31,4000000953674;31,6999998092651;16
6712;265;218;"1-100%";"Chenaie";1;23,1875002384186;23;16
6712;271;219,513584953;"1-100%";"Chenaie";1;24,8473683407432;25;19
6712;272;189,9848369336;"3-99%;11-1%";"Hetraie";1;24,8150003433228;24,7000007629395;20
6712;273;224,8628357016;"3-57%;1-43%";"Hetraie";1;24,9812498092651;25,3999996185303;16
6712;274;192,8676061488;"3-75%;1-25%";"Hetraie";1;25,336841583252;25,2999992370605;19
6712;275;194,5622264577;"1-76%;41-24%";"Chenaie";1;25,1187498569489;24,8999996185303;16
6712;280;212,9351446604;"3-100%";"Hetraie";1;28,9600004196167;29,1000003814697;20
6712;288;204;"1-100%";"Chenaie";1;26,2555554707845;26,1999998092651;18
6712;289;243;"1-42%;3-36%";"Autres feuillus nobles";1;29,9999994039536;31,2999992370605;16
6712;291;207;"1-86%;3-14%";"Chenaie";1;26,8000000715256;27,5;16
6712;292;189;"4-42%;13-30%";"Autres peuplements feuillus";1;27,6777776082357;28,3999996185303;18
6712;294;175,9946841326;"3-73%;1-27%";"Hetraie";1;25,4250004291534;25,2000007629395;16
6712;300;198,8216478161;"1-75%;3-25%";"Chenaie";1;26,6875004768372;26,2000007629395;16
6712;307;184;"1-75%;45-25%";"Chenaie";1;30,6500002145767;30,1000003814697;16
6712;309;190,9393477344;"1-100%";"Chenaie";1;24,2666669209798;24,2000007629395;15
6712;311;50;"3-100%";"Hetraie";1;15,125;15,1999998092651;16
6712;313;151;"4-55%;11-26%";"Erabliere";1;27,6125001907349;27,5;16
6712;319;233,5784402926;"1-69%;3-31%";"Chenaie";1;25,8750004768372;25,8500003814697;16
6734;2;225,902795704;"3-80%;1-20%";"Hetraie";1;25,956249833107;25,7999992370605;16
6734;13;197,8216478161;"1-70%;3-30%";"Chenaie";1;24,938889503479;24,6000003814697;18
6734;14;235,65476684;"3-67%;1-33%";"Hetraie";1;28,8062499761581;28,6000003814697;16
6734;16;196,793440871;"3-100%";"Hetraie";1;27,9124997854233;27,8999996185303;16
6734;20;168,9861906736;"1-100%";"Chenaie";1;26,1874997615814;26,1499996185303;16
6734;23;252,6597844864;"3-43%;1-40%";"Autres feuillus nobles";1;32,1625006198883;32,7000007629395;8
6734;24;274,8734864032;"1-52%;2-48%";"Chenaie";1;29,306250333786;29,7000007629395;16
6734;29;216;"1-56%;41-44%";"Chenaie";1;27,34736844113;28;19
6734;31;259;"3-56%;1-31%";"Hetraie";1;26,9944440523783;28,3999996185303;18
6734;35;194;"3-100%";"Hetraie";1;26,84736844113;26,6000003814697;19
6734;37;179,840523978;"3-82%;1-18%";"Hetraie";1;24,2937500476837;24,1000003814697;16
6734;39;221,317662012;"1-53%;3-47%";"Chenaie";1;26,8263156288549;26,3999996185303;19
6734;40;244,2721728128;"1-54%;3-46%";"Chenaie";1;25,7714284261068;25,3999996185303;21
6734;56;259,9855616528;"4-35%;3-33%";"Autres feuillus nobles";1;29,3777781592475;28,7000007629395;18
6734;58;220,189308255;"1-61%;3-39%";"Chenaie";1;25,2222220102946;25,3999996185303;18
6734;59;195,3371523328;"1-100%";"Chenaie";1;25,0578940542121;24,2999992370605;19
6734;61;226,8181367046;"3-73%;1-27%";"Hetraie";1;25,818749666214;25,2999992370605;16
6734;74;52;"3-100%";"Hetraie";1;19,4444440205892;18,2999992370605;18
6734;79;194;"1-70%;3-30%";"Chenaie";1;26,6749994754791;26,5;16
6734;86;150;"3-100%";"Hetraie";1;26,9812500476837;28,7999992370605;16
6734;91;276;"4-53%;1-43%";"Erabliere";1;28,3999995125665;26,7999992370605;18
6734;92;176;"1-83%;11-17%";"Chenaie";1;25,8250005245209;25,7000007629395;16
6734;93;262,6595094671;"1-79%;3-21%";"Chenaie";1;27,6999998092651;27,8999996185303;18
6734;94;184,9447626944;"3-100%";"Hetraie";1;27,0875000953674;27,1000003814697;16
6734;96;235,4752455968;"1-100%";"Chenaie";1;29,4437500238419;29,3999996185303;16
6734;98;210;"1-51%;3-49%";"Chenaie";1;27,4062495231628;27;16
6734;100;223;"3-100%";"Hetraie";1;33,3125004768372;33,2000007629395;16
6734;104;228,7422278712;"3-70%;1-30%";"Hetraie";1;27,700000399635;28,1000003814697;21
6734;105;199,8757160624;"3-100%";"Hetraie";1;26,2666672297886;26,6000003814697;21
6734;107;231,8777902912;"1-100%";"Chenaie";1;27,9277781380547;28,7000007629395;18
6734;109;205,8065012944;"3-68%;1-32%";"Hetraie";1;27,3999999364217;27,2000007629395;18
6734;110;196;"3-100%";"Hetraie";1;25,5333330971854;28,8999996185303;21
6734;111;177;"3-100%";"Hetraie";1;28,752381279355;28,7000007629395;21
6734;112;173;"1-96%;3-4%";"Chenaie";1;26,961111386617;26,1000003814697;18
6734;113;203,975936088;"3-100%";"Hetraie";1;30,2875001430511;30,25;16
6734;114;233,75698926;"1-60%;3-40%";"Chenaie";1;28,8199996948242;28,8999996185303;20
6734;115;257,1082390805;"1-75%;3-25%";"Chenaie";1;27,3095240820022;27,5;21
6734;120;208,8895253888;"3-100%";"Hetraie";1;27,6833332909478;27,7999992370605;18
6734;129;208;"3-55%;1-45%";"Hetraie";1;24,3611115349664;24,3500003814697;18
6734;130;198,9946841326;"3-100%";"Hetraie";1;28,8277772267659;28,7999992370605;18
6734;132;158,9027169906;"3-100%";"Hetraie";1;26,7722215652466;26,7999992370605;18
6734;133;212,5581015552;"3-76%;1-24%";"Hetraie";1;27,8222222858005;27,8999996185303;18
6734;134;62;"3-100%";"Hetraie";1;29,1375000476837;30,0500001907349;16
6734;136;220,7422278712;"1-69%;3-31%";"Chenaie";1;25,8250000476837;25,5;16
6734;171;252,0747751312;"3-100%";"Hetraie";1;29,0999995640346;29,2999992370605;21
6734;173;222;"3-100%";"Hetraie";1;27,3999999761581;27,6000003814697;16
6734;191;196,927096778;"3-70%;1-30%";"Hetraie";1;27,0444444020589;26,6999998092651;18
6734;192;234,3326409714;"3-74%;1-26%";"Hetraie";1;26,5833334392971;27;18
6734;194;196,447626944;"3-100%";"Hetraie";1;28,7684205707751;28,7999992370605;19
6734;199;189,8879744336;"3-99%;41-1%";"Hetraie";1;26,1111108991835;26,5;18
6734;200;213;"3-67%;1-33%";"Hetraie";1;23,2117643917308;22,8999996185303;17
6734;214;197,73420663;"3-63%;1-37%";"Hetraie";1;26,7749996185303;26,8499994277954;16
6734;219;194;"1-65%;3-35%";"Chenaie";1;22,9111108779907;22,5;18
6734;232;241,5888308104;"1-87%;11-12%";"Chenaie";1;24,4833335876465;24,25;18
6734;239;184,7567924765;"3-67%;1-33%";"Hetraie";1;25,3062502145767;24,6000003814697;16
6734;253;196,565109511;"3-70%;4-30%";"Hetraie";1;26,4333337148031;25,7000007629395;18
6734;256;220,723251507;"1-100%";"Chenaie";1;22,5562497377396;22,8999996185303;16
6734;258;187,9824379203;"1-100%";"Chenaie";1;27,4749997854233;28,1000003814697;16
6734;260;288,5433859278;"1-67%;3-33%";"Chenaie";1;30,0500004291534;30;16
6734;273;226;"1-66%;3-25%";"Chenaie";1;25,4749994277954;25,0999994277954;16
6734;286;186,8028801368;"1-53%;3-47%";"Chenaie";1;27,2666668362088;27,2000007629395;18
6734;288;182,861906736;"3-55%;1-45%";"Hetraie";1;25,116666369968;25,2000007629395;18
6734;289;201,866344093;"3-100%";"Hetraie";1;28,6599998474121;29,2999992370605;5
6734;290;234,8702893208;"3-100%";"Hetraie";1;26,5777782864041;28,9000005722046;18
6734;291;235;"3-63%;1-37%";"Hetraie";1;25,8722218407525;26,3999996185303;18
6734;307;218,8166854368;"1-74%;3-26%";"Chenaie";1;26,7999999523163;26,2000007629395;16
6734;309;279,5946541275;"1-79%;14-16%";"Chenaie";1;24,4249997138977;24,4499998092651;16
6756;222;200,7555805824;"3-52%;1-48%";"Hetraie";1;28,0375001430511;27,0999994277954;16
6756;224;171;"1-80%;41-20%";"Chenaie";1;28,9999994039536;28,7999992370605;16
6756;225;204,8786954688;"1-100%";"Chenaie";1;28,25;27,7000007629395;16
6756;241;201,5442922288;"1-67%;3-33%";"Chenaie";1;24,1380954015823;24,1000003814697;21
6756;242;182,7657647248;"1-54%;3-46%";"Chenaie";1;26,375;25,8999996185303;16
6756;243;192,8757160624;"1-100%";"Chenaie";1;26,0176464529598;26,2999992370605;17
6756;244;295,0109560711;"1-88%;3-12%";"Chenaie";1;29,0500001907349;29;16
6756;262;243,1508682816;"1-100%";"Chenaie";1;26,0238095238095;26,5;21
6756;263;223,3384336322;"3-65%;1-35%";"Hetraie";1;28,5937501192093;28,1000003814697;16
6756;282;195;"3-71%;1-29%";"Hetraie";1;29,7499998092651;29,5;20
6756;284;224,6283663094;"1-93%;13-7%";"Chenaie";1;26,6062498092651;26;16
6756;301;244,949079288;"3-51%;1-49%";"Hetraie";1;28,0249998569489;27,6500005722046;16
6778;1;203,6776984362;"3-79%;1-21%";"Hetraie";1;26,8062496185303;26,8999996185303;16
6778;2;221;"1-56%;3-44%";"Chenaie";1;28,3500003814697;28,1500005722046;16
6778;3;209,675723302;"3-75%;1-25%";"Hetraie";1;28,862500667572;28,9000005722046;16
6778;32;186;"3-100%";"Hetraie";1;28,0555554495917;27,25;18
6778;41;211,8757160624;"1-75%;3-25%";"Chenaie";1;26,1933334350586;26,1000003814697;15
6778;51;198;"3-100%";"Hetraie";1;31,623810450236;32,4000015258789;21
6778;72;228,796317152;"3-51%;1-49%";"Hetraie";1;30,3444440629747;30,8999996185303;18
6778;101;65;"3-100%";"Hetraie";1;18,337500333786;17,5;16
6778;103;114;"1-100%";"Chenaie";1;24,3562500476837;22,8999996185303;16
6778;122;54;"3-100%";"Hetraie";1;21,3999997138977;19,3999996185303;20
6778;132;239,7877170704;"3-100%";"Hetraie";1;30,2842104058517;30,8999996185303;19
6778;133;210,8770654421;"1-75%;3-25%";"Chenaie";1;31,1888893975152;30,7000007629395;18
6778;134;182;"3-100%";"Hetraie";1;28,7625008821487;30,2000007629395;16
6778;142;238;"1-66%;3-34%";"Chenaie";1;28,4999996185303;28,7999992370605;20
6778;143;253;"3-100%";"Hetraie";1;33,1999994516373;32,7000007629395;16
6778;145;213,7081509718;"1-53%;3-24%";"Chenaie";1;30,6125003099442;30,5;16
6778;154;215,7877170704;"3-75%;1-25%";"Hetraie";1;29,8166662851969;29,75;18
6778;155;260,7786012056;"1-60%;3-40%";"Chenaie";1;30,068750500679;29,2000007629395;16
6778;161;218;"3-60%;1-40%";"Hetraie";1;27,5166665183173;27,5;18
6778;163;227;"3-71%;1-29%";"Hetraie";1;24,6578948372289;24,2000007629395;19
6778;164;213,802322505;"1-100%";"Chenaie";1;25,9562497138977;25,7999992370605;16
6778;176;239;"3-100%";"Hetraie";1;32,8562505245209;32,9000015258789;16
6778;195;228;"3-82%;1-18%";"Hetraie";1;30,8473687422903;30,6000003814697;19
6778;216;240,6663204857;"3-75%;1-25%";"Hetraie";1;29,6111116409302;29,2000007629395;18
6778;218;289,8634629066;"1-83%;4-17%";"Chenaie";1;28,1111113230387;28,2000007629395;18
6778;219;227,4028892902;"1-99%;29-1%";"Chenaie";1;28,9476189386277;29,6000003814697;21
6778;221;194;"3-62%;45-23%";"Hetraie";1;25,0562500953674;25,2000007629395;16
6778;224;240;"3-66%;1-34%";"Hetraie";1;29,8947374444259;30,2000007629395;19
6778;225;241,7541308842;"3-100%";"Hetraie";1;29,1999999284744;28,8999996185303;16
6778;237;290;"3-100%";"Hetraie";1;34,581250667572;34,9000015258789;16
6778;241;219,5609480075;"3-50%;1-50%";"Hetraie";1;28,6421049017655;28,2999992370605;19
6778;242;229,8868996136;"1-96%;14-4%";"Chenaie";1;23,893749833107;23,5;16
6778;243;199,4890549232;"1-79%;3-21%";"Chenaie";1;26,5285718100412;26,7000007629395;21
6778;265;176,4555755293;"1-67%;3-33%";"Chenaie";1;26,5666666030884;27,5;18
6778;275;210,6823854928;"3-100%";"Hetraie";1;32,211111386617;32,9000015258789;18
6778;277;195;"1-80%;3-20%";"Chenaie";1;30,7499994277954;30,2999992370605;20
6778;284;231,9830367598;"3-100%";"Hetraie";1;31,3437503576279;31,6000003814697;16
6778;304;201,5695585536;"1-95%;5-5%";"Chenaie";1;26,6777779261271;26,1000003814697;18
6778;319;147,9920929002;"3-66%;1-25%";"Hetraie";1;21,0624996423721;22,7999992370605;16
6812;10;169,5995295344;"3-100%";"Hetraie";1;23,8750004768372;25,2000007629395;16
6812;14;205,6838825654;"3-52%;1-48%";"Hetraie";1;25,9374997615814;25,8999996185303;16
6812;31;85;"3-100%";"Hetraie";1;24,1874995231628;24,4499998092651;16
6812;32;216,7865083054;"3-100%";"Hetraie";1;26,7157893933748;27,2999992370605;19
6812;33;203,9027169906;"3-67%;1-33%";"Hetraie";1;27,7187502384186;27;16
6812;34;197,6599947086;"3-62%;4-38%";"Hetraie";1;26,716667175293;26,7000007629395;18
6812;35;144,9374338288;"3-67%;1-33%";"Hetraie";1;25,3190472920736;25,3999996185303;21
6812;40;150,9824379203;"3-100%";"Hetraie";1;26,2437498569489;25,7999992370605;16
6812;48;189,9171440416;"3-72%;1-28%";"Hetraie";1;31,1749991178513;32,0999984741211;16
6812;54;194,4741395538;"3-100%";"Hetraie";1;26,2250003814697;26,6000003814697;16
6812;58;246,8326038872;"1-100%";"Chenaie";1;26,3549996376038;26,2999992370605;20
6812;60;214,5460126228;"3-73%;1-27%";"Hetraie";1;27,2875002622604;26,1000003814697;16
6812;75;34;"3-100%";"Hetraie";1;26,4500005245209;26,1000003814697;16
6812;79;229,9785284013;"1-61%;3-39%";"Chenaie";1;27,262499332428;27,0499992370605;16
6812;98;174,7514321248;"3-100%";"Hetraie";1;27,4375004768372;27,6000003814697;16
6812;113;212,7985886032;"3-100%";"Hetraie";1;24,6687496900558;25,3999996185303;16
6812;120;208,6823854928;"3-100%";"Hetraie";1;25,9523804982503;25,7999992370605;21
6812;138;221,7652414512;"3-68%;1-32%";"Hetraie";1;27,2833336724175;27,2000007629395;18
6812;139;224,1570201744;"1-99%;3-1%";"Chenaie";1;27,8249996900558;27,8999996185303;16
6812;140;230,9824379203;"3-100%";"Hetraie";1;30,5277775658502;30,8999996185303;18
6812;162;289;"3-100%";"Hetraie";1;28,5999999046326;28,5500001907349;16
6812;178;80;"3-100%";"Hetraie";1;23,3312500715256;20,5;16
6812;197;248,951397852;"3-55%;1-45%";"Hetraie";1;28,2187502384186;28,1000003814697;16
6812;199;231,9351446604;"3-100%";"Hetraie";1;27,1833330790202;27,2999992370605;18
6812;200;103;"3-100%";"Hetraie";1;25,5619041806176;24,7999992370605;21
6812;216;208,3647709856;"1-52%;3-48%";"Chenaie";1;25,8952379680815;25,5;21
6812;218;200,5258238481;"1-79%;3-21%";"Chenaie";1;25,0611107084486;24,8999996185303;18
6812;220;215,660735196;"3-54%;1-46%";"Hetraie";1;26,5000006357829;26,2000007629395;21
6812;235;219,9393477344;"3-73%;1-27%";"Hetraie";1;25,3874998092651;24,8000001907349;16
6812;237;233,4389665432;"1-96%;3-4%";"Chenaie";1;27,3687498569489;27,6499996185303;16
6812;239;265,9367432016;"1-79%;3-21%";"Chenaie";1;28,1937494277954;28,2999992370605;16
6812;242;156,8734864032;"1-74%;3-26%";"Chenaie";1;24,912499666214;24,9499998092651;16
6812;244;247,3376024604;"1-100%";"Chenaie";1;24,1000001430511;24,1000003814697;16
6812;258;243,6983290164;"1-85%;3-15%";"Chenaie";1;24,2500002384186;23,75;16
6812;260;186,9927808264;"1-100%";"Chenaie";1;26,9499995708466;26,7999992370605;16
6812;262;183,317662012;"1-39%;3-38%";"Autres feuillus nobles";1;23,1142856052944;23;21
6812;264;155;"1-100%";"Chenaie";1;22,9411764705882;23,5;17
6812;282;165,9351446604;"3-100%";"Hetraie";1;25,9666665395101;25,6999998092651;18
6812;283;208,975698926;"1-74%;3-26%";"Chenaie";1;26,0249996185303;26,2999992370605;16
6812;284;205;"3-67%;1-33%";"Hetraie";1;27,449999332428;27,5999994277954;16
6812;302;184,4996188088;"1-84%;3-16%";"Chenaie";1;21,7761898040771;21,2999992370605;21
6812;303;220,6136342466;"3-82%;1-18%";"Hetraie";1;23,2933336893717;23,2000007629395;15
6812;304;90;"3-99%;11-1%";"Hetraie";1;20,9684208317807;20,3999996185303;19
6834;1;146,0195378256;"1-55%;3-45%";"Chenaie";1;27,0949997901917;27,7999992370605;20
6834;2;236,39247315;"3-60%;1-40%";"Hetraie";1;26,6749997138977;26;16
6834;3;191,8066694304;"1-53%;3-47%";"Chenaie";1;24,252381279355;24,2000007629395;21
6834;4;193,0750529496;"1-61%;3-39%";"Chenaie";1;25,662499666214;25,6999998092651;16
6834;16;195,4028892902;"3-58%;1-42%";"Hetraie";1;26,9187495708466;26,7999992370605;16
6834;21;220;"1-99%;3-1%";"Chenaie";1;22,876470229205;23,2999992370605;17
6834;22;243;"1-100%";"Chenaie";1;25,9750003814697;25,7000007629395;16
6834;23;243,8409027398;"1-84%;3-16%";"Chenaie";1;23,6375000476837;23,5500001907349;16
6834;24;223,8204787568;"1-79%;3-21%";"Chenaie";1;26,7631577943501;26,3999996185303;19
6834;25;245,4649434483;"1-96%;3-4%";"Chenaie";1;26,34444448683;26,5;18
6834;32;259,2379497597;"1-92%;3-8%";"Chenaie";1;26,1166670057509;26,6000003814697;18
6834;33;177,6946616764;"3-53%;1-47%";"Hetraie";1;24,7999995095389;24,3999996185303;14
6834;34;161,7515347127;"3-100%";"Hetraie";1;24,8142859141032;26,1000003814697;21
6834;35;195,8595033624;"1-74%;3-26%";"Chenaie";1;27,1555557250977;27,2000007629395;18
6834;37;214,837861651;"3-82%;1-18%";"Hetraie";1;28,5166663063897;28,1000003814697;18
6834;39;226,5433859278;"1-65%;3-35%";"Chenaie";1;27,7111111746894;27,6000003814697;18
6834;40;201,914946241;"1-100%";"Chenaie";1;26,4176474178539;25,7000007629395;17
6834;44;170,8676061488;"1-69%;3-31%";"Chenaie";1;24,837500333786;24,8500003814697;16
6834;46;218,8635324024;"1-54%;3-46%";"Chenaie";1;26,4476189386277;26,6000003814697;21
6834;49;278,7892550436;"1-100%";"Chenaie";1;27,9210526315789;27,8999996185303;19
6834;50;201,8702893208;"1-52%;3-48%";"Chenaie";1;25,8285720461891;26,2000007629395;21
6834;51;279,3553968724;"3-60%;1-40%";"Hetraie";1;27,6900001525879;27,6000003814697;20
6834;52;251,0598898832;"1-70%;3-30%";"Chenaie";1;28,0500003099442;27,6000003814697;16
6834;53;213,781290334;"1-72%;3-28%";"Chenaie";1;27,1190475282215;27,8999996185303;21
6834;54;196;"1-76%;11-24%";"Chenaie";1;27,668749332428;27,2999992370605;16
6834;56;211;"1-72%;3-28%";"Chenaie";1;27,65555551317;28;18
6834;58;217,8946275218;"3-74%;1-26%";"Hetraie";1;28,8428570883615;29;21
6834;59;175,9927808264;"1-100%";"Chenaie";1;24,9777772691515;24,7999992370605;18
6834;62;164,8777902912;"1-76%;3-24%";"Chenaie";1;27,2050000190735;27;20
6834;63;229,5599094646;"3-100%";"Hetraie";1;27,043750166893;26,3999996185303;16
6834;64;175,8635324024;"1-97%;3-3%";"Chenaie";1;26,4944446351793;25,6000003814697;18
6834;65;269,2266836136;"1-59%;3-41%";"Chenaie";1;27,3749996423721;27,8999996185303;16
6834;67;211;"3-69%;1-31%";"Hetraie";1;27,9437502622604;28,1000003814697;16
6834;69;236,585720208;"1-55%;3-45%";"Chenaie";1;26,0874997377396;26,3999996185303;16
6834;71;193,1162031104;"3-100%";"Hetraie";1;26,9749995470047;26,7999992370605;16
6834;75;229,5995295344;"3-66%;1-34%";"Hetraie";1;29,0312504768372;29,2000007629395;16
6834;82;237,439872168;"1-76%;3-24%";"Chenaie";1;30,1000006198883;30,2500009536743;16
6834;83;227,7567924765;"1-73%;3-27%";"Chenaie";1;27,0000003633045;27,1000003814697;21
6834;84;187,5602710744;"3-54%;1-46%";"Hetraie";1;25,1749999523163;25,2000007629395;16
6834;86;251,599032279;"3-64%;1-36%";"Hetraie";1;27,3875000476837;28,6000003814697;16
6834;88;254,7014446451;"1-75%;3-25%";"Chenaie";1;28,2687499523163;28;16
6834;92;84;"3-100%";"Hetraie";1;20,9812496900558;21,7000007629395;16
6834;93;194,675723302;"3-53%;1-47%";"Hetraie";1;29,6222222646077;29,7000007629395;18
6834;94;197,9681047956;"3-70%;1-30%";"Hetraie";1;27,1874998807907;27,2999992370605;16
6834;103;228,9027169906;"1-78%;3-22%";"Chenaie";1;26,5250000953674;26,5500001907349;16
6834;105;155,9473137609;"3-100%";"Hetraie";1;26,9499995973375;26,8999996185303;18
6834;109;184;"3-75%;1-25%";"Hetraie";1;25,3999996185303;25,2999992370605;16
6834;110;286,540754859;"1-61%;3-39%";"Chenaie";1;29,0631579348915;29,3999996185303;19
6834;112;207,3190189342;"3-58%;1-42%";"Hetraie";1;23,9411764705882;23,8999996185303;17
6834;123;135;"3-100%";"Hetraie";1;31,0777779685126;31,4000005722046;18
6834;130;235,8865031557;"3-53%;1-47%";"Hetraie";1;26,4722227520413;26,6000003814697;18
6834;131;207,8028801368;"3-79%;1-21%";"Hetraie";1;27,1952377500988;26,8999996185303;21
6834;139;210,513584953;"1-100%";"Chenaie";1;26,6055556403266;26;18
6834;172;213,9831552616;"1-82%;3-18%";"Chenaie";1;26,556249499321;27,2999992370605;16
6834;173;120,8028801368;"11-71%;25-29%";"Autres peuplements feuillus";1;22,2611106236776;24,7999992370605;18
6834;178;195,9513584953;"3-100%";"Hetraie";1;29,6545456972989;30,7000007629395;11
6834;189;220;"3-100%";"Hetraie";1;32,768420169228;30,7999992370605;19
6834;190;154;"3-55%;1-45%";"Hetraie";1;27,2047620500837;26,3999996185303;21
6834;191;178;"1-74%;3-26%";"Chenaie";1;27,8666667938232;28,1000003814697;18
6834;199;169,8786954688;"3-100%";"Hetraie";1;25,4999998940362;26,5;18
6834;219;209,317662012;"1-100%";"Chenaie";1;26,1388883590698;25,3999996185303;18
6856;16;211;"3-100%";"Hetraie";1;29,9562499523163;30,1000003814697;16
6856;18;235,7892550436;"1-100%";"Chenaie";1;26,5499999523163;26,5;16
6856;20;46;"27-100%";"Autres peuplements feuillus";1;15,2812501192093;15,5;16
6856;22;214;"3-51%;1-49%";"Hetraie";1;27,7176466549144;27,8999996185303;17
6856;27;185,648758406;"1-100%";"Chenaie";1;24,0333330366347;23,7999992370605;18
6856;41;196,9920929002;"3-55%;1-45%";"Hetraie";1;28,1249997615814;27,5;16
6856;42;185,6409575136;"3-80%;1-20%";"Hetraie";1;27,1263160705566;27,2000007629395;19
6856;43;240,0595975758;"3-83%;1-17%";"Hetraie";1;26,6052633586683;26,5;19
6856;44;226,949079288;"3-80%;1-20%";"Hetraie";1;26,9999998807907;27,6000003814697;16
6856;54;223;"3-100%";"Hetraie";1;32,4500002861023;32,2000007629395;16
6856;58;202,7892550436;"1-100%";"Chenaie";1;25,1523809887114;25,3999996185303;21
6856;59;206,7892550436;"1-79%;3-21%";"Chenaie";1;29,9050004005432;30,1000003814697;20
6856;61;190,5784402926;"1-100%";"Chenaie";1;23,4499996900558;23,8999996185303;16
6856;62;206,8497651038;"1-66%;3-34%";"Chenaie";1;28,3937503099442;28,1000003814697;16
6856;79;239,8770654421;"3-100%";"Hetraie";1;28,5937498807907;28,1000003814697;16
6856;81;201,9111510586;"3-74%;1-26%";"Hetraie";1;25,199999915229;22,75;18
6856;82;249,7964411176;"3-69%;1-31%";"Hetraie";1;29,4062498807907;28,7999992370605;16
6856;100;71;"4-100%";"Erabliere";1;26,6500000953674;28,5;16
6856;101;208,7250281552;"1-53%;3-47%";"Chenaie";1;26,8904762268066;26,8999996185303;21
6856;102;167,8054339812;"3-67%;1-33%";"Hetraie";1;26,9944445292155;27,2999992370605;18
6856;121;262,052258114;"3-100%";"Hetraie";1;28,2523810068766;27,8999996185303;21
6856;122;220,6270817973;"3-68%;1-32%";"Hetraie";1;29,0333326127794;29,2999992370605;18
6856;128;274,3150788917;"1-72%;5-27%";"Chenaie";1;26,0999995783756;26,7999992370605;19
6856;178;232,9297516812;"1-72%;3-28%";"Chenaie";1;26,974999666214;27,3999996185303;16
6856;180;210,5946541275;"1-82%;3-18%";"Chenaie";1;25,6937501430511;25,5;16
6856;181;199,5960721669;"1-99%;3-1%";"Chenaie";1;25,7450000762939;26,8999996185303;20
6856;182;219,5433859278;"3-100%";"Hetraie";1;28,4500003390842;28,7000007629395;18
6856;201;254,5602710744;"3-99%;1-1%";"Hetraie";1;27,8649997711182;28,5;20
6856;212;261,297516812;"1-87%;14-13%";"Chenaie";1;25,5499997138977;25,3999996185303;16
6856;220;246,4028892902;"3-100%";"Hetraie";1;29,7777775658502;30,3999996185303;18
6856;231;261,2541635946;"1-100%";"Chenaie";1;28,6062496900558;28,3999996185303;16
6856;279;126,5299449416;"1-100%";"Chenaie";1;20,2888892491659;20;18
6856;280;256,388492181;"3-69%;1-31%";"Hetraie";1;25,950000445048;26,5500001907349;18
6856;299;44;"3-100%";"Hetraie";1;21,0833336512248;20,3999996185303;18
6856;301;197,4487296134;"1-67%;3-33%";"Chenaie";1;27,8750002384186;27,6000003814697;16
6878;21;40;"1-100%";"Chenaie";1;16,8400001525879;13,8000001907349;20
6878;41;213,4973711181;"1-76%;3-24%";"Chenaie";1;23,3833329942491;23,2999992370605;18
6878;44;165,7191070429;"3-54%;11-46%";"Hetraie";1;18,6937500238419;18;16
6878;62;176,9696738672;"1-100%";"Chenaie";1;23,6499998304579;24,2999992370605;18
6878;63;222,5297987879;"1-99%;3-1%";"Chenaie";1;26,1874995231628;25,7999992370605;16
6878;64;212,0295637504;"1-83%;3-17%";"Chenaie";1;24,011110941569;23,5;18
6878;77;215,6270817973;"3-73%;1-27%";"Hetraie";1;28,5937498807907;28;16
6878;82;241,2623926526;"1-100%";"Chenaie";1;25,2749999761581;25,8000001907349;16
6878;83;210,3045071518;"1-100%";"Chenaie";1;25,347619283767;25,3999996185303;21
6878;84;182;"3-100%";"Hetraie";1;31,1374998092651;31,2999992370605;16
6878;98;228,4844557424;"1-100%";"Chenaie";1;29,8999999761581;30,5;16
6878;100;243,7270648048;"1-100%";"Chenaie";1;30,8625003099442;31,1000003814697;16
6878;115;207,7892201463;"1-70%;3-30%";"Chenaie";1;26,2611111534966;25,8500003814697;18
6878;133;176,9367432016;"1-100%";"Chenaie";1;25,6888888676961;25,8999996185303;18
6878;136;123,63548389;"11-100%";"Autres peuplements feuillus";1;24,1333337359958;24,2000007629395;18
6878;153;212,8676061488;"1-79%;3-21%";"Chenaie";1;30,5062500238419;28,3999996185303;16
6878;166;169;"3-100%";"Hetraie";1;31,7749993801117;31,2999992370605;16
6878;173;288,014400684;"1-100%";"Chenaie";1;29,577777756585;30;18
6878;176;238,1688012302;"1-100%";"Chenaie";1;25,3312503099442;24,6000003814697;16
6878;181;189,914946241;"1-99%;3-1%";"Chenaie";1;25,9124999046326;26,25;16
6878;182;202,9861906736;"3-100%";"Hetraie";1;27,5888892279731;28,7000007629395;18
6878;184;238;"3-100%";"Hetraie";1;29,039999961853;29,1000003814697;20
6878;185;195,963548389;"1-99%;3-1%";"Chenaie";1;26,0333331425985;25,8999996185303;18
6878;197;215,4402130734;"3-100%";"Hetraie";1;29,3047621590751;29,1000003814697;21
6878;201;258,283118317;"3-61%;1-39%";"Hetraie";1;25,9999997880724;25,2999992370605;18
6878;220;253,513584953;"3-62%;1-38%";"Hetraie";1;28,3263154280813;29,2999992370605;19
6878;280;290,4555755293;"1-55%;3-45%";"Chenaie";1;27,6944447623359;28,1500005722046;18
6878;288;143,7422278712;"3-100%";"Hetraie";1;19,0999998092651;19,3999996185303;20
6878;315;53;"1-100%";"Chenaie";1;19,3687499761581;16;16
6878;317;82;"13-100%";"Autres peuplements feuillus";1;24,431249499321;23,7999992370605;16
6956;4;205,9297516812;"1-100%";"Chenaie";1;27,0499995946884;27,2999992370605;16
6956;8;226;"3-100%";"Hetraie";1;31,7000007629395;31,7000007629395;16
6956;16;235;"3-74%;1-26%";"Hetraie";1;31,4312498569489;31;16
6956;56;211;"1-100%";"Chenaie";1;32,000000667572;31,6000003814697;20
7034;164;192,6679018084;"5-80%;1-20%";"Frenaie";1;28,1812498569489;28,8999996185303;16
7034;181;228,4844557424;"1-100%";"Chenaie";1;24,3249998092651;24,3999996185303;16
7034;183;194,5622264577;"3-58%;11-42%";"Hetraie";1;28,9750000238419;28,6000003814697;16
7034;201;249,6520876088;"3-73%;1-27%";"Hetraie";1;27,8263159300152;27,6000003814697;19
7034;221;243;"3-100%";"Hetraie";1;36,2624995708466;36,7999992370605;16
7034;225;222,9388951456;"1-100%";"Chenaie";1;27,3187503814697;27,2000007629395;16
7034;263;195,240487048;"1-68%;3-32%";"Chenaie";1;27,8375000953674;28,6000003814697;16
7034;264;188,9090216016;"1-71%;14-29%";"Chenaie";1;25,4624996185303;24,8999996185303;16
7034;265;206,7469728064;"1-65%;3-18%";"Chenaie";1;25,6571426391602;25,2000007629395;21
7034;284;239;"3-100%";"Hetraie";1;29,2600006103516;29,7000007629395;15
7034;302;231,9149461216;"1-89%;3-11%";"Chenaie";1;27,5333334604899;27,1000003814697;18
7112;10;223;"3-100%";"Hetraie";1;31,2374993562698;30,3999996185303;16
7112;21;99;"5-99%;14-1%";"Frenaie";1;18,722222328186;18;18
7112;22;44;"1-100%";"Chenaie";1;17,0250002145767;17,1000003814697;16
7112;24;245,915776308;"1-65%;3-35%";"Chenaie";1;25,6444447835286;24,1000003814697;18
7112;41;173,8757160624;"1-55%;7-24%";"Chenaie";1;23,5937496423721;23,3999996185303;16
7112;43;151,2705806714;"3-100%";"Hetraie";1;27,4944445292155;26,7999992370605;18
7112;44;163,924184668;"1-99%;11-1%";"Chenaie";1;23,8625001907349;23,3999996185303;16
7112;62;271,0056983073;"1-61%;3-39%";"Chenaie";1;26,0111114713881;25,1000003814697;18
7112;63;213,9255778564;"3-100%";"Hetraie";1;27,9687497615814;27,2000007629395;16
7112;64;214,7567924765;"1-100%";"Chenaie";1;27,4999996821086;27;18
7112;65;264,3150788917;"3-63%;1-37%";"Hetraie";1;29,1937503814697;29,5;16
7112;67;228,9675723302;"3-88%;4-12%";"Hetraie";1;26,84375;26;16
7112;69;212;"1-57%;45-28%";"Chenaie";1;29,0312498807907;28,6000003814697;16
7112;77;183,9681047956;"1-74%;3-26%";"Chenaie";1;30,6937493085861;29,8999996185303;16
7112;79;246,721461144;"3-74%;14-26%";"Hetraie";1;29,6562504768372;30,1000003814697;16
7112;81;196;"3-100%";"Hetraie";1;28,5842103456196;27,5;19
7112;83;210;"3-67%;1-33%";"Hetraie";1;29,6562502384186;29;16
7112;88;189,6595094671;"1-77%;3-23%";"Chenaie";1;26,524999499321;26,6499996185303;16
7112;103;273,6477198631;"3-85%;1-15%";"Hetraie";1;31,656249165535;32,0999984741211;16
7112;105;224,8326038872;"3-57%;4-26%";"Hetraie";1;28,8444448047214;28,2000007629395;18
7112;107;245;"3-80%;1-20%";"Hetraie";1;27,512499332428;27,2999992370605;16
7112;109;33;"3-100%";"Hetraie";1;24,5999999046326;24,8000001907349;16
7112;123;191;"3-75%;1-25%";"Hetraie";1;27,3949996948242;27,3999996185303;20
7112;124;266,781290334;"1-99%;14-1%";"Chenaie";1;26,2437502145767;25,6000003814697;16
7112;131;257,60464501;"3-54%;1-46%";"Hetraie";1;30,6555558310615;31,6000003814697;18
7112;142;232,473137609;"1-67%;3-33%";"Chenaie";1;25,2555550469293;25,3499994277954;18
7112;143;284,6961948192;"1-100%";"Chenaie";1;28,7437497377396;29,2999992370605;16
7112;149;210,6130025888;"1-49%;3-33%";"Autres feuillus nobles";1;25,1875;25,5;16
7112;162;189,7081509718;"1-100%";"Chenaie";1;23,7687497138977;23,3999996185303;16
7112;163;193,9027169906;"1-100%";"Chenaie";1;24,1666669845581;24,1000003814697;18
7112;168;122,9473137609;"3-50%;4-50%";"Hetraie";1;24,1187504529953;23,7000007629395;16
7112;170;274;"1-56%;16-23%";"Chenaie";1;29,0937496423721;28,8999996185303;16
7112;171;219;"3-100%";"Hetraie";1;29,5125000476837;28,3999996185303;16
7112;173;183,9393477344;"1-58%;3-33%";"Chenaie";1;31,2904757545108;32,2999992370605;21
7112;174;239,6057602736;"3-38%;1-30%";"Autres feuillus nobles";1;26,5437505245209;26,7000007629395;16
7112;181;99;"3-100%";"Hetraie";1;22,3249999284744;22,3999996185303;16
7112;187;225;"3-67%;1-33%";"Hetraie";1;29,9761906578427;30,5;21
7112;189;194,783424792;"5-53%;4-47%";"Frenaie";1;29,1833337148031;28,2000007629395;18
7112;190;228,9351446604;"3-100%";"Hetraie";1;29,6105260347065;30,8999996185303;19
7112;191;232,9855616528;"1-76%;3-24%";"Chenaie";1;25,7611114713881;25,5500001907349;18
7112;192;265;"1-59%;3-36%";"Chenaie";1;29,677776866489;29,6999998092651;18
7112;193;235,8576722036;"16-63%;3-37%";"Erabliere";1;25,743749499321;25,7999992370605;16
7112;194;202;"3-45%;1-39%";"Autres feuillus nobles";1;28,9142853873117;28,3999996185303;21
7112;199;247;"1-78%;4-14%";"Chenaie";1;28,3705881904153;29;17
7112;206;184,8419412827;"1-100%";"Chenaie";1;26,1333335240682;26,1000003814697;18
7112;208;189,8342880832;"16-30%;5-26%";"Autres peuplements feuillus";1;28,6428576878139;27,7000007629395;21
7112;209;258,9362095912;"1-87%;14-13%";"Chenaie";1;28,318749666214;28,1000003814697;16
7112;210;231;"3-51%;4-29%";"Hetraie";1;29,1875003576279;29,1000003814697;16
7112;211;289,125161336;"1-59%;3-41%";"Chenaie";1;30,6374994516373;30,7999992370605;16
7112;218;222,5131152096;"3-100%";"Hetraie";1;28,6187506914139;27,7000007629395;16
7112;221;258,7344917187;"3-71%;7-15%";"Hetraie";1;27,1812504529953;27,2000007629395;16
7112;223;108;"13-100%";"Autres peuplements feuillus";1;24,0812497138977;23,3999996185303;16
7112;224;157,9837861651;"4-69%;16-30%";"Erabliere";1;NA;NA;0
7112;227;262,8642940784;"1-80%;3-20%";"Chenaie";1;26,5250002145767;25,1000003814697;16
7112;229;78;"3-100%";"Hetraie";1;25,9375002384186;27,2000007629395;16
7112;231;244,647634427;"3-63%;1-37%";"Hetraie";1;27,5875000953674;27,5;16
7112;232;182;"1-83%;5-17%";"Chenaie";1;29,242105383622;28,7999992370605;19
7112;243;228,707627293;"3-100%";"Hetraie";1;28,8562505245209;27,6000003814697;16
7112;244;190,8086287736;"3-100%";"Hetraie";1;30,2437499761581;30,6000003814697;16
7112;246;169,7365688045;"1-59%;11-20%";"Chenaie";1;26,7937502861023;26,2000007629395;16
7112;248;187;"14-100%";"Autres peuplements feuillus";1;27,2666669209798;28,7000007629395;15
7112;251;229,6512494728;"1-83%;3-17%";"Chenaie";1;27,1111111111111;27,25;18
7112;252;211,9841858004;"1-71%;3-29%";"Chenaie";1;28,3500003814697;28,2000007629395;16
7112;253;189,694475728;"1-100%";"Chenaie";1;24,2437498569489;24;16
7112;258;219,857849522;"1-100%";"Chenaie";1;27,0187505483627;27,2000007629395;16
7112;261;218,7541308842;"3-63%;1-37%";"Hetraie";1;28,0499992370605;28,2999992370605;20
7112;262;222,8540754859;"3-100%";"Hetraie";1;29,6789473483437;30,1000003814697;19
7112;263;55;"11-100%";"Autres peuplements feuillus";1;21,3062502145767;20,1000003814697;16
7112;265;71;"3-100%";"Hetraie";1;24,993750333786;24,8000001907349;16
7112;267;253,4204513699;"3-76%;1-24%";"Hetraie";1;28,3312505483627;29,7000007629395;16
7112;270;165;"3-71%;14-29%";"Hetraie";1;12,2111112276713;12,6000003814697;18
7112;271;201,8938585352;"1-100%";"Chenaie";1;26,7849998474121;26,5;20
7112;272;272;"1-51%;3-49%";"Chenaie";1;27,7666666242811;27,5;18
7112;273;96;"5-99%;4-1%";"Frenaie";1;25,9874999523163;25,8999996185303;16
7112;277;217,7270648048;"1-100%";"Chenaie";1;26,761110941569;26,7999992370605;18
7112;280;231,9861906736;"3-74%;6-26%";"Hetraie";1;28,5388882954915;27,0499992370605;18
7112;281;179,8419412827;"3-72%;1-28%";"Hetraie";1;NA;NA;0
7112;282;56;"4-100%";"Erabliere";1;23,161111301846;23,5500001907349;18
7112;283;268,0758114107;"1-50%;3-50%";"Chenaie";1;29,1944443384806;29,3999996185303;18
7112;284;313,9947422362;"3-64%;1-36%";"Hetraie";1;29,2124992609024;28,7999992370605;16
7112;288;135;"3-70%;1-30%";"Hetraie";1;25,3833332061768;24,6000003814697;18
7112;289;228,9085571344;"1-82%;3-18%";"Chenaie";1;29,372222688463;29,7000007629395;18
7112;291;229;"3-68%;1-32%";"Hetraie";1;29,2650000572205;29,2000007629395;20
7112;292;234,8457450816;"1-74%;4-26%";"Chenaie";1;28,6062502861023;28,8500003814697;16
7112;293;189,4614362704;"4-43%;1-27%";"Autres feuillus nobles";1;27,2777778837416;27,3000001907349;18
7112;301;217,8068171233;"1-72%;3-15%";"Chenaie";1;24,0499994754791;23,8999996185303;16
7112;302;85;"3-98%;1-2%";"Hetraie";1;21,6611109839545;21,8999996185303;18
7112;303;226,575918995;"3-100%";"Hetraie";1;28,5249997377396;28,8999996185303;16
7112;304;130,915183799;"3-76%;11-24%";"Hetraie";1;26,2722223069933;26,3999996185303;18
7112;305;220;"3-92%;1-8%";"Hetraie";1;29,0749995708466;29,5;16
7112;307;125,9027169906;"3-100%";"Hetraie";1;26,2875001430511;27,75;16
7134;2;185,8770654421;"3-73%;1-27%";"Hetraie";1;28,3374997377396;28,6999998092651;16
7134;3;72;"4-99%;3-1%";"Erabliere";1;22,7631577943501;23,1000003814697;19
7134;4;144,5009770224;"3-57%;4-43%";"Hetraie";1;26,4812500476837;25,7000007629395;16
7134;6;234,8342880832;"3-100%";"Hetraie";1;31,5937497615814;30,75;16
7134;21;234,6311963263;"3-100%";"Hetraie";1;28,9947364204808;29,7999992370605;19
7134;22;260,6466860128;"3-50%;1-50%";"Hetraie";1;29,8999998092651;29;20
7134;23;177,975698926;"1-100%";"Chenaie";1;27,7562502622604;28;16
7134;44;220,2865912644;"1-100%";"Chenaie";1;28,256250500679;27,9000005722046;16
7134;46;181,6432956322;"1-100%";"Chenaie";1;26,3777777353923;26,3999996185303;18
7134;48;240,7554700996;"1-82%;3-18%";"Chenaie";1;25,6000002906436;25,6000003814697;21
7134;64;58;"3-100%";"Hetraie";1;20,3238100324358;20,2000007629395;21
7134;73;235;"3-100%";"Hetraie";1;30,762499332428;30,2999992370605;16
7134;90;225;"3-63%;4-37%";"Hetraie";1;31,6749999523163;34;16
7134;91;132;"3-60%;7-40%";"Hetraie";1;26,3722221586439;25,9499998092651;18
7134;92;195,5905972072;"1-63%;14-19%";"Chenaie";1;26,8874996900558;26,3999996185303;16
7134;104;197,7365688045;"1-99%;5-1%";"Chenaie";1;27,9687496423721;27,8999996185303;16
7134;105;206,7270648048;"3-69%;4-29%";"Hetraie";1;28,5722229215834;28,7000007629395;18
7134;121;237;"1-58%;3-42%";"Chenaie";1;27,2619051252093;28,2000007629395;21
7134;123;132,9234222856;"3-100%";"Hetraie";1;24,1000001430511;24,4000005722046;16
7134;129;245,890645167;"3-56%;1-44%";"Hetraie";1;31,5187500715256;31,3000001907349;16
7134;136;246,6243152002;"29-89%;4-11%";"Autres peuplements feuillus";1;27,6700000762939;27,8999996185303;20
7134;143;226,538279594;"3-66%;1-34%";"Hetraie";1;28,75;28,5;16
7134;144;270,7849463;"1-50%;3-50%";"Chenaie";1;30,4312498569489;30,3999996185303;16
7134;145;218,0750529496;"3-100%";"Hetraie";1;29,293749332428;28,7999992370605;16
7134;154;288;"1-100%";"Chenaie";1;30,7888889312744;30,1000003814697;18
7134;172;237,9542785672;"3-100%";"Hetraie";1;31,6625003814697;32,5;16
7134;180;131,5960721669;"7-68%;5-32%";"Autres feuillus nobles";1;18,5437500476837;17,3999996185303;16
7134;192;211;"3-84%;4-16%";"Hetraie";1;27,7095242454892;27,7000007629395;21
7134;206;85;"3-99%;27-1%";"Hetraie";1;31,9888895882501;32,4000015258789;18
7134;209;246;"3-100%";"Hetraie";1;31,9187512397766;32,4000015258789;16
7134;229;282,7103769736;"1-66%;7-26%";"Chenaie";1;28,6624999046326;28,8999996185303;16
7134;231;151,545108008;"3-89%;1-11%";"Hetraie";1;27,4000002145767;28,7000007629395;16
7134;232;243;"1-100%";"Chenaie";1;30,9190476735433;30,8999996185303;21
7134;304;160,9189308255;"3-53%;1-47%";"Hetraie";1;31,0349994659424;30,2999992370605;20
7134;317;185;"1-74%;3-26%";"Chenaie";1;24,7375004291534;24,6499996185303;16
7156;42;165,720537649;"5-66%;3-34%";"Frenaie";1;28,0944445927938;27,3000001907349;18
7156;90;229;"3-62%;29-38%";"Hetraie";1;33,0437502861023;33,1499996185303;16
7156;91;183,830367598;"3-71%;5-29%";"Hetraie";1;27,8500002622604;27,2000007629395;16
7156;129;260,2873358792;"1-53%;29-25%";"Chenaie";1;29,6400001525879;29,5500001907349;20
7156;130;187;"3-40%;1-34%";"Autres feuillus nobles";1;25,1571426391602;24,3999996185303;21
7156;131;289,6651003538;"3-100%";"Hetraie";1;31,8277782864041;32,2000007629395;18
7156;149;188,8584648195;"7-54%;1-46%";"Autres feuillus nobles";1;21,5062495470047;22,3999996185303;16
7156;166;213;"3-70%;14-30%";"Hetraie";1;31,0749998092651;32;16
7156;168;260;"1-100%";"Chenaie";1;26,2187496423721;26,3999996185303;16
7156;170;242,824379203;"1-100%";"Chenaie";1;24,5249996185303;24,2999992370605;16
7156;184;141,9951872176;"7-72%;5-27%";"Autres feuillus nobles";1;27,5687503814697;26,7000007629395;16
7156;185;204,8147078776;"3-81%;4-19%";"Hetraie";1;29,3947367417185;29,8999996185303;19
7156;187;148,9297516812;"3-100%";"Hetraie";1;27,8809526534308;27;21
7156;204;177;"5-99%;7-1%";"Frenaie";1;29,4812502861023;29,6000003814697;16
7156;206;230,8974592268;"4-59%;3-40%";"Erabliere";1;27,2888893551297;27,6000003814697;18
7156;208;274,9393477344;"1-90%;14-10%";"Chenaie";1;23,6449994087219;23,7999992370605;20
7156;227;209,8352081106;"3-35%;1-25%";"Autres peuplements feuillus";1;29,0812499523163;27,8999996185303;16
7156;248;263;"3-79%;29-21%";"Hetraie";1;31,5312497615814;32;16
7156;261;223,881393503;"3-72%;14-14%";"Hetraie";1;27,1888886557685;26,7999992370605;18
7156;262;162,6432956322;"5-100%";"Frenaie";1;22,8388894399007;23,7000007629395;18
7156;270;263;"3-79%;5-21%";"Hetraie";1;27,7214287349156;30,2000007629395;14
7156;289;225,9362095912;"3-42%;1-31%";"Autres feuillus nobles";1;29,3944449954563;29,2000007629395;18
7156;290;221,4752455968;"7-66%;5-34%";"Autres feuillus nobles";1;26,7523815518334;27,6000003814697;21
7178;63;214,27096778;"1-42%;5-39%";"Autres feuillus nobles";1;24,5687499046326;24,3999996185303;16
7178;84;271;"1-63%;3-37%";"Chenaie";1;28,9187500476837;29;16
7178;103;230,9813993774;"3-56%;4-23%";"Hetraie";1;26,1187496185303;25,8999996185303;16
7178;104;233,8028801368;"3-79%;1-21%";"Hetraie";1;29,4476191202799;29,2000007629395;21
7178;123;233,9297516812;"3-75%;1-25%";"Hetraie";1;28,5904763539632;29,7000007629395;21
7178;143;156,8216478161;"3-48%;7-29%";"Autres feuillus nobles";1;26,6625000238419;26,5;16
7178;144;220,9491102794;"3-52%;1-48%";"Hetraie";1;27,8888891008165;27,6000003814697;18
7178;162;167;"3-100%";"Hetraie";1;31,7999992370605;32,5999984741211;16
7178;221;184,491102794;"1-100%";"Chenaie";1;20,8687501549721;22,1000003814697;16
7212;23;250,6098454754;"1-99%;3-1%";"Chenaie";1;30,4499998092651;29,8999996185303;16
