"q";"quantile";"n_avant";"n_apres";"ha_avant";"ha_apres";"geometry";"pct_surface"
0,05;"q05";2288;1139;114400;56950;c(76499.7219244273, 78499.7167184974, 78499.724622868, 79499.7141480045, 82499.8476909094, 84489.535067306, 85498.7629298099, 85499.8126800694, 85525.7147379323, 89498.7390976585, 89499.7708637128, 89499.884512682, 91499.8400844727, 93499.8505744025, 93499.8898440743, 96499.7251074822, 96499.7800358231, 97492.4850373429, 98499.9144671046, 98499.9161019883, 98515.4842427764, 99502.5384656455, 100490.830269962, 100499.871611329, 100513.280220764, 103499.605252567, 103508.654832955, 103510.710246326, 
103522.533816902, 104499.633919174, 104499.735774646, 104499.759261366, 104501.969853122, 104503.798377776, 104517.310931417, 105499.733162758, 105499.76449813, 106499.743266259, 110499.735830515, 111483.128967365, 111492.028125914, 112496.424593838, 112503.816299346, 112507.59738998, 112511.632231765, 113465.369319189, 113499.641971889, 113499.649805197, 113499.657617327, 113499.716342404, 113499.743742847, 113502.908655986, 113513.091558131, 114499.623759878, 114499.731739258, 115483.286099656, 
115499.918812716, 115499.973788247, 115531.885543873, 116480.18411923, 116499.751583564, 117499.738567064, 117499.85866234, 118498.888687217, 120499.756880138, 120499.8821953, 120513.691858248, 121482.650476036, 121499.874043451, 121499.887460191, 121508.387190209, 122499.869155947, 122499.892696054, 123497.566856567, 123499.893954736, 123505.507096482, 124486.98656032, 124499.730801806, 125499.689103052, 125499.736029988, 127490.007583423, 128492.306851549, 131499.853480078, 132499.584956003, 132512.873567014, 
132519.778758972, 132526.058102387, 133499.35627017, 133499.364049657, 133499.549415935, 133499.605775003, 133511.334917009, 134499.470529558, 134499.478365466, 134506.503042827, 134514.647168477, 134532.592077656, 135496.040896239, 135499.467991403, 135499.475789627, 135499.686584831, 135499.788244684, 135499.866492674, 135504.160987114, 135510.112812538, 135513.14111728, 136492.640660513, 136493.536707126, 136499.332940351, 136499.465433536, 136499.667057281, 136499.668338399, 136499.879535382, 
136500.789059705, 136513.519185114, 136521.87490049, 136523.41354492, 137479.775308777, 137480.912354853, 137486.739478218, 137496.172691665, 137499.340049807, 137499.377110568, 137499.47526125, 137499.478398013, 137499.492802181, 137499.52518267, 137499.657926709, 137499.673569322, 137499.892586992, 137511.011293888, 138494.623269623, 138499.366737912, 138499.374545592, 138499.382296397, 138499.475838301, 138499.487853515, 138499.91804325, 138519.650408233, 138520.774442674, 139483.893298394, 139485.021013374, 
139492.87169726, 139498.402227028, 139499.356383547, 139499.368053787, 139499.371952622, 139499.481061857, 139499.496635971, 139499.676177808, 139499.691761987, 139503.239071335, 139506.422705617, 139508.493736814, 140485.21851548, 140486.368737095, 140496.175403031, 140499.431691667, 140499.478468886, 140499.486271814, 140499.595487379, 140499.63450321, 140499.665743805, 140502.322909336, 140505.34195261, 140509.27928165, 140517.901662488, 140530.535151915, 141469.651730388, 141483.589227063, 141489.513694568, 
141499.429144334, 141499.475255227, 141499.491487736, 141499.499227748, 141499.507061419, 141499.552970087, 141499.663111518, 141499.678793833, 141499.929134075, 141499.952639773, 141500.394129222, 141504.559392224, 142482.711251032, 142485.687650445, 142489.403375236, 142496.813512109, 142499.372034159, 142499.380169122, 142499.426045387, 142499.442151634, 142499.496655347, 142499.598078017, 142499.603389489, 142499.762105327, 142504.326504412, 143474.729263776, 143483.773406941, 143483.966438919, 
143494.314756699, 143496.478010828, 143496.596320701, 143499.114843314, 143499.361680644, 143499.43956509, 143499.486319517, 143499.494114139, 143507.695451282, 143508.112436683, 143524.91047308, 144486.914438167, 144489.858752768, 144490.758204276, 144492.875870574, 144496.236311109, 144496.94421012, 144499.277204692, 144499.374634881, 144499.436961086, 144499.452547025, 144499.460339879, 144499.733110647, 144500.452607327, 144503.047409956, 144503.511585977, 144522.5613257, 144524.976710438, 145487.585308431, 
145495.199884731, 145498.525738857, 145499.340936595, 145499.35620133, 145499.356499188, 145499.372081767, 145499.379871956, 145499.387685864, 145499.421322623, 145499.426612773, 145499.434357278, 145499.449990431, 145499.457737295, 145499.465557926, 145499.512323364, 145499.644907963, 145499.660510984, 145499.663861298, 145499.668356456, 145499.691788294, 145502.704018341, 145505.850322371, 146465.530048379, 146483.016588561, 146486.182150322, 146494.097830918, 146499.226286519, 146499.369483122, 
146499.408404868, 146499.431770589, 146499.440856258, 146499.447378829, 146499.45514951, 146499.462946278, 146499.52533389, 146499.572091508, 146499.689139865, 146499.690527443, 146499.853386686, 147482.555721667, 147490.152513187, 147494.448878325, 147497.100939736, 147499.351360254, 147499.530500676, 147499.686590548, 147499.952517013, 147518.823081268, 147520.796522119, 148486.262152502, 148492.06170346, 148492.964809167, 148493.547447636, 148499.364363616, 148499.379918843, 148499.44220342, 148499.488937867, 
148499.676154459, 148499.683946812, 148499.723052574, 148502.020039034, 148504.206605343, 148504.590671064, 148505.902674201, 148513.52251792, 149499.346262822, 149499.361806545, 149499.377317198, 149499.431864711, 149516.638291396, 150491.072355673, 150496.322710241, 150499.35920318, 150499.374738518, 150499.444993644, 150499.452625316, 150499.468200231, 150499.499331966, 150499.546123829, 150499.692113173, 150500.013120454, 151473.770613168, 151474.441356383, 151495.737888566, 151496.823935029, 
151499.387734436, 151499.41886987, 151499.426691538, 151499.457840564, 151499.465593252, 151499.47337473, 151499.488952869, 151499.668325603, 151500.638301846, 151505.041945898, 151507.641473989, 151509.353047987, 151513.314912069, 151518.713260434, 151568.842286066, 152415.323576495, 152429.765034832, 152480.890182904, 152483.505811591, 152484.743367377, 152486.995220887, 152489.547494839, 152493.567161082, 152494.866214262, 152498.007363265, 152499.346293324, 152499.385208081, 152499.392926133, 
152499.408525186, 152499.455260263, 152499.463034449, 152499.486392364, 152499.494141358, 152499.64229396, 152499.782884006, 152500.985486211, 153478.758219667, 153499.352469834, 153499.359252793, 153499.367031201, 153499.444838253, 153499.462066373, 153499.476009772, 153499.499400592, 153499.507355066, 153499.522771702, 153499.546119524, 153499.661035985, 153499.663146264, 153499.670922814, 153509.424531428, 153510.497974703, 153514.048880816, 153516.009859254, 154485.000863082, 154494.657229894, 
154499.341101938, 154499.394164384, 154499.439452525, 154499.449812423, 154499.465623486, 154499.481196655, 154499.496748886, 154499.504605736, 154499.512350009, 154499.543550271, 154499.551298434, 154499.637100033, 154499.676125878, 154500.004602111, 154500.012439025, 154505.092128788, 154516.465766475, 155462.765353612, 155468.132127246, 155478.896701441, 155482.968116249, 155483.982508418, 155491.968284763, 155499.385181139, 155499.431912085, 155499.478596573, 155499.49419586, 155499.509774942, 
155499.689131396, 155500.009815845, 155500.32123986, 155506.812357697, 155513.280734404, 156487.861116995, 156495.377278041, 156495.867811363, 156495.940373325, 156496.748981692, 156499.390435722, 156499.429308895, 156499.491615855, 156499.507172312, 156499.574345523, 156499.68652302, 156500.022854144, 156509.227334576, 156510.8587166, 157471.211327746, 157480.157504349, 157497.331074775, 157499.356734273, 157499.372243732, 157499.387828752, 157499.390210349, 157499.395604927, 157499.473408145, 157499.481202938, 
157499.496389982, 157499.512338606, 157499.52014647, 157499.551330047, 157499.660526305, 157499.683908508, 157501.478478847, 157507.009056308, 158455.360028432, 158479.083467101, 158486.088887639, 158491.967022841, 158499.361890007, 158499.379207146, 158499.393025067, 158499.400775307, 158499.408563502, 158499.459936979, 158499.47085484, 158499.486447584, 158499.5019569, 158499.509759291, 158499.51759237, 158499.543533449, 158499.548739841, 158499.556511628, 158499.693334936, 158499.696932559, 159491.243429928, 
159494.02732343, 159494.426306157, 159498.991672069, 159499.514990866, 159499.702080105, 159516.197869358, 159525.615144467, 160483.703418993, 160498.694080638, 160499.473415207, 160499.621463908, 160499.894831632, 160505.72454003, 160508.10610117, 160512.620914429, 160524.436783764, 160538.976975908, 161489.229689097, 161491.719741554, 161492.136238503, 161499.393042721, 161499.400793818, 161499.408586608, 161499.41641814, 161499.486449852, 161499.517589325, 161499.587701143, 161499.603299339, 161499.704665883, 
161500.527998372, 161509.768142669, 161553.517715912, 162487.966248076, 162499.390488515, 162499.40605336, 162499.413828292, 162499.490810068, 162499.491603326, 162499.507221624, 162499.518070287, 162499.60848026, 162499.631861649, 162499.639660792, 162499.660442705, 162526.926324532, 163486.670151971, 163486.71944962, 163488.943120331, 163493.774794424, 163494.755510979, 163499.387889074, 163499.395661602, 163499.465672221, 163499.48126666, 163499.520197956, 163499.668257368, 163499.70723805, 163499.766609913, 
163500.968495362, 163502.236038892, 163504.556831455, 163507.494680601, 163507.777754202, 163507.931927707, 163514.079322055, 163514.521183355, 163516.612493417, 164473.972534412, 164483.439540404, 164488.470750364, 164490.1621185, 164499.385264155, 164499.424177982, 164499.431956076, 164499.517599022, 164499.634473141, 164499.657856506, 164499.681237155, 164499.696887824, 164499.704671474, 164499.774925421, 164500.302475114, 164507.251321304, 164517.394814392, 164521.130480255, 164525.57337258, 
165474.992629297, 165489.131869238, 165490.747952563, 165495.944380503, 165499.374953695, 165499.40606258, 165499.413845222, 165499.431213874, 165499.437158622, 165499.491642516, 165499.522744236, 165499.676686382, 165499.694212983, 165499.703450848, 165499.733281306, 165499.744306709, 165500.046063303, 165503.790554848, 165505.896305036, 165518.667937715, 166485.75722727, 166489.786790602, 166499.395644995, 166499.411255656, 166499.419024716, 166499.43454446, 166499.456395636, 166499.496841812, 
166499.512373034, 166499.596838273, 166499.691621551, 166499.713418519, 166499.746262587, 166499.785285818, 166502.77112132, 166509.277174312, 167480.441509801, 167480.86999857, 167486.227145739, 167494.551631146, 167499.408617334, 167499.431948138, 167499.48642673, 167499.509780452, 167499.579884707, 167499.688659658, 167501.814030855, 167502.970748891, 167504.954984665, 167505.004225524, 167505.406462097, 167506.009467962, 167506.140107728, 167512.212220225, 167513.434539585, 168478.874598246, 
168482.205091298, 168482.983664935, 168495.949198003, 168498.327750749, 168499.390505062, 168499.406019136, 168499.42939009, 168499.437172724, 168499.452735092, 168499.507147767, 168499.514986046, 168499.62402724, 168499.639603998, 168499.701985732, 168499.80778393, 168499.983289967, 168500.215072205, 168506.932807592, 168510.303117019, 168522.438375392, 168523.357170551, 169475.619028825, 169491.591590195, 169499.358408662, 169499.403768741, 169499.442318455, 169499.450139613, 169499.461684103, 
169499.533412146, 169499.566859074, 169499.582461926, 169499.595471886, 169499.699394007, 169499.932437477, 169502.526284279, 169504.262761029, 170489.730789749, 170491.310854093, 170492.227901369, 170499.416390471, 170499.463067047, 170499.478624141, 170499.51752508, 170499.569922834, 171483.017107238, 171487.288001926, 171491.452895305, 171496.841350651, 171499.592793143, 171499.850257113, 171500.146210559, 171507.98540556, 171513.68420293, 171517.490836603, 172466.521787403, 172475.365403665, 
172476.793623942, 172499.442327551, 172499.450103593, 172499.629145202, 172499.644768839, 172499.707142592, 172507.607411034, 172512.627654192, 172517.301521789, 172517.54575805, 172520.472355517, 173499.509733625, 173499.525310493, 173499.57979585, 173499.626589654, 173499.774767456, 173503.103539245, 174499.530520557, 174499.662878982, 174499.795794818, 174513.565623624, 175499.527892675, 175499.574584725, 175499.582393645, 175507.997174995, 176486.248830155, 176496.448573789, 176499.533055042, 
176499.540866081, 176499.595336431, 176499.930882175, 176500.196367069, 176506.912958233, 176517.661498482, 176548.349731177, 177499.584935616, 178496.993125807, 178499.535641356, 178499.543420669, 178499.58236689, 178499.699252708, 178499.717736365, 178499.746044388, 178499.784994795, 178499.841817459, 179457.668768285, 179496.981065127, 179499.540807486, 179499.564197378, 179502.536272101, 179505.265120111, 179505.305087849, 179513.075775001, 179514.249917455, 179524.574510925, 179577.443634113, 
180490.866097657, 180499.561579407, 180499.600466492, 180499.779739804, 180499.977147029, 180504.471957135, 180508.359008528, 180513.464510074, 180518.317131084, 180521.33031195, 181493.236003624, 181499.558994427, 181499.582319644, 181499.693944775, 181499.792755564, 181502.531158558, 181509.798885257, 181523.531051445, 181536.681765976, 182491.601235854, 182496.18726882, 182499.424140099, 182499.462993513, 182499.579703438, 182499.626406913, 182499.649792924, 182499.657547148, 182499.668673345, 
182499.696533836, 182499.704328056, 182507.668158633, 183474.906438468, 183482.630446159, 183485.091887456, 183487.888754472, 183488.29682378, 183491.187609207, 183497.094124395, 183499.452689951, 183499.569311572, 183499.725081924, 183499.842085432, 183500.988479103, 183502.088405518, 183503.190897467, 183504.861416233, 183507.852650023, 183520.161011471, 183538.663660957, 184398.326077757, 184485.156289913, 184486.110840836, 184488.961011684, 184488.993130912, 184491.530597781, 184497.132720121, 
184498.475976879, 184498.689592661, 184499.128648476, 184499.566733614, 184500.003585333, 184500.605988181, 184502.859035689, 184506.985915241, 185499.237947458, 185499.478555647, 185499.548498434, 185499.587427488, 185499.634175435, 185499.652274079, 185499.978810544, 185512.230375846, 185519.677904136, 185519.708902734, 186495.458453072, 186498.8061729, 186499.266381506, 186499.274132821, 186499.317371723, 186499.382757009, 186499.522608508, 186499.61598869, 186499.623728457, 186499.709459048, 
186499.732823952, 186499.740635474, 186499.748374457, 186502.192788502, 186505.670408546, 186506.316496125, 187447.841428312, 187468.021109515, 187473.528398173, 187489.245580782, 187490.246863768, 187492.40355516, 187494.175363459, 187495.252499754, 187496.337339529, 187496.637144316, 187496.668690461, 187499.271505776, 187499.380129011, 187499.769182161, 187501.26376476, 187502.176728856, 187502.753622712, 187504.115433405, 187504.355618044, 187504.97596818, 187505.999432105, 187508.979963157, 
187509.522506412, 187510.410716752, 187511.710828195, 187521.582336667, 188464.664155017, 188468.267400785, 188491.787407195, 188491.848846665, 188493.508920611, 188494.030138317, 188499.626286648, 188499.735325684, 188500.325124265, 188504.887467618, 188505.943869209, 188509.358571562, 188518.44199011, 188519.108525986, 188524.599304971, 188524.86468836, 188572.42325928, 189474.069489376, 189489.592109563, 189495.202684595, 189495.827182798, 189499.22653617, 189499.24312991, 189499.274081483, 189499.315078695, 
189499.437034471, 189499.474548997, 189499.483712989, 189499.530307624, 189499.545849464, 189499.670413433, 189499.748297639, 189499.756102718, 189499.763909654, 189499.802934202, 189499.857516467, 190474.166697417, 190485.040971011, 190498.165670702, 190499.083044892, 190499.248239314, 190499.250411848, 190499.27929804, 190499.287059397, 190499.349099436, 190499.426697384, 190499.434455241, 190499.465509975, 190499.481107436, 190499.488823181, 190499.52773727, 190499.5433002, 190499.55955948, 190499.582307704, 
190499.605532347, 190499.698940699, 190499.722290295, 190499.761264706, 190499.831443858, 190499.839258122, 190500.327862865, 190510.728879864, 190518.733148269, 191478.707147339, 191478.820295221, 191490.494988187, 191491.823909764, 191493.76503946, 191498.54914048, 191498.705562651, 191499.540650769, 191499.579547446, 191499.852286659, 191500.180538925, 191502.742101627, 191508.162898166, 191508.235506029, 191508.852371477, 191540.539237959, 191547.386577539, 192483.551218335, 192484.739138467, 
192486.755878213, 192491.535811164, 192495.054991538, 192495.89507045, 192496.119631113, 192497.852948232, 192499.771595459, 192501.505217363, 192502.185644535, 192505.299501324, 192505.593655598, 192506.883021148, 192507.532916447, 193479.035302032, 193483.180301007, 193484.532746732, 193499.263779807, 193499.277160928, 193499.294796709, 193499.449997616, 193499.535443566, 193499.566523989, 193499.597692476, 193499.628814802, 193499.722241576, 193499.768983264, 193499.792394035, 193499.803923249, 
193499.83133629, 193499.885967601, 194487.436818075, 194487.4676058, 194492.288843884, 194495.650588711, 194498.072556808, 194499.007888266, 194499.253415372, 194499.255536621, 194499.274287078, 194499.284470542, 194499.400802292, 194499.428375358, 194499.431843182, 194499.447363078, 194499.455158414, 194499.548347432, 194499.734603888, 194499.781928846, 194499.79753673, 194499.894312446, 194507.114098905, 195483.871446027, 195487.850042422, 195487.995103093, 195490.18182097, 195490.87570218, 195490.993763062, 
195491.312907461, 195494.661146259, 195499.274115854, 195499.468046822, 195499.779279479, 195499.89085645, 195501.010478558, 195502.524575922, 195502.850358406, 195507.331538702, 195507.62214858, 195510.854529566, 196448.464152459, 196466.379401259, 196479.442460216, 196489.75838242, 196493.434232965, 196494.811714564, 196496.488154075, 196496.769351422, 196498.496189029, 196498.601844216, 196499.815622744, 196504.585948382, 196506.228979511, 196506.432887046, 196507.467815441, 196512.283354558, 
196515.905476277, 196519.57939314, 196520.144380671, 196520.57304829, 196524.942895331, 197485.268031895, 197486.499325266, 197488.352459906, 197494.053960051, 197499.268953634, 197499.284396861, 197499.299947243, 197499.424017675, 197499.441662641, 197499.455107825, 197499.517244385, 197499.610505147, 197499.61829233, 197499.720206435, 197499.798632446, 197502.347160792, 197522.031713247, 198491.515412871, 198498.078760065, 198499.250820282, 198499.258574758, 198499.435338265, 198499.444690519, 
198499.452489368, 198499.46022967, 198499.467260108, 198499.475772003, 198499.725632038, 198499.794819681, 198499.825978797, 198499.84157679, 198510.360235609, 199482.902374444, 199486.778347885, 199487.798352469, 199489.235926127, 199495.211238961, 199497.425552182, 199497.906557446, 199499.403282809, 199499.823314348, 199501.048215005, 199501.867957971, 199506.864802076, 199508.28017244, 199510.309132611, 199516.647271754, 199520.322391903, 199525.965040459, 200459.071275477, 200482.774933409, 
200489.141162857, 200496.378248236, 200496.771509138, 200499.237957677, 200499.430358244, 200499.431769123, 200502.805073286, 200503.212889627, 200504.647163357, 200507.880074888, 200525.375382683, 200540.606681173, 201490.659746303, 201491.939756547, 201492.696920883, 201492.820090012, 201499.297298985, 201499.305088515, 201499.32827623, 201499.429138872, 201499.444653452, 201499.45243666, 201499.460226906, 201499.48360244, 201499.515661579, 201499.561144203, 201499.615582682, 201499.807187087, 
201501.068412985, 201508.579031053, 201512.373584667, 202491.563307562, 202499.232748136, 202499.248254851, 202499.372228878, 202499.395239393, 202499.416538014, 202499.442020977, 202499.465378136, 202499.558532933, 202499.566308964, 202499.571713783, 202499.597410703, 202499.620784991, 202499.846622419, 202499.877803904, 202509.561178079, 202537.901426013, 203473.99898519, 203480.563384207, 203483.500470261, 203483.830052881, 203489.207938391, 203492.598691383, 203497.695808103, 203498.576012558, 
203499.245637077, 203499.477500623, 203499.47825622, 203499.594829312, 203499.606463623, 203501.023153352, 203501.842404126, 203502.827409508, 203507.008956141, 203510.182646177, 203511.819012227, 203512.328583652, 203515.917699001, 203522.0757251, 204367.059051283, 204438.78969457, 204479.41428958, 204479.462287663, 204479.669127793, 204486.597612916, 204488.918137965, 204489.306478887, 204492.735341029, 204494.369199626, 204496.550429651, 204499.444583219, 204499.55333823, 204499.769168523, 204499.825745532, 
204500.169893881, 204506.089899132, 204508.537631911, 204509.983863143, 204511.157541569, 204530.092426426, 205463.802091434, 205477.879982931, 205487.192286107, 205496.635806168, 205499.082578698, 205499.201809676, 205499.224988035, 205499.240449151, 205499.310166602, 205499.426495472, 205499.434277144, 205499.457519711, 205499.465300419, 205499.473018089, 205499.480931616, 205499.574044239, 205499.581763727, 205499.612900978, 205505.436289478, 205522.566563108, 205545.458515697, 206491.920026097, 
206493.236013558, 206495.031236289, 206499.200967441, 206499.214710758, 206499.222428293, 206499.23790971, 206499.253412905, 206499.26365003, 206499.268846065, 206499.292096498, 206499.307627076, 206499.388628555, 206499.462717358, 206499.470406906, 206499.485975356, 206499.500641664, 206499.641387414, 206499.656915801, 206499.921616993, 206499.92180968, 206500.876909261, 207400.51250402, 207489.958841267, 207494.767030319, 207496.32309378, 207498.200787882, 207499.212119378, 207499.250810733, 207499.48334036, 
207499.599907585, 207499.886576504, 207501.88943254, 207501.971544685, 207504.742544162, 207504.879003274, 207505.452343088, 207508.584107293, 207511.90003939, 207512.246425652, 207512.33944439, 207513.683185962, 207515.906239265, 208461.51148984, 208469.142414162, 208473.586166266, 208479.275150418, 208484.292593469, 208485.527462594, 208485.533347181, 208487.125627946, 208490.167558698, 208491.524242866, 208492.035886508, 208492.641644805, 208493.444906038, 208494.900738256, 208499.173446253, 208499.209486456, 
208499.248234151, 208499.480722578, 208499.540481435, 208501.760674363, 208503.108867472, 208504.072004761, 208505.364387956, 208508.917212407, 208509.872133843, 208511.039117306, 208511.555484207, 208513.488080749, 208513.731120816, 208518.900581977, 208522.09071262, 208528.433473446, 208529.162058614, 208544.184288964, 209483.99333152, 209499.222403058, 209499.230114789, 209499.261071859, 209499.264213736, 209499.268855439, 209499.276563656, 209499.315280339, 209499.448757783, 209499.478149409, 
209499.610140055, 209499.672368532, 209499.760115861, 209505.873137589, 210480.137206448, 210482.859831328, 210487.764837876, 210490.81693589, 210491.050905005, 210497.464491829, 210499.219833088, 210499.227523306, 210499.243025202, 210499.275461231, 210499.297192077, 210499.475539452, 210499.503064327, 210499.545399023, 210499.615336619, 210499.654226601, 210499.662722849, 210499.700873079, 210499.732018253, 210499.786529792, 211423.226299276, 211468.265245268, 211468.951951947, 211482.70473242, 
211485.004025588, 211488.05697197, 211495.176300042, 211497.005720611, 211499.188200599, 211499.294661491, 211501.106474324, 211504.684446554, 211509.006024366, 211511.140301907, 211511.8305973, 211547.244210158, 212476.751391318, 212483.616979592, 212484.714883193, 212485.400322172, 212490.709369749, 212490.815810317, 212492.245913169, 212496.842063269, 212497.25077895, 212498.621441763, 212499.641143809, 212500.512039333, 212502.327740281, 212505.590094905, 212541.384560048, 213494.258641696, 213496.276092836, 
213496.418276351, 213499.235272286, 213499.304958294, 213499.339869709, 213499.359164189, 213499.475459111, 213499.483210018, 213499.48521605, 213499.70852919, 213499.803880801, 213504.065830645, 213508.497998784, 213516.481191555, 213520.764664336, 214475.011820122, 214483.497017868, 214489.591268652, 214499.232644126, 214499.240446535, 214499.248110386, 214499.263609439, 214499.28318551, 214499.286803249, 214499.480569242, 214499.496094754, 214499.729267981, 214499.802563649, 214499.843596233, 
214499.853814389, 214499.892832473, 214504.602870431, 214508.540160814, 215484.954188387, 215485.369820788, 215485.752700447, 215485.949375976, 215486.871955663, 215489.591411688, 215491.844273746, 215494.58442775, 215495.805437564, 215497.233026346, 215497.947196503, 215498.045360566, 215499.222338881, 215499.261022655, 215499.493504758, 215501.162932448, 215501.821608557, 215502.914653238, 215502.96102032, 215505.229633723, 215506.927233899, 216469.422279913, 216473.463431265, 216474.232215132, 
216479.888836499, 216481.058131226, 216481.171456442, 216481.659685351, 216487.921184165, 216488.375243085, 216493.840336201, 216494.535909131, 216494.749099857, 216495.948565284, 216499.181101276, 216499.258434178, 216502.547901174, 216503.135473299, 216530.522834887, 216543.591552482, 217475.573123674, 217480.108286154, 217483.947664942, 217484.666823361, 217495.661776089, 217495.834197528, 217499.178509665, 217499.20651523, 217499.217144768, 217499.387477611, 217499.56025561, 217499.640118818, 
217499.947246151, 218461.872025878, 218467.7332811, 218477.069686849, 218483.262511639, 218490.044587092, 218492.926169907, 218499.145470796, 218499.175955183, 218499.193864871, 218499.35386461, 218499.384876947, 218499.39257412, 218499.508964155, 218499.516680423, 218499.57882658, 218499.594340997, 218499.625397643, 218499.89778093, 218499.905599879, 218499.913357426, 218500.292488442, 218508.119980509, 219458.158465001, 219467.509349676, 219478.663223561, 219480.612647813, 219486.34506131, 219486.812728967, 
219492.414113575, 219496.38352055, 219497.452412864, 219498.052313605, 219499.072416253, 219499.150142997, 219499.165099031, 219499.537374705, 219501.289678125, 219503.516261183, 219505.381350853, 219505.672617503, 219507.908071553, 220405.924077035, 220451.732429388, 220476.156989694, 220482.334526019, 220495.02384867, 220497.303569864, 220497.536870171, 220497.699053709, 220497.994960148, 220499.263540125, 220499.534730803, 220499.923649523, 220502.599440278, 220504.608226014, 220504.697781295, 
220514.495609312, 220517.700634115, 220522.11920341, 220524.823119329, 220528.631743561, 220568.007516548, 221484.091810695, 221488.143906341, 221499.144982226, 221499.160453419, 221499.175872647, 221499.222247185, 221499.237700105, 221499.245472246, 221499.415798625, 221499.439002065, 221499.454550521, 221499.51662499, 221499.524337503, 221499.532144877, 221499.547643629, 221499.570941703, 221499.609718478, 221499.736560121, 221499.921657734, 221499.959965715, 221501.48339364, 221507.056222829, 
221507.839675856, 221509.352213938, 221518.854477628, 221527.263809621, 222472.789244581, 222483.433160166, 222483.638573883, 222493.301784217, 222496.535858311, 222499.23517535, 222499.242837792, 222499.250641641, 222499.258337376, 222499.413207192, 222499.521744535, 222499.529518089, 222499.534771341, 222499.544997615, 222499.552783846, 222499.560511485, 222499.583837129, 222499.630417008, 222499.679862305, 222499.700401883, 222499.769086399, 222499.949547015, 222505.431029042, 222508.276160485, 
222509.223110623, 222510.821726846, 223478.318327565, 223488.023148871, 223488.10861406, 223489.884516037, 223492.809890934, 223492.961723483, 223499.15526283, 223499.271224348, 223499.581169258, 223499.697728999, 223499.892318625, 223500.283071815, 223501.867443983, 223505.846980098, 223506.502156019, 223510.235584829, 223512.28746132, 223523.194677834, 223524.067894194, 223536.279458993, 224456.158084038, 224472.319911323, 224480.353951251, 224485.716261975, 224489.273136419, 224492.156197418, 
224495.500672186, 224499.152695958, 224499.22992352, 224499.287947864, 224499.424442409, 224499.695127672, 224501.191881834, 224503.717067308, 224508.008541534, 224511.387322587, 224520.30107283, 225467.437571833, 225476.201828273, 225485.75985133, 225490.526062019, 225490.750679104, 225498.59003846, 225499.173287806, 225499.289257917, 225499.296996634, 225499.426989524, 225499.442317159, 225499.468410982, 225499.505182618, 225499.52940574, 225499.537134867, 225499.549430726, 225499.560420216, 225499.599218503, 
225499.663926878, 225499.664891204, 225499.684674883, 225499.708026831, 225499.741581117, 225499.793595396, 225499.957137211, 225512.540991675, 225518.926614594, 226487.775212751, 226489.183226474, 226497.858203954, 226499.132058178, 226499.170665547, 226499.178400455, 226499.186141224, 226499.253206048, 226499.28659809, 226499.371742447, 226499.48025582, 226499.519038771, 226499.526784557, 226499.534544223, 226499.543415908, 226499.57330527, 226499.642088394, 226499.666480474, 226499.67429547, 226499.728609278, 
226499.744234626, 226499.752026127, 226499.884306523, 226508.13052655, 227460.984335687, 227465.47381002, 227467.911852051, 227479.37762432, 227479.481897301, 227479.990266908, 227481.091019273, 227485.090790071, 227485.775602197, 227490.028380067, 227491.050575475, 227491.308255793, 227491.543142641, 227492.211622341, 227493.823672043, 227494.484969592, 227496.311852253, 227496.492480578, 227497.836210435, 227499.27627593, 227499.297139646, 227499.741611585, 227500.289593986, 227503.56409167, 227505.006564168, 
227505.671043134, 227507.374487115, 227510.358115986, 227519.494586068, 227566.665508823, 228455.47195425, 228472.59203983, 228482.63041605, 228484.262762989, 228486.575337303, 228487.267169712, 228489.022360688, 228489.75533576, 228490.98213377, 228491.508866767, 228492.773534218, 228494.490039662, 228498.609834435, 228498.7080548, 228499.157772349, 228499.196364043, 228499.235039737, 228499.273676583, 228500.129904571, 228500.342959952, 228502.448396537, 228507.195583404, 228509.830862386, 228512.19538547, 
228514.916922451, 228523.065160469, 228537.46164091, 229479.524543095, 229492.380944924, 229492.595810216, 229493.209560028, 229499.101161313, 229499.108880794, 229499.139731974, 229499.140862915, 229499.147448777, 229499.155211251, 229499.178366779, 229499.247929678, 229499.255639103, 229499.271085139, 229499.465858234, 229499.526634303, 229499.59648244, 229499.728516485, 229499.962062843, 229515.401428667, 230472.479008033, 230480.111367949, 230493.811879123, 230495.307339455, 230499.060023234, 
230499.144901833, 230499.175764199, 230499.245298165, 230499.260764429, 230499.562618009, 230499.565813825, 230499.609359205, 230499.640452657, 230499.717057235, 230499.718083474, 230499.718565815, 230499.889269482, 230499.920453202, 230499.951615012, 230499.959451386, 230499.967193025, 230520.815935016, 231481.971412962, 231482.969443199, 231486.634626315, 231488.484577976, 231488.822464844, 231491.153461048, 231497.011952029, 231497.575678696, 231498.366804499, 231499.165456193, 231499.28135269, 
231499.980156388, 231503.243193228, 231503.532300311, 231524.568228236, 231542.433150362, 231606.272410947, 232448.858921738, 232476.944513229, 232477.056022667, 232477.210963098, 232478.23426371, 232483.796126407, 232490.555974367, 232490.661683819, 232493.341322167, 232494.167068891, 232498.304229392, 232499.162853094, 232499.860601267, 232499.876179289, 232503.378756864, 232509.051188313, 232536.548769872, 232539.448233527, 233319.261505044, 233495.377079974, 233499.067658524, 233499.144814792, 
233499.174033753, 233499.79572262, 233499.881343391, 233499.928059193, 233499.990351192, 233517.284025494, 233521.656760697, 234475.0578653, 234475.804420331, 234480.13320198, 234499.065094266, 234499.072795313, 234499.080523094, 234499.102766949, 234499.142255393, 234499.149937157, 234499.173093151, 234499.180878054, 234499.188548814, 234499.265808915, 234499.327659965, 234499.343199636, 234499.614352185, 234499.729090475, 234499.761964453, 234499.964330718, 234499.995516998, 234519.517510092, 235440.122894811, 
235468.300592044, 235474.239641226, 235479.498973156, 235480.108408016, 235482.137239073, 235483.320587742, 235484.332442822, 235484.35372227, 235485.126415095, 235487.432429423, 235488.486643832, 235490.504795818, 235491.084237871, 235496.445631437, 235497.712544856, 235499.131935173, 235499.712657882, 235499.716600937, 235499.946065283, 235501.850417386, 235502.809149061, 235503.903727687, 235504.346908311, 235508.44267147, 235509.140635142, 235512.864663949, 235515.519217111, 235530.179712641, 
236460.192189403, 236464.006385432, 236474.048780589, 236474.061974068, 236475.129318603, 236481.926526632, 236483.086844182, 236483.15032208, 236483.212800529, 236489.55559708, 236491.709675822, 236495.23274627, 236495.292367271, 236497.612006373, 236497.768435858, 236497.986440456, 236499.09078425, 236499.710070249, 236500.160562866, 236500.668935359, 236500.917940258, 236501.510213203, 236502.314819612, 236503.305482008, 236509.80015471, 236514.559016006, 236516.448330897, 236519.734564772, 236520.296362695, 
236521.8240647, 236529.015968511, 236532.648417808, 237473.21832839, 237488.52148809, 237499.080479237, 237499.142192292, 237499.149914228, 237499.154249205, 237499.157637388, 237499.180811894, 237499.219424041, 237499.265760321, 237499.273460004, 237499.281244216, 237499.653018137, 237499.660782828, 237499.668527998, 237499.901832756, 237499.964157228, 237502.912414448, 237503.100870077, 237505.900864723, 238474.954327938, 238475.315016975, 238487.15971257, 238489.403119044, 238499.077867333, 238499.116430719, 
238499.130408821, 238499.139619932, 238499.155020052, 238499.162752522, 238499.263131828, 238499.270852153, 238499.332690673, 238499.346904127, 238499.517607983, 238499.642640462, 238499.665889071, 238499.680769569, 238499.720327527, 238499.766569079, 238499.96145357, 238510.38175429, 238511.79045133, 239460.106214488, 239471.785611699, 239472.246665457, 239473.912096111, 239475.270614565, 239478.106446807, 239482.189544667, 239486.863797943, 239487.996784111, 239489.562742424, 239491.850081749, 
239492.081550526, 239492.791164709, 239496.784521226, 239499.137023257, 239499.175594473, 239499.531390986, 239499.639966241, 239502.114579622, 239503.665376888, 239504.446226786, 239505.171398067, 239505.434327368, 239506.174531419, 239520.239403003, 240457.635920532, 240473.921160757, 240484.313684918, 240484.674278062, 240485.837386119, 240486.025788684, 240486.073069836, 240488.617927018, 240488.968530161, 240491.054953887, 240491.927529111, 240492.160296742, 240492.940147369, 240493.692523002, 
240494.081992883, 240495.59066957, 240497.070807048, 240499.173018761, 240499.327534966, 240499.753880609, 240499.932678474, 240500.018479779, 240500.162138865, 240501.894059384, 240502.059054602, 240502.673101403, 240503.180423755, 240506.338597219, 240506.769868834, 240509.11712862, 240510.126030308, 240533.392725146, 241486.5305288, 241487.400009296, 241498.607653649, 241499.161775858, 241499.162676136, 241499.170424221, 241499.185822793, 241499.263083517, 241499.292025412, 241499.580422107, 241499.619220516, 
241499.626947226, 241499.650262636, 241499.751179495, 241505.025384879, 241507.57277711, 242475.850039362, 242484.29564091, 242486.107400379, 242497.461533081, 242499.167786826, 242499.17325829, 242499.18327135, 242499.283620301, 242499.312460373, 242499.337731601, 242499.668318275, 242499.670869901, 242499.70193694, 243470.884217846, 243472.090565303, 243479.867657898, 243487.70766712, 243488.843778222, 243492.266062372, 243492.859404328, 243496.675674954, 243498.254383884, 243499.022376917, 243499.180635502, 
243499.296515219, 243499.335125931, 243499.60618513, 243499.878051256, 243500.63286346, 243504.044630194, 243506.286923447, 243506.399887537, 243507.337142331, 243509.440368009, 243511.446338672, 243512.145747241, 243518.788632687, 243518.81771807, 244474.448895195, 244477.745807915, 244484.113028011, 244484.514188568, 244486.11920736, 244487.53721582, 244490.522244874, 244493.598176098, 244497.540127751, 244499.17805376, 244499.255229259, 244499.266854767, 244499.293927417, 244499.301634048, 244499.332494446, 
244504.643493454, 244507.307768914, 244508.823253997, 244515.29935627, 244523.401027894, 244526.839679324, 244530.77119042, 244544.890745172, 245444.828844928, 245479.764826056, 245481.091997576, 245486.951409519, 245488.413032819, 245496.264876258, 245499.077037624, 245499.11249716, 245499.206323656, 245499.232402149, 245499.291255504, 245499.306727884, 245499.314448458, 245499.320340385, 245499.322163799, 245499.329909476, 245499.585401095, 245499.620713855, 245499.662948213, 245499.872722244, 
245499.888287834, 245499.973951798, 245507.140168237, 245535.039313239, 246475.657590307, 246484.409882221, 246495.538002334, 246499.075518589, 246499.149699586, 246499.157419631, 246499.196022399, 246499.20371262, 246499.254458087, 246499.265490672, 246499.293494115, 246499.304097088, 246499.308024855, 246499.319590414, 246499.327325274, 246499.342782063, 246499.660325085, 246499.691628867, 246499.846720605, 246499.885642529, 246499.986793546, 246499.996917111, 246500.002389778, 246505.512189097, 
246521.447615019, 246539.213670613, 247475.629024174, 247476.68393954, 247479.133773533, 247479.795228706, 247481.892303057, 247483.284797909, 247489.920888743, 247499.108572826, 247499.325738882, 247499.34017049, 247501.768068365, 247515.799567588, 247526.979517687, 248448.986454738, 248458.361922504, 248472.586403148, 248474.31737462, 248474.518242966, 248475.843999647, 248479.128358722, 248488.370931036, 248495.797536534, 248496.256995753, 248498.74969929, 248500.331868313, 248503.056145957, 248508.273457366, 
248510.999202978, 248511.86443046, 248513.256233262, 248516.971525743, 248524.447844872, 249483.494751548, 249485.770671204, 249488.902209596, 249489.899759423, 249499.075374689, 249499.180471815, 249499.19724135, 249499.216023892, 249499.354740231, 249499.667891307, 249500.103501853, 249500.111287989, 249528.492798894, 250477.619998231, 250495.98700519, 250499.116237508, 250499.123924406, 250499.154781282, 250499.216441245, 250499.255059628, 250499.285958429, 250499.309119443, 250499.867185326, 
250499.991731031, 251465.17503689, 251466.640410677, 251467.924463523, 251490.925715163, 251494.777267166, 251499.613011261, 251500.121519845, 251501.272405325, 251503.544176928, 251505.253569967, 251506.305518715, 251509.867709206, 251509.872152081, 251512.014529481, 251512.351507118, 251514.306661088, 252479.028921248, 252479.195845585, 252499.924096651, 252499.93577834, 252507.124456069, 252510.266213239, 252511.776737765, 252514.399396905, 252521.322936746, 252526.750888877, 253484.634931239, 
253499.123886776, 253499.16237959, 253499.170126642, 253499.80480765, 253513.099513226, 253516.605199616, 254499.825480812, 254499.841040992, 254499.934289676, 254499.949847201, 254499.988821487, 255477.895911431, 255491.188340904, 255494.07205677, 255498.212358318, 255499.729061546, 255499.970531575, 255501.703102045, 256489.486683696, 256489.705053148, 256489.779359074, 256519.627798175, 256527.750581306, 257483.653246857, 257499.144307131, 257499.221425429, 257499.229110034, 257499.825220508, 
257499.949625769, 257505.516794395, 258499.226532859, 258499.257334794, 258499.27350529, 258500.751388694, 259490.680890496, 259493.961590522, 259499.200763575, 259500.014342052, 259511.124676582, 259516.59279534, 260481.575487734, 260495.341837764, 260501.11399568, 260516.244707211, 261492.177364415, 261499.998212713, 262499.980312718, 262500.029642511, 262505.543680126, 262508.410778803, 263520.357759474, 264412.71165601, 264500.0085347, 264501.992050328, 264512.046425857, 264526.755293913, 264528.720144807, 
265495.167934512, 265498.888259806, 265500.008198337, 265500.037134179, 265500.044922919, 265500.122785562, 265500.130575063, 266500.034429401, 266500.042230923, 266500.138406053, 266500.16689837, 267485.556486007, 267488.568245694, 267498.2166744, 267504.164670797, 267504.281756236, 268473.362809854, 268485.570734161, 268500.138141668, 268501.570411136, 268508.671480541, 268511.854283491, 268515.335178248, 269500.003112847, 269500.034153274, 269500.041990557, 269500.049749458, 269500.127606539, 
269508.138672919, 269513.872427439, 270500.015923895, 270500.070407674, 270500.085956603, 270505.862388717, 271494.068182527, 271496.097162091, 271509.829580098, 271527.909609942, 272496.54232604, 272498.676778783, 272499.831878185, 272499.948351833, 272500.080603829, 272508.486524317, 273492.828874395, 273499.697303915, 273499.813630705, 273499.844609832, 273500.085662242, 273500.140214494, 273509.439923095, 274486.496901901, 274500.129742972, 274500.137482673, 275478.670520443, 275489.448268989, 
275490.350342505, 275491.08148211, 275499.39679632, 275500.072483833, 275502.600933365, 276483.676281475, 276486.101378259, 276492.289724356, 276494.958564441, 276501.280571586, 276509.295946749, 277499.748701817, 277500.051546546, 277500.082727701, 277500.09826304, 278459.374014723, 278499.699557398, 278499.738255651, 278499.943446995, 278500.06441928, 278500.093610096, 278505.739067329, 279497.655137329, 279500.077304467, 280499.802726345, 281494.587268628, 281499.800066191, 282499.867180503, 282507.216973534, 
283529.737410004, 284479.121967411, 284484.608623312, 284499.962805296, 284508.400910128, 285509.119827649, 286497.684638988, 287507.771484863, 287512.105956594, 287513.870445444, 287529.368376053, 288482.628573643, 288486.58535448, 288492.639967669, 288504.144908307, 288504.956141269, 289499.918274708, 291500.087389491, 134500.689259442, 133500.671651426, 134500.673031156, 133000.663957685, 149500.661647368, 147997.646182174, 147497.472810179, 147000.647497837, 136503.633642459, 141485.800381625, 
142000.612456456, 153000.611804589, 147000.588510152, 148000.57431898, 153000.580538344, 131500.527889745, 138500.537434707, 131500.991022178, 156500.621514566, 155500.544804437, 147980.380732128, 149008.011367704, 153013.285683418, 149500.520352844, 154000.673958049, 115000.451643446, 136001.219132513, 116003.970341189, 130994.782562734, 118500.448554525, 131500.465164854, 134500.469735843, 133506.855072064, 133989.939221091, 135506.311633756, 131000.457307043, 135000.462204889, 131500.539246157, 
130500.417732934, 131500.838631345, 132486.42685542, 132013.114983637, 118496.270652492, 132985.896156169, 120471.043887611, 116495.920629276, 118000.377526551, 119000.378620161, 120000.379834797, 132000.404069815, 131000.394806876, 131497.823864034, 117472.211763583, 115500.366194742, 131500.476729408, 130939.669678123, 153000.4073654, 160000.416571658, 155966.925250576, 153008.841599585, 131500.371189491, 132000.384183055, 145000.381585277, 131994.768811563, 131500.340103796, 147500.361542318, 
132003.925198518, 147490.423300269, 147000.332759047, 148000.353533235, 132501.125665083, 145500.343128548, 148500.347402438, 131504.230621523, 148500.338691213, 130993.963570084, 128011.645988752, 127500.303668047, 127000.308830944, 128000.296474946, 127507.57248811, 127004.187711973, 142000.268252623, 107500.215488935, 133492.00158549, 113495.810729365, 113975.191172002, 78000.1683266647, 79000.1692820415, 107000.205187725, 110000.210410743, 107489.688105023, 92500.1795257181, 93500.1804433921, 
93011.7527311342, 91978.3111052401, 107999.71423809, 77485.510454068, 92000.1707534418, 93000.1719625527, 120000.207871508, 133000.224838782, 143000.238118064, 92502.1889816457, 142496.740506581, 132494.063235367, 117996.803088281, 77021.3023564294, 74500.1402515229, 91500.1630540239, 118493.206022524, 117500.196690314, 144500.232519068, 91990.480262123, 108515.421370399, 134006.160658345, 145458.90344169, 146513.72412947, 76508.9216248076, 97499.3015212789, 92511.9334275015, 77000.1681345245, 80000.1393289622, 
92000.1671754392, 93000.1563263936, 97000.1914178915, 99000.1645768303, 116000.186734347, 118000.189273594, 146000.226378541, 117508.007924628, 71983.7124050474, 78500.1295892559, 79500.1315602437, 80500.1326866336, 92500.1480878014, 91500.1718485327, 146500.277799818, 97005.7911573807, 91989.6385820871, 86539.6223589182, 117516.964064767, 113466.2928306, 103498.607468108, 77000.1204331061, 78500.1223660698, 79000.123127955, 93000.1414076341, 95000.1443572678, 118000.174191935, 120000.176588625, 
95996.4822552577, 118985.4935087, 77523.6186886989, 85491.0960608544, 113514.807564863, 93006.1534898123, 86500.1249496415, 92500.1333394572, 93500.1338548213, 107500.152458531, 112500.158767986, 116500.164451035, 113000.453892484, 107990.575812797, 79004.626135339, 75499.0732181957, 94002.0244941479, 87514.4356791461, 86518.0401311684, 117508.812145872, 86000.1167431436, 92000.1873650672, 94000.1265978599, 95000.1288310885, 96000.1294829352, 107000.181679444, 116000.156008774, 118000.158931011, 
150000.20005972, 153000.203254402, 112476.65346467, 107501.815439805, 117997.171296399, 87010.1636274513, 107001.919154721, 88003.8518027831, 78500.0992585523, 76500.086397117, 86500.1678031618, 87500.1111943033, 94500.119693093, 107500.137242736, 106500.152176636, 128500.164123467, 77012.0564499106, 87508.4981557755, 86004.3625905542, 86515.6733828196, 76523.5900316508, 76001.7114232322, 142494.105499718, 93499.9517082758, 77000.0894321753, 87000.1021287171, 93000.1103929849, 94000.1114853304, 77508.598198168, 
88487.1456669522, 90958.7069776859, 105479.096248087, 90458.8831465133, 87995.3100408418, 77994.6697833892, 89010.2526241066, 85519.0544941658, 103496.882009867, 78500.0832132054, 86500.0936468802, 88500.0968015604, 89500.0974263484, 113000.0481144, 79023.7323372485, 118007.380952807, 113488.229898613, 116991.275694962, 77001.3818950243, 77496.1138445437, 76488.2819773098, 92498.7407791195, 74000.0692980001, 77000.1439271197, 76000.072156772, 78000.0746324956, 79000.0756482184, 80000.0769188842, 
87000.1094651017, 85000.0834956942, 86000.0856927997, 88000.0880482309, 89000.0893674623, 92000.1075423956, 96000.0983169358, 113000.120355578, 115000.12350968, 116496.83532449, 116000.124544674, 119000.127998849, 91514.1524392273, 87500.1811958225, 82960.62419271, 88026.2248985078, 91997.7031276822, 97996.5349363722, 86989.8000862841, 77500.0661924435, 82500.0726671973, 85500.0770982252, 91500.1745234504, 87500.0798496325, 88500.0807924317, 89500.0822204622, 97500.0928933863, 103500.100024931, 118500.120260817, 
116500.202767282, 139500.147457336, 77525.5128654605, 115984.654961474, 118488.881194805, 97484.3279113937, 75000.0551130399, 98000.0855031842, 118000.110973989, 152000.155294563, 85971.841444551, 155992.241276904, 117941.817658921, 85450.4976119511, 88998.0851504877, 100471.095667812, 76500.0495106904, 78500.0515918843, 86500.0626678765, 92500.0708408868, 116500.102062236, 117500.103418924, 122500.109642117, 123512.226453044, 116969.44141781, 102489.882217857, 119006.171921872, 123998.857752844, 
74000.0389665319, 76000.0411572596, 78000.0440768953, 85000.0528227882, 91503.6298932498, 92986.8563155569, 77987.2259651376, 75500.0327209402, 77500.0354493689, 91500.0809799153, 87500.0482846489, 89500.05138034, 93500.0560936183, 99500.0634944197, 121500.11764013, 156500.170988287, 115984.523138406, 104989.758962644, 96502.5110653294, 78489.9447016269, 79000.0290990192, 83000.0347937094, 84000.0359240752, 88000.0411118027, 89000.0421404345, 90000.0436664168, 92000.0460829511, 115000.076489375, 
75970.8832314406, 83478.5812804429, 80955.289417793, 90994.3081600331, 95995.318136625, 91499.8390243798, 87464.1973755611, 92990.4037525384, 79013.9528615847, 115487.0453675, 107489.561767788, 88001.4483517297, 91974.5977232195, 128991.549065013, 90491.1621734165, 76993.994762918, 88985.2588906419, 73500.0143101681, 78500.0213410947, 79500.0222665006, 81500.0249426821, 87500.0324202972, 88500.0343969427, 91500.0377739854, 92500.0396126071, 111500.063848746, 129500.087088942, 99005.6350471713, 76488.9190113489, 
77000.0194756705, 75000.008714023, 76000.0101182153, 86000.0226104679, 86500.0182620222, 90000.0287958598, 93000.0327099236, 92000.0927702151, 96000.036413067, 99000.0394488564, 117000.132682922, 114000.059811448, 115000.060723729, 92455.5755650681, 91494.0156458514, 117504.347222392, 77496.7691894695, 156996.106408501, 157993.691411952, 72499.9980533998, 76500.0370672392, 86500.0013724649, 91500.1096056588, 88500.0187344151, 90500.0213444037, 92500.0238651577, 93500.0254309094, 94500.0264909621, 
98500.0317225475, 99500.0328435572, 110500.046800257, 115500.053983862, 157500.107802926, 158500.10941701, 93006.5784404753, 91998.0891665341, 92508.742552774, 117487.562211169, 93011.1737584602, 110988.215929091, 91491.4787316574, 115991.546246137, 77999.9972254429, 84000.0045143608, 90000.013111501, 92000.0154432654, 94000.0178316338, 117000.048028591, 158000.100880943, 93506.0472276974, 87503.1154097943, 116499.332414158, 93018.3267309386, 79001.8274118779, 92031.3040465191, 94001.1431706166, 
75495.5156626357, 78499.9902354153, 83499.9965940956, 91500.0073879547, 93500.0096217152, 153499.502104936, 116500.039009953, 159500.095025151, 90475.1381445797, 158992.404650609, 112493.042257254, 116509.554965325, 92517.4737501647, 73999.9759122906, 75999.9790374609, 77999.9817803958, 77000.0726382649, 78999.9823738243, 88999.9963286817, 89999.996612641, 92000.0465976382, 94000.002097467, 95000.0041212356, 99000.0088814246, 113000.027286315, 116000.031339647, 76487.9873736016, 91493.0825841632, 
147006.915993968, 117013.38695436, 87005.8760984791, 77991.714007074, 74499.9686370557, 76500.0625962447, 78499.9738041647, 79499.9759211391, 80499.9771932187, 91500.0379515942, 88499.9876664868, 90499.9899278115, 92499.9921007184, 93499.9934929013, 94499.9954920383, 93001.7207032721, 98500.000032708, 99500.0020938693, 116500.094300988, 117500.024644216, 75997.6673629396, 77484.4419986196, 74981.727021236, 79950.7967499122, 93999.987226313, 118000.018108278, 148513.753825023, 90973.125170921, 88994.7570851548, 
126987.196906533, 88499.9722588416, 107499.996345293, 142500.041405445, 79010.0498963119, 77989.9921787446, 143489.84558977, 80447.9184096167, 107025.710555003, 92446.7906937012, 91531.5040857531, 81487.900777665, 77999.9500301508, 78999.9519821107, 79999.9530773619, 80999.9544523871, 89999.9656159775, 93999.970992025, 102999.983314174, 104999.985378354, 118000.002196888, 76496.9402140705, 106480.495472275, 107499.225178048, 157012.360252605, 77499.9413668774, 79499.9450203627, 80499.9455680959, 
86499.9681396326, 90499.9588656146, 92499.9618231952, 96500.0004628217, 105499.978169957, 108499.982322265, 109499.983393495, 116500.071242387, 142998.506521742, 82505.4375125878, 76486.3813587837, 95981.3304503243, 81487.0592489885, 118479.867679441, 76999.9333350547, 77999.9348342279, 86999.9460786525, 88999.9485754361, 93999.9556175545, 112999.980434055, 117999.986105047, 78486.3885865761, 87485.1217832742, 89960.3822355205, 93475.8507236512, 93025.1632051701, 91486.884431093, 117502.965958812, 
113498.369697098, 80991.4837721912, 86513.9237901531, 78032.7041788502, 95455.6287650755, 82011.007081327, 86994.1090925448, 76499.9247663412, 81499.9310956066, 82499.9332136828, 93499.9476241078, 108499.966381056, 111499.969953927, 114499.974037061, 116499.976379042, 117499.978176356, 126499.98972965, 80486.8925506901, 117020.772392877, 79477.2187986206, 107973.724746994, 93978.7483806061, 81514.6070058048, 91489.6443388471, 156514.71387586, 116488.126617312, 74999.9156894041, 78999.920997384, 79999.9217914296, 
81999.9631790956, 82999.9259514101, 89999.9346810747, 93999.9399883971, 112000.010658579, 115999.968489313, 117000.019184222, 120999.974816491, 127000.016489427, 161000.025695888, 112465.741369233, 151474.72251349, 111499.978202388, 91991.6231146762, 151984.190467808, 77499.9104721108, 79499.9138045684, 80499.9141924595, 82499.9169819634, 81499.8993930407, 90499.9281445406, 92499.9307940183, 101500.01171353, 115499.960492858, 116499.962279625, 122499.969146254, 127499.974851015, 121991.872968559, 
96982.6107244221, 116485.216884527, 87500.989587578, 127476.314004962, 101477.629890785, 78999.9052771069, 81999.9087080061, 88999.9182347627, 91999.9218447981, 100999.933904477, 107504.032317858, 118490.439285459, 99948.041863245, 92506.3218861418, 75992.5861229887, 90986.1710909782, 79990.5447402811, 77517.8498731097, 81497.1405377006, 82471.7195564015, 102008.760839009, 117007.525297428, 93026.3009872818, 94469.8651321772, 81986.4408789081, 76499.8941349965, 78499.8961531548, 81499.8999611344, 
82499.9022028167, 84499.9043971952, 91499.9139471957, 92499.9151311321, 106499.932874532, 108499.93545111, 116499.945468199, 100451.63184628, 152499.992120159, 77992.4917649748, 83994.3509281911, 80504.1537340237, 75484.1694999458, 92007.3705964256, 96476.6021735854, 101480.947658084, 76999.914590436, 81999.925583005, 82999.8943001563, 83999.8955138568, 77518.3461592998, 91999.9754374148, 98999.9147940045, 100999.918103068, 101999.971003486, 115999.937035183, 116488.40971619, 91497.9028688064, 92482.0555277793, 
152990.220375347, 92986.6442328356, 76986.5242207283, 79499.8822549796, 85499.8896668497, 87499.8925978215, 92499.89899462, 96499.9354748623, 93001.6978856632, 92495.1814751746, 83492.5119431419, 77509.2612217991, 101999.903985966, 134999.945767482, 95963.3356792312, 93488.4232677724, 115980.690253096, 84998.6426628307, 82985.4596262667, 106990.412528212, 93942.3663554611, 82499.8703162763, 83499.8724759398, 106499.902153453, 108499.903919324, 116499.914058899, 93014.2958307061, 125493.914582899, 
84501.3777766135, 81997.5275198389, 99493.8645919058, 90999.8736754702, 92999.8768526688, 99999.8858044809, 105999.893202399, 124999.917540141, 82505.5522212619, 93499.8694257885, 110499.891516539, 126499.986114661, 102005.93880722, 92999.8603901826, 98999.8687988091, 99999.8704349324, 158495.194879778, 144011.397667274, 100468.857246752, 93499.8536633402, 94499.8546627881, 101499.864086038, 144499.918605244, 90469.6123661892, 99448.6029898012, 128493.7120702, 99001.1129077217, 99999.8545296956, 
92995.6371038398, 93499.838667131, 94499.8393982798, 99499.846383621, 114499.864991788, 121499.87146356, 120499.873063968, 125499.879202116, 121989.515630372, 99007.4986081747, 127993.891613273, 93999.8310069004, 96999.8347533485, 121497.270425416, 95987.7725337595, 102498.153097129, 99953.7040467476, 122490.083452739, 120964.25840873, 100978.266702459, 99021.9149021711, 96499.8259511106, 101499.832838005, 124499.861827512, 109449.797387265, 73486.7202223195, 99467.4907576311, 108989.825137082, 122497.583129256, 
74536.4801189713, 132488.732890887, 95999.8179206708, 98999.8222682774, 111999.850668788, 125999.855878433, 96498.8094013045, 107498.397395723, 126492.421265234, 97480.7257424463, 117011.504308785, 77992.7149747992, 78499.7880064761, 83499.7943285024, 98499.8139777733, 104499.821143329, 107499.825137419, 108499.825744165, 106499.867913828, 113499.832784735, 114499.834052179, 106995.894694968, 77508.4927869523, 116502.474900136, 117997.782904841, 77985.0793069955, 96013.0185338594, 82473.6353393989, 
105965.846985559, 81999.7848866126, 96999.8034573011, 116999.829304235, 131999.848687889, 123005.459518719, 80006.9777252814, 115965.244047192, 126507.325185207, 96478.6392103285, 97479.2302685026, 130964.899329537, 81970.2271084879, 117497.452540991, 95505.9839918008, 72984.062554555, 113992.001599193, 76988.6571080657, 116982.414622597, 117962.824116845, 82496.5473750466, 119461.462220456, 96499.7958166543, 152499.866744713, 72493.8407609873, 85523.4568527443, 77490.1779905874, 53999.7332930919, 
84999.7731868802, 93999.7845961172, 98999.7907663621, 104999.798802548, 111999.866491103, 72480.5054131122, 61517.6247560671, 76512.5819383729, 111463.864880552, 81993.7901737019, 58001.3213836709, 57499.7290140446, 58499.7310957341, 61499.8206983507, 72499.7487778654, 90499.7721428154, 102499.787516634, 103499.788523116, 114499.802471513, 117499.806764347, 118499.807590137, 119499.809636525, 63001.2130871592, 87005.5316618886, 77993.7214687122, 83486.781692002, 58490.7761474373, 56518.0480913268, 
82500.4667811971, 62531.7869095439, 112498.387094479, 59999.5652794121, 63986.3689842327, 120956.98301534, 91500.3487052945, 78016.966664236, 57999.7228268096, 71999.7403756035, 121999.804168704, 55971.21594101, 53504.7056921897, 72486.0145517439, 70989.4327716082, 111497.161924784, 85017.8170635588, 81527.4370881254, 114985.878480636, 86511.4427290102, 84015.5643949332, 58988.9463793319, 54964.6197331212, 76988.3357776683, 53999.7657282492, 83018.2945082365, 62500.439733509, 84015.4824274983, 133011.058880457, 
103499.772813961, 117499.790692267, 84487.3689320209, 60515.4196145358, 79493.4151826603, 53513.5427972786, 79014.7732032454, 67011.328085226, 57506.3554318249, 85505.5230005756, 82051.6252295338, 62506.0651367689, 81508.2219510982, 121501.605022165, 97519.3153273985, 56999.7105498416, 53999.7015846753, 57999.7070554253, 61999.712000004, 78999.7335348455, 81999.8204317838, 84999.7421705769, 90999.7498920029, 92999.7521799235, 108999.772191329, 118999.784647633, 119999.785828191, 120999.787155156, 
125999.793503224, 132999.803363531, 77989.0851826435, 127990.504562767, 57998.5906101577, 56986.5159863988, 54499.6950742388, 56499.7747674817, 58499.7000382086, 59499.7006346267, 67499.7110138228, 77499.7245344594, 78499.7252826029, 82499.731017272, 84499.7336449809, 85499.7344268644, 90499.740669569, 92499.7430017702, 91499.7456297399, 96499.7894769209, 100499.753385173, 112499.769050919, 115499.773011975, 120499.779195718, 129499.790601546, 130499.792077634, 67988.8293741886, 91993.5834863549, 
121999.578971609, 58021.8064650875, 86508.7251843242, 109004.330220773, 113496.576076562, 112488.266931999, 98000.4653942743, 85026.8467191355, 91999.7351817135, 96999.7412969451, 131999.785501417, 98493.8998132087, 81495.6500594765, 96509.2649845323, 54982.6716325684, 88505.8810295863, 130985.609590009, 85986.5896846326, 137523.806208652, 100461.828395326, 77496.8012150833, 133991.005056663, 79507.0214550225, 57002.0426191511, 133502.604977712, 98988.0051098866, 121499.764417905, 64510.016720769, 
121989.835402357, 80492.7154440153, 119467.523319002, 82004.9051906299, 135504.057097294, 121501.140404693, 56502.2279923689, 97503.0663817851, 55999.6738856873, 56999.6706923246, 59999.6783217164, 79999.7043288667, 90999.7178307148, 94999.7239166424, 98999.7281901557, 102999.73331807, 114999.74938205, 120999.756737311, 123999.760743137, 121999.752159161, 128999.766352037, 135999.775428666, 126979.298423329, 112988.713114361, 57974.005768613, 101970.748556335, 81969.4894488193, 92993.4916316858, 
54499.6633122442, 56499.7015645346, 61499.7399863722, 58499.6688430915, 73499.6877455404, 81499.7733789152, 77499.6927389354, 79499.6953897923, 80499.6971169179, 92499.7125734482, 121499.756172051, 122499.750591269, 124499.752763045, 136499.756526803, 56989.9606394581, 107486.046972123, 78992.4357517064, 92990.6510613039, 89001.022836213, 124988.52767477, 74014.8858833155, 121503.879700845, 80959.0556314234, 56999.6589279054, 81999.6908811489, 121999.741842925, 127514.201513973, 58016.7705777846, 
74998.1528710863, 81458.3300421434, 80006.4716680925, 93510.2707199417, 86005.7444640249, 84539.0507503971, 102491.011094423, 122979.795569618, 57997.0401315643, 78996.6871536309, 78495.0473828912, 122005.973593893, 55473.6029951498, 132004.287235795, 82998.9377045836, 126499.740101922, 83983.8308796547, 97505.2653523143, 56991.6571649965, 98006.7102558482, 81984.2958792849, 57514.8591516381, 80496.310282914, 95505.3259845143, 60502.5635619778, 91994.5605935529, 81549.9806767851, 126487.790757845, 
87497.4400113467, 102496.797342215, 55999.6418381287, 57999.6445593042, 59999.6474213824, 75999.6685121823, 81999.7042354262, 79999.6728705429, 87999.6836628206, 99999.6982983556, 100999.700358278, 111999.715615726, 121999.788943089, 57482.503572003, 82501.0033078212, 128017.207495755, 82985.56181945, 53499.6312765023, 54499.6324510453, 76499.6706252852, 78499.6636478091, 79499.6650042944, 80499.6655252371, 81499.7442032583, 82499.6686088424, 81997.1737181172, 123499.72083793, 127499.726108056, 129499.727863259, 
71980.9995887903, 124985.903070416, 87991.8819757216, 77997.2760890489, 102503.177014006, 78502.2251161169, 88997.9632830778, 66515.5034659151, 72999.6486172546, 126999.717432343, 63515.7322753966, 73510.5509254737, 123516.25983023, 79984.6189141776, 82503.9235058436, 80986.0039643897, 90989.2309630765, 61041.2860636879, 112456.184010406, 99526.3977939989, 76996.9289789479, 101984.22185365, 100499.041278163, 51499.6131482562, 77989.4361839741, 76499.6451864392, 78992.3337758025, 73005.8475067206, 
70517.387070721, 59560.3228472499, 92523.3721999964, 79486.3397134123, 82446.5550919445, 91498.7635453874, 102502.936022202, 62478.8962469678, 58999.6155117797, 59999.6160157761, 62999.6209133333, 75999.6364919161, 77999.6399514508, 78999.6409204416, 79999.6421559956, 86999.7078305166, 91999.7173701869, 92999.659015785, 99999.6678542579, 126999.694982499, 92487.5986452801, 76514.1704217913, 81499.6244654413, 57986.2924379883, 50499.5960637294, 52499.5988829751, 68499.6194445239, 71499.617339869, 
76499.7213639403, 77499.6316684457, 80499.6349448301, 92499.6507476168, 93499.6520130774, 91499.6324868212, 97499.6568314424, 100499.660648102, 129499.696954994, 133499.701934943, 77019.0530466186, 93007.1054735035, 51520.6478890078, 56517.610347393, 72491.4825826557, 76490.3975094361, 133969.526723719, 54985.6155644385, 78490.0495774448, 77490.6357052196, 51999.5910866233, 133496.646891676, 81999.6296500573, 96999.6483722162, 98499.6500429548, 81498.2525751153, 54005.3052139645, 55990.8142845668, 
98011.0584284831, 93033.513755192, 91518.2028203905, 78018.9052959327, 80993.7408777429, 130994.915932396, 49048.1662422679, 81924.8997346098, 133991.923180294, 78983.4357204605, 49440.852393155, 98459.6381631065, 99490.2425376009, 137992.057610774, 48505.2942870995, 80493.2376209665, 78490.9617213449, 77499.6155376136, 91499.6335907103, 50480.4171859929, 126499.677153924, 76997.7016607029, 74502.1495654862, 130500.797058029, 75501.1685650637, 91999.3411878757, 102513.336738233, 131523.484841573, 
132523.887031295, 102494.251849961, 82484.5553292828, 46499.7659028322, 45999.5677679908, 48999.5710540405, 50999.5742585519, 59999.585153982, 74999.6050323164, 75999.6062330008, 78999.6099927034, 79999.6110091629, 80999.612317563, 81999.6094955327, 93999.6291756509, 94999.6304534469, 98999.6357026463, 47499.3737073969, 52531.6251580482, 81486.4163357858, 132994.979219315, 52015.222518988, 48006.7271102779, 46499.558041431, 47499.5614059325, 48499.5631021569, 50499.565114622, 52499.5676720496, 51499.6090500867, 
54499.5709663685, 57499.5746551892, 59499.5773020079, 71499.6317228246, 79499.6021703128, 80499.6041969797, 82499.6069675339, 81499.5889712647, 102499.632171832, 104499.634490476, 141499.76013759, 138499.676964707, 47043.9523364473, 81381.8830115618, 76486.4731861232, 47486.5757100387, 52527.3619869519, 59011.1708423588, 46999.553534246, 51999.5597742535, 81999.5983941257, 96999.617242164, 133499.240486327, 50979.0523817688, 55989.0043982929, 88502.3982188683, 80998.7001904771, 48497.3593039326, 
58414.7390409969, 89960.6384708527, 51496.1769748712, 53006.6166235954, 60017.4418738782, 96503.7975045545, 52971.0905256122, 48519.0448903777, 68523.3216003999, 63486.7392419195, 47502.755705188, 105493.172798435, 142502.075161668, 79504.874511159, 67496.9313533138, 132507.127317864, 61975.774112314, 80501.3650385346, 76988.5093915137, 77983.7310160622, 54010.5357961711, 46499.5445514377, 51499.5509687494, 81499.5901339985, 98005.218509566, 107506.71182782, 101998.80663068, 79006.8461568439, 96999.1667280048, 
68994.0040224362, 125492.861846032, 54485.1881694589, 77486.3670124486, 52499.584009585, 133508.859370834, 58496.1317925248, 59031.8669957407, 97497.1958420118, 99040.5835856833, 107016.521876682, 81499.0109084928, 47999.5387555091, 48999.5407577176, 52999.5455747088, 51999.5731757665, 53999.5466579096, 54999.5485185273, 59999.5547692636, 81999.6248461939, 80999.581018405, 97999.6032258887, 105999.613397192, 116999.622325656, 82513.2633878058, 117990.540347909, 102997.258078764, 116989.604990459, 
47999.377496765, 46971.5748573476, 51990.4250216149, 47499.5309876529, 48499.5319936452, 50499.5348572452, 51499.5692997212, 57499.5441022441, 80499.5732143736, 81499.5740367044, 89499.5847751182, 98499.5955300331, 103499.601454664, 106499.592566444, 109499.609153383, 113499.614550648, 120499.622879394, 48624.576375938, 82989.9960240284, 82472.5419244254, 49037.1613038341, 103494.460058247, 78503.9252875447, 54007.9243000718, 42490.7199136214, 78997.8225695742, 56999.5350738587, 52992.3121871613, 
50997.8100457592, 106007.223535159, 56491.1900205901, 49988.5510733677, 81550.4259616639, 64505.1561094476, 83010.9616689915, 98485.4318595091, 63987.9068330312, 47990.5598384608, 49473.9877351848, 102003.238102904, 42964.1471862569, 48966.6101211505, 122497.170189925, 101499.583966578, 109012.439457892, 50461.7751480686, 131991.394829302, 133499.232950735, 81507.7033299971, 121501.378997973, 111459.9509215, 48999.5091466289, 57999.5206268877, 82497.1974773183, 64999.5295618856, 79999.5493663698, 
80999.5497092828, 81999.5347316749, 109999.586500836, 121999.658486338, 132494.248516534, 122481.982175741, 51518.6701230248, 42505.7853586515, 77007.2660176568, 52980.644450319, 132012.101419517, 48499.5014960803, 49499.50190931, 50499.5041056396, 52499.5061646504, 51499.5173404645, 55499.5104490817, 80499.5419200556, 82499.5444436902, 112499.582577652, 126499.623013848, 131499.631721538, 128499.602441796, 133499.608473797, 52001.8080590088, 82006.1265600407, 52481.6983226463, 56535.4496813864, 
78013.8336089626, 53493.5068692416, 52995.1840477493, 53995.3338537393, 82992.0193584431, 55995.4045990091, 82507.9720599009, 51485.6250120457, 128995.476763174, 48001.6293297848, 46999.4913716661, 51999.4982802803, 81999.5364719238, 83496.697759673, 79956.0867184801, 55010.9638399947, 128489.508121083, 48521.5209451774, 50994.4171261191, 107484.056781744, 82486.5196207734, 113486.506066799, 72990.8772083055, 52023.0267855665, 41977.4290393637, 52507.3540381854, 63997.1598088834, 50508.0884395735, 
47512.4665560871, 42487.7239653049, 83990.3575940467, 83476.9089670405, 41499.476157859, 51499.4891990507, 75500.7406929368, 53501.7335420037, 90496.6541305091, 54040.7285735868, 76483.8560691774, 41477.4595153425, 47477.3693786347, 87495.6508695865, 141496.902834028, 86504.5684570521, 40999.468673951, 46999.4691621317, 45999.4741830165, 67999.5032772683, 86999.6161650885, 96999.5426048767, 139999.593620158, 51979.7362764683, 68010.6850901945, 46982.8651117235, 52986.140961241, 97019.703541751, 82998.9358964553, 
36499.5319581982, 40499.4594766703, 46499.4925401472, 63499.4892666088, 67499.4939616732, 68499.4961790917, 83499.5144025767, 84499.5154150473, 92499.5258135572, 94499.5286732726, 98499.5335075194, 133499.576792156, 134499.577992912, 135499.579707667, 72000.1311873375, 47992.5101253418, 87513.2070414219, 85052.9996244358, 37991.3737391448, 83996.4246759713, 63978.1041999422, 53009.8874091348, 87973.9524822338, 137501.990739584, 40984.7863354757, 111485.635634194, 49002.197605513, 36999.4472561181, 
52503.1439083861, 86999.5118130902, 86486.8353842916, 88519.4911411116, 73001.2676444873, 51482.0783377346, 48461.0353608504, 106997.714727301, 88042.8836944131, 48979.8352788156, 85494.4089076873, 84004.1161502209, 37993.4438293232, 137007.381417, 87501.7702607214, 73978.7401611386, 51499.4588306295, 86499.5027015693, 136499.565482906, 138004.519915652, 39013.4764636764, 40570.0224354453, 86980.6260954952, 63493.304757419, 84460.4351381268, 88971.6816475438, 39464.9717245577, 74460.7655421626, 46482.3694439996, 
87507.4509372404, 35999.4306573756, 37999.4334930712, 39999.4357015928, 45999.4438323416, 47999.4465734893, 48999.4472246207, 70999.4754964197, 73999.479672607, 75999.4813440628, 83999.491474662, 84999.4934446001, 85999.494726181, 87999.4975406844, 90999.500534717, 95999.5072044618, 107484.373484731, 136999.554475543, 140999.56301701, 62501.2698819842, 52499.4896574244, 121490.441852149, 136483.180980242, 86491.8244917849, 91505.51229198, 107010.168063802, 47013.4037461122, 93023.6513143256, 91987.0475598313, 
47967.1087217713, 47499.4374930272, 48499.4397879262, 49499.4405130334, 50499.4419138161, 70499.4668762218, 84499.4853265695, 85499.4856039099, 91499.5779008148, 87499.4886008035, 88499.4902576171, 89499.4913095692, 92499.4944229564, 98499.5020791525, 106499.504668478, 107499.513639983, 116499.606012411, 139499.554024748, 108004.314007316, 71986.2402149066, 88005.2929440225, 52004.5500267493, 71501.4183348194, 85986.8848961908, 107478.811959027, 36510.5747569632, 83995.4642449729, 98489.8861898631, 
36999.4169533933, 51999.4355457248, 91999.4870448802, 106999.504800039, 131999.53650369, 144989.67713705, 100981.531886324, 40979.792809003, 89975.3482772261, 46003.8050550865, 92484.0669020265, 84976.6665312452, 36004.1296388432, 39967.1644054893, 87486.9547305498, 92507.9160156772, 107032.271003549, 116996.796026316, 54463.7499287678, 83490.3473852426, 88992.1127301529, 36499.4089112375, 46499.4210502179, 53999.4309337419, 53482.663452452, 106499.496711517, 85480.5197141822, 128986.787947392, 52944.5036152275, 
91996.6571945138, 55496.3573172214, 46528.1772172153, 37508.737271063, 71515.5921612997, 106505.743258967, 111506.9906, 121481.419008421, 38999.4043728514, 53999.4230777677, 54999.4239410385, 71999.4478988433, 86485.4155980339, 81999.5145662874, 86999.4485950833, 84999.4620491136, 85999.4637223082, 91999.5058149211, 88999.4670883017, 93999.4730878081, 106999.556185036, 101999.557085304, 104999.487381939, 107999.490451499, 111999.580411675, 118999.505023575, 139999.53064638, 107510.887440716, 92516.7074940577, 
78017.522102559, 113005.409645817, 112002.699243215, 33499.3893903866, 38499.3954798393, 39499.3967336053, 40499.3984262897, 51499.398129697, 53499.414587833, 64499.4286623215, 78499.4465658236, 83499.4520855527, 84499.4535936574, 85499.4555158084, 91499.4643188901, 90499.4610592443, 101999.561072209, 102499.476037523, 103499.477326828, 111499.473257132, 112499.488978988, 113499.490108659, 130499.511367955, 131999.847678445, 37468.7569879219, 86028.1751301046, 52533.2968541272, 51493.8262586473, 
82499.6635752665, 101005.09263474, 97512.5144729223, 93499.0538618127, 111501.712544554, 48471.400375085, 36493.2864651112, 112542.898787663, 47486.0682870233, 93980.2679406507, 83004.4514212925, 139986.962650646, 104009.702533231, 50954.3440499958, 112981.618404822, 51999.4054433806, 102485.089246195, 111999.480668681, 37972.5730268359, 93022.441002964, 90980.8890751377, 103487.455769578, 83489.5386480018, 52998.7787262723, 102981.960621465, 45009.1970861685, 104519.743881722, 93958.532742558, 46985.2575296517, 
27501.939447538, 37000.675219764, 128999.694160684, 48500.3179693781, 123504.19760194, 141979.812845896, 83994.3278259039, 139497.386011739, 82459.2733510835, 54451.1905105328, 106999.494689648, 36499.3775864048, 41499.3843880994, 46499.3900501039, 51499.3964691143, 47998.9035454579, 37998.9210838033, 47492.131761658, 38985.3848458426, 87012.1825142, 138998.739187163, 80503.8829662446, 39464.5045585791, 49442.8909726553, 37513.4414087143, 92490.8943031617, 36490.7813764764, 87507.702423851, 28999.3602414504, 
29999.3616866525, 33999.3664940605, 36999.3576331288, 34999.3681291016, 35999.3689849954, 38999.3726743087, 47999.3850266682, 48999.3857210586, 50999.3880309919, 47501.405686982, 83999.4303537374, 92999.4409335833, 109999.46186801, 139999.50003984, 82494.9188975329, 37994.2456477555, 23001.6123405956, 47980.5909041995, 111994.885828683, 23499.3455174072, 34499.3595577385, 38499.3645279258, 47499.3757833922, 49499.3783391295, 86499.4590926161, 91499.4721938297, 94499.4352474641, 98499.440159875, 106499.502545639, 
108499.453196429, 111499.481273805, 130499.480070998, 134499.485472986, 138499.490340127, 139499.4908234, 140499.491950499, 37070.1181764286, 33990.6989273066, 126498.014071045, 140000.718357083, 35996.9184796065, 138501.5927892, 127994.378852788, 66018.854934643, 47498.9922169195, 34990.2265808824, 36999.3546610177, 51999.3742059804, 141999.485983633, 48494.4552153694, 139015.779744375, 48012.8880323591, 134950.667806083, 107566.467462465, 133967.583160327, 22989.7278039139, 24006.3747952385, 36985.3996122293, 
49018.4380561141, 23463.5037090126, 133497.777581608, 32972.7976159779, 135505.590043696, 47994.71576933, 48474.3370798258, 36499.3464453667, 126499.458987657, 128499.462517899, 132493.985333726, 47492.4721827917, 44502.9724405175, 49456.3347671572, 132448.653464397, 37558.3723067511, 23999.3235697001, 33999.3361025276, 36999.3318076385, 117999.440998398, 128999.454809544, 134999.462176163, 142999.472592847, 142512.632570546, 112504.841429847, 36989.594055037, 31996.1735367589, 32970.167259858, 23499.3143237447, 
24499.3165258551, 25499.3176997527, 31499.3986627022, 33499.3274257695, 34499.3282090873, 37499.3326013405, 38499.3337144209, 39499.3352459837, 49499.3478354532, 57499.3575905245, 59499.3599877749, 94499.4044515053, 111499.510844508, 113499.428009866, 139499.460040783, 143499.464855154, 113023.749876735, 26480.3387140669, 138510.36845838, 48483.3575136354, 135975.885973717, 118000.688685128, 33672.4080014937, 31506.4235033747, 106002.572384428, 28971.1062465776, 138011.584511231, 33009.0423402209, 
139030.001601459, 32494.1496823914, 38000.9865594078, 34964.8275664989, 47957.4495538371, 31999.3178115273, 106999.411530077, 107499.412624695, 136999.448717173, 34004.7808723142, 98998.2566099474, 24983.5748378299, 47470.2068386944, 102500.593874342, 49037.3413048722, 26003.3732649311, 101496.743923456, 49939.1777530974, 32978.9129968761, 117997.911859314, 48546.5954351658, 47992.8342694119, 50454.2964738281, 33500.7696425905, 83478.0995071456, 99491.2885817308, 107510.022806785, 87003.1208667466, 
38493.1602863576, 118484.896893285, 34496.2739898022, 102015.401220895, 105494.308621105, 84498.4279902577, 26499.3028546292, 106499.403625126, 33988.3070009034, 99017.4583807737, 98486.0564554399, 139000.513091143, 107035.103162811, 59001.4356602505, 143996.942201146, 49460.3225720469, 42491.4941740716, 59488.1603921205, 25476.9724866394, 29478.4218151178, 35496.8896179944, 24485.3229393819, 32457.9213253157, 36522.1014862256, 24999.2933220994, 32999.3041865984, 33999.3054858753, 36999.3956024926, 
34999.3059869837, 37999.309616344, 42999.3164083492, 48999.3238755437, 49999.3253036626, 50999.3263202906, 98999.3866421739, 99999.3881591884, 100999.38936185, 130999.425881826, 138999.435437239, 106495.674765748, 122526.035532249, 107509.0436148, 97982.7924893899, 128000.675984585, 86993.5390245588, 31981.2219110159, 24499.2857264681, 29499.2920591384, 36499.3107366115, 32499.2948119938, 34499.2980008209, 35499.2989618387, 48499.3154505165, 49499.3168424061, 57499.3269715421, 56499.3931814115, 36979.1090094717, 
97499.376820473, 100499.380695945, 101499.386663685, 107499.388868611, 111499.450772412, 138499.42719204, 33015.0206700964, 133011.871447491, 34978.6539893774, 56516.0411188165, 38986.6264475128, 33002.750163137, 57493.6979858289, 118957.352170693, 38499.3240282917, 37527.2457446372, 82490.4081525123, 32497.9640333159, 28005.2971732868, 28486.3214744972, 122523.931719761, 118472.525439137, 31999.2870695824, 36999.2928013504, 82999.3516729623, 96999.3686621832, 33496.3645903561, 29961.2792690536, 
23499.5448216926, 27518.7138402797, 128500.664969479, 37993.0108288731, 35978.4030477339, 103964.82803047, 58505.4808871197, 59000.3534954134, 124001.192489096, 23513.4221853986, 94503.672032577, 31989.606912965, 121968.890825734, 32491.0336943772, 57494.4633304244, 72506.4558654176, 113982.811665857, 36988.4752950147, 113007.659231743, 38007.5992392953, 137490.442266388, 24291.3261873825, 36499.285419059, 56499.3098336169, 111499.378605305, 87011.3310716143, 145499.420048546, 33987.345590719, 56999.2829109039, 
138523.393652422, 33007.3268716037, 38991.3701093746, 142998.721650992, 34478.1548249479, 37493.6842599558, 137980.523581237, 87966.2571395822, 37481.1331700897, 151502.328739299, 36523.8603464877, 36999.3276773347, 34999.2753067529, 35999.2764193388, 37999.2786506731, 47999.2917774664, 56999.3705112832, 88999.3428722005, 93999.349724873, 94999.3502946291, 97999.3539582249, 110999.370542703, 57504.8463425748, 56503.4791702293, 57982.7869665846, 93018.6613261243, 56974.9873888111, 36992.0992923258, 
35499.2679701205, 36499.3152672835, 37499.2706879992, 50499.2866761563, 56499.3163547423, 57499.2957879007, 101499.440555437, 100499.349722703, 104499.354021695, 90000.091776968, 49021.6335744662, 52517.1697680289, 37997.9121766975, 57501.6108687827, 99004.1751214713, 48002.4436061904, 102996.401970255, 48506.3629005384, 118475.595173436, 36999.2621863587, 51999.2815525578, 56999.287127628, 91999.3313358594, 126999.374115506, 93494.362781194, 51485.0255311849, 55991.3356732205, 37477.1672555674, 
58500.3482077671, 58014.583192545, 139978.029837537, 56516.0644479794, 50963.4374917792, 49985.2685701353, 88476.6764209028, 35506.4697846351, 123499.742958996, 51996.6353225857, 53503.1349270968, 53023.6968545336, 129502.848888696, 124473.782345871, 99509.7099100873, 36499.2542040329, 46499.2671100926, 48984.2847239748, 51499.2725286605, 52499.2741815578, 56499.2797890482, 49483.6451544948, 91990.5959710563, 139442.389824573, 54052.3080504425, 34486.5971981836, 47999.1451037424, 50472.4030799698, 
55513.5807148255, 46511.7474339493, 56486.6904375674, 137525.294174101, 57477.6745970119, 47496.3758413661, 36515.0457447013, 26999.3236149317, 31999.2914854567, 39999.2505935896, 46999.3038524333, 50999.2645673594, 52999.2667583618, 53999.2678964287, 56999.3215228776, 54999.2698367722, 55999.2703792797, 88999.311708142, 91999.3548662858, 98999.3241929086, 125999.358091143, 127999.360547805, 138999.373900184, 127489.875867003, 92482.5749240145, 67973.9351204094, 56973.3093147269, 33001.9845243925, 
26499.2335497113, 32499.2335236212, 33499.2352210274, 38499.2410412906, 39499.2427298231, 46499.2885691049, 47499.2523483317, 51499.3196833385, 52499.2591167986, 56499.3411154719, 54499.2614629725, 55499.2621780066, 57499.2650377816, 98499.3160937289, 101499.399063291, 122499.345583241, 127499.351804879, 140499.368164713, 141499.454173043, 142499.370586857, 47016.0250414405, 127998.968282939, 51926.109463647, 55981.2018790385, 116512.141111046, 53989.5279894527, 126005.207829986, 36501.948130683, 
53513.2506850855, 126491.112621466, 26999.219369404, 52515.44882668, 56999.2561549628, 36016.9411850842, 26504.0254450347, 40970.5308608627, 124496.199101723, 128509.065826702, 30466.2102504969, 37974.3042080905, 123505.66054503, 26974.7657269603, 34010.2213213686, 56996.8753672373, 62933.5268083327, 48970.2971171038, 155480.527034697, 53493.2984063895, 52985.9562451802, 41995.4909579791, 128990.764496551, 37020.0519745918, 129477.640635012, 40490.2633800181, 126983.608442007, 31482.3007566892, 117504.573272469, 
26485.4785654349, 36499.679012401, 26999.1884633591, 35999.2152764797, 36999.2402846813, 41999.2370425407, 61999.32886374, 98999.2935943985, 154999.361513788, 155999.363356484, 141537.018670564, 52009.7025110647, 42011.9530151086, 27499.1963497819, 28499.1972510768, 32499.2030231645, 40499.2132719746, 45499.2193757026, 49499.2242629044, 52499.2273856243, 124499.317218806, 140499.336849282, 32513.967506906, 45979.6519805305, 53972.562105177, 52992.6901964182, 49001.2167244451, 123990.106695203, 156999.348359291, 
142503.054257893, 129972.075948455, 39993.708733635, 53476.2393977307, 47503.002674845, 47981.5885305516, 75009.8453278607, 46497.8190817907, 140973.557689355, 142983.071844778, 33991.2663572766, 131499.310176013, 132999.311459145, 140448.901191047, 49004.2302241037, 48007.4803737355, 38507.5130465291, 35493.3707678048, 122010.898159104, 122508.540234502, 27999.1739366874, 32999.1806249721, 33999.1818871144, 115999.283382133, 32494.5731607331, 132498.207455116, 118499.279064114, 120499.280644245, 
132499.295987187, 134499.298381493, 139499.30428224, 133000.619943698, 38512.2185303867, 118975.584947237, 135972.416578712, 136466.19661826, 136999.293543936, 134998.78413264, 135471.599658864, 119472.071824371, 124509.608837128, 129459.22530311, 44497.8197183106, 36482.8873234503, 29999.1451628059, 39999.1587556507, 40999.1597726736, 117999.254757583, 133999.273987926, 121504.011060028, 40499.150895739, 44499.1564329406, 46499.203791257, 116997.14729146, 145974.16005642, 91517.9976144005, 36999.1390977306, 
141999.268581935, 137988.498035318, 108025.649486641, 143002.273572219, 119452.388713404, 132006.337073462, 40462.714121432, 142501.815108529, 136999.258312253, 141499.263678662, 143499.24692189, 141977.46317893, 142998.328373081, 142514.194471986, 144046.352829774, 143485.165590249, 136993.31538451, 110482.916834353, 144493.434869682, 135481.776865604, 111496.699601074, 141498.884899016, 141999.247886514, 143999.22372374, 144999.224901713, 154999.237497938, 155999.238934753, 143499.215952991, 144499.217002749, 
156499.254561746, 160499.235771858, 146009.298320257, 113485.392602292, 139013.898995535, 144971.749578724, 139941.505807492, 145496.983065262, 140456.63890093, 156499.215762313, 128501.505184753, 122006.59457715, 143520.494940112, 142471.037636055, 141999.219067427, 142999.191577109, 143999.193253647, 144999.194606515, 154999.205852983, 141510.517242538, 142482.858566032, 140499.180432302, 147499.18922526, 149499.191798061, 158005.909836971, 148467.431069152, 143005.297909567, 140970.830921428, 
119962.9033891, 143007.717887067, 150499.231530352, 116499.135909013, 131499.154859092, 148499.174931395, 142452.78892534, 142488.066164802, 98999.1072137179, 113999.125210905, 116999.199201276, 148999.167967341, 155999.175882944, 117508.104631772, 142975.818451218, 154499.166470101, 155499.167842444, 144011.043476257, 146482.407918704, 137981.976289536, 145987.423470186, 153007.455421905, 146999.150190231, 104014.509725574, 149439.929244136, 98011.872662331, 143524.415079748, 133015.157204608, 142983.210674518, 
96998.075026162, 104999.084177261, 143999.130910843, 147999.135182407, 149999.137598778, 146982.933080439, 98499.0676598707, 103499.074114477, 131499.1029135, 145499.124941719, 146499.135284375, 101975.16020829, 110997.613978292, 146999.118215126, 111499.068674146, 122501.426125175, 110999.059776636, 119499.062532908, 132995.473252614, 118503.366545619, 118998.452274273, 133499.140146339, 131499.061266035, 114471.35508131, 111464.04697353, 133004.61727991, 118988.794741207, 118521.806578866, 117983.985671625, 
131478.250612578, 132002.944201075, 133013.16017195, 132499.584160314, 118986.802377422, 128979.325083832, 124999.014824319, 126498.224049103);49,7814685314685
0,1;"q10";2288;843;114400;42150;c(76499.7219244273, 78499.7167184974, 78499.724622868, 79499.7141480045, 82499.8476909094, 84489.535067306, 85498.7629298099, 85499.8126800694, 85525.7147379323, 89498.7390976585, 89499.7708637128, 89499.884512682, 91499.8400844727, 93499.8505744025, 93499.8898440743, 96499.7251074822, 96499.7800358231, 97492.4850373429, 98499.9144671046, 98499.9161019883, 98515.4842427764, 99502.5384656455, 100490.830269962, 100499.871611329, 100513.280220764, 103499.605252567, 103508.654832955, 103510.710246326, 
103522.533816902, 104499.633919174, 104499.735774646, 104499.759261366, 104501.969853122, 104503.798377776, 104517.310931417, 105499.733162758, 105499.76449813, 106499.743266259, 110499.735830515, 111483.128967365, 111492.028125914, 112496.424593838, 112503.816299346, 112507.59738998, 112511.632231765, 113465.369319189, 113499.641971889, 113499.649805197, 113499.657617327, 113499.716342404, 113499.743742847, 113502.908655986, 113513.091558131, 114499.623759878, 114499.731739258, 115483.286099656, 
115499.918812716, 115499.973788247, 115531.885543873, 116480.18411923, 116499.751583564, 117499.738567064, 117499.85866234, 118498.888687217, 120499.756880138, 120499.8821953, 120513.691858248, 121482.650476036, 121499.874043451, 121499.887460191, 121508.387190209, 122499.869155947, 122499.892696054, 123497.566856567, 123499.893954736, 123505.507096482, 124486.98656032, 124499.730801806, 125499.689103052, 125499.736029988, 127490.007583423, 128492.306851549, 131499.853480078, 132499.584956003, 132512.873567014, 
132519.778758972, 132526.058102387, 133499.35627017, 133499.364049657, 133499.549415935, 133499.605775003, 133511.334917009, 134499.470529558, 134499.478365466, 134506.503042827, 134514.647168477, 134532.592077656, 135496.040896239, 135499.467991403, 135499.475789627, 135499.686584831, 135499.788244684, 135499.866492674, 135504.160987114, 135510.112812538, 135513.14111728, 136492.640660513, 136493.536707126, 136499.332940351, 136499.465433536, 136499.667057281, 136499.668338399, 136499.879535382, 
136500.789059705, 136513.519185114, 136521.87490049, 136523.41354492, 137479.775308777, 137480.912354853, 137486.739478218, 137496.172691665, 137499.340049807, 137499.377110568, 137499.47526125, 137499.478398013, 137499.492802181, 137499.52518267, 137499.657926709, 137499.673569322, 137499.892586992, 137511.011293888, 138494.623269623, 138499.366737912, 138499.374545592, 138499.382296397, 138499.475838301, 138499.487853515, 138499.91804325, 138519.650408233, 138520.774442674, 139483.893298394, 139485.021013374, 
139492.87169726, 139498.402227028, 139499.356383547, 139499.368053787, 139499.371952622, 139499.481061857, 139499.496635971, 139499.676177808, 139499.691761987, 139503.239071335, 139506.422705617, 139508.493736814, 140485.21851548, 140486.368737095, 140496.175403031, 140499.431691667, 140499.478468886, 140499.486271814, 140499.595487379, 140499.63450321, 140499.665743805, 140502.322909336, 140505.34195261, 140509.27928165, 140517.901662488, 140530.535151915, 141469.651730388, 141483.589227063, 141489.513694568, 
141499.429144334, 141499.475255227, 141499.491487736, 141499.499227748, 141499.507061419, 141499.552970087, 141499.663111518, 141499.678793833, 141499.929134075, 141499.952639773, 141500.394129222, 141504.559392224, 142482.711251032, 142485.687650445, 142489.403375236, 142496.813512109, 142499.372034159, 142499.380169122, 142499.426045387, 142499.442151634, 142499.496655347, 142499.598078017, 142499.603389489, 142499.762105327, 142504.326504412, 143474.729263776, 143483.773406941, 143483.966438919, 
143494.314756699, 143496.478010828, 143496.596320701, 143499.114843314, 143499.361680644, 143499.43956509, 143499.486319517, 143499.494114139, 143507.695451282, 143508.112436683, 143524.91047308, 144486.914438167, 144489.858752768, 144490.758204276, 144492.875870574, 144496.236311109, 144496.94421012, 144499.277204692, 144499.374634881, 144499.436961086, 144499.452547025, 144499.460339879, 144499.733110647, 144500.452607327, 144503.047409956, 144503.511585977, 144522.5613257, 144524.976710438, 145487.585308431, 
145495.199884731, 145498.525738857, 145499.340936595, 145499.35620133, 145499.356499188, 145499.372081767, 145499.379871956, 145499.387685864, 145499.421322623, 145499.426612773, 145499.434357278, 145499.449990431, 145499.457737295, 145499.465557926, 145499.512323364, 145499.644907963, 145499.660510984, 145499.663861298, 145499.668356456, 145499.691788294, 145502.704018341, 145505.850322371, 146465.530048379, 146483.016588561, 146486.182150322, 146494.097830918, 146499.226286519, 146499.369483122, 
146499.408404868, 146499.431770589, 146499.440856258, 146499.447378829, 146499.45514951, 146499.462946278, 146499.52533389, 146499.572091508, 146499.689139865, 146499.690527443, 146499.853386686, 147482.555721667, 147490.152513187, 147494.448878325, 147497.100939736, 147499.351360254, 147499.530500676, 147499.686590548, 147499.952517013, 147518.823081268, 147520.796522119, 148486.262152502, 148492.06170346, 148492.964809167, 148493.547447636, 148499.364363616, 148499.379918843, 148499.44220342, 148499.488937867, 
148499.676154459, 148499.683946812, 148499.723052574, 148502.020039034, 148504.206605343, 148504.590671064, 148505.902674201, 148513.52251792, 149499.346262822, 149499.361806545, 149499.377317198, 149499.431864711, 149516.638291396, 150491.072355673, 150496.322710241, 150499.35920318, 150499.374738518, 150499.444993644, 150499.452625316, 150499.468200231, 150499.499331966, 150499.546123829, 150499.692113173, 150500.013120454, 151473.770613168, 151474.441356383, 151495.737888566, 151496.823935029, 
151499.387734436, 151499.41886987, 151499.426691538, 151499.457840564, 151499.465593252, 151499.47337473, 151499.488952869, 151499.668325603, 151500.638301846, 151505.041945898, 151507.641473989, 151509.353047987, 151513.314912069, 151518.713260434, 151568.842286066, 152415.323576495, 152429.765034832, 152480.890182904, 152483.505811591, 152484.743367377, 152486.995220887, 152489.547494839, 152493.567161082, 152494.866214262, 152498.007363265, 152499.346293324, 152499.385208081, 152499.392926133, 
152499.408525186, 152499.455260263, 152499.463034449, 152499.486392364, 152499.494141358, 152499.64229396, 152499.782884006, 152500.985486211, 153478.758219667, 153499.352469834, 153499.359252793, 153499.367031201, 153499.444838253, 153499.462066373, 153499.476009772, 153499.499400592, 153499.507355066, 153499.522771702, 153499.546119524, 153499.661035985, 153499.663146264, 153499.670922814, 153509.424531428, 153510.497974703, 153514.048880816, 153516.009859254, 154485.000863082, 154494.657229894, 
154499.341101938, 154499.394164384, 154499.439452525, 154499.449812423, 154499.465623486, 154499.481196655, 154499.496748886, 154499.504605736, 154499.512350009, 154499.543550271, 154499.551298434, 154499.637100033, 154499.676125878, 154500.004602111, 154500.012439025, 154505.092128788, 154516.465766475, 155462.765353612, 155468.132127246, 155478.896701441, 155482.968116249, 155483.982508418, 155491.968284763, 155499.385181139, 155499.431912085, 155499.478596573, 155499.49419586, 155499.509774942, 
155499.689131396, 155500.009815845, 155500.32123986, 155506.812357697, 155513.280734404, 156487.861116995, 156495.377278041, 156495.867811363, 156495.940373325, 156496.748981692, 156499.390435722, 156499.429308895, 156499.491615855, 156499.507172312, 156499.574345523, 156499.68652302, 156500.022854144, 156509.227334576, 156510.8587166, 157471.211327746, 157480.157504349, 157497.331074775, 157499.356734273, 157499.372243732, 157499.387828752, 157499.390210349, 157499.395604927, 157499.473408145, 157499.481202938, 
157499.496389982, 157499.512338606, 157499.52014647, 157499.551330047, 157499.660526305, 157499.683908508, 157501.478478847, 157507.009056308, 158455.360028432, 158479.083467101, 158486.088887639, 158491.967022841, 158499.361890007, 158499.379207146, 158499.393025067, 158499.400775307, 158499.408563502, 158499.459936979, 158499.47085484, 158499.486447584, 158499.5019569, 158499.509759291, 158499.51759237, 158499.543533449, 158499.548739841, 158499.556511628, 158499.693334936, 158499.696932559, 159491.243429928, 
159494.02732343, 159494.426306157, 159498.991672069, 159499.514990866, 159499.702080105, 159516.197869358, 159525.615144467, 160483.703418993, 160498.694080638, 160499.473415207, 160499.621463908, 160499.894831632, 160505.72454003, 160508.10610117, 160512.620914429, 160524.436783764, 160538.976975908, 161489.229689097, 161491.719741554, 161492.136238503, 161499.393042721, 161499.400793818, 161499.408586608, 161499.41641814, 161499.486449852, 161499.517589325, 161499.587701143, 161499.603299339, 161499.704665883, 
161500.527998372, 161509.768142669, 161553.517715912, 162487.966248076, 162499.390488515, 162499.40605336, 162499.413828292, 162499.490810068, 162499.491603326, 162499.507221624, 162499.518070287, 162499.60848026, 162499.631861649, 162499.639660792, 162499.660442705, 162526.926324532, 163486.670151971, 163486.71944962, 163488.943120331, 163493.774794424, 163494.755510979, 163499.387889074, 163499.395661602, 163499.465672221, 163499.48126666, 163499.520197956, 163499.668257368, 163499.70723805, 163499.766609913, 
163500.968495362, 163502.236038892, 163504.556831455, 163507.494680601, 163507.777754202, 163507.931927707, 163514.079322055, 163514.521183355, 163516.612493417, 164473.972534412, 164483.439540404, 164488.470750364, 164490.1621185, 164499.385264155, 164499.424177982, 164499.431956076, 164499.517599022, 164499.634473141, 164499.657856506, 164499.681237155, 164499.696887824, 164499.704671474, 164499.774925421, 164500.302475114, 164507.251321304, 164517.394814392, 164521.130480255, 164525.57337258, 
165474.992629297, 165489.131869238, 165490.747952563, 165495.944380503, 165499.374953695, 165499.40606258, 165499.413845222, 165499.431213874, 165499.437158622, 165499.491642516, 165499.522744236, 165499.676686382, 165499.694212983, 165499.703450848, 165499.733281306, 165499.744306709, 165500.046063303, 165503.790554848, 165505.896305036, 165518.667937715, 166485.75722727, 166489.786790602, 166499.395644995, 166499.411255656, 166499.419024716, 166499.43454446, 166499.456395636, 166499.496841812, 
166499.512373034, 166499.596838273, 166499.691621551, 166499.713418519, 166499.746262587, 166499.785285818, 166502.77112132, 166509.277174312, 167480.441509801, 167480.86999857, 167486.227145739, 167494.551631146, 167499.408617334, 167499.431948138, 167499.48642673, 167499.509780452, 167499.579884707, 167499.688659658, 167501.814030855, 167502.970748891, 167504.954984665, 167505.004225524, 167505.406462097, 167506.009467962, 167506.140107728, 167512.212220225, 167513.434539585, 168478.874598246, 
168482.205091298, 168482.983664935, 168495.949198003, 168498.327750749, 168499.390505062, 168499.406019136, 168499.42939009, 168499.437172724, 168499.452735092, 168499.507147767, 168499.514986046, 168499.62402724, 168499.639603998, 168499.701985732, 168499.80778393, 168499.983289967, 168500.215072205, 168506.932807592, 168510.303117019, 168522.438375392, 168523.357170551, 169475.619028825, 169491.591590195, 169499.358408662, 169499.403768741, 169499.442318455, 169499.450139613, 169499.461684103, 
169499.533412146, 169499.566859074, 169499.582461926, 169499.595471886, 169499.699394007, 169499.932437477, 169502.526284279, 169504.262761029, 170489.730789749, 170491.310854093, 170492.227901369, 170499.416390471, 170499.463067047, 170499.478624141, 170499.51752508, 170499.569922834, 171483.017107238, 171487.288001926, 171491.452895305, 171496.841350651, 171499.592793143, 171499.850257113, 171500.146210559, 171507.98540556, 171513.68420293, 171517.490836603, 172466.521787403, 172475.365403665, 
172476.793623942, 172499.442327551, 172499.450103593, 172499.629145202, 172499.644768839, 172499.707142592, 172507.607411034, 172512.627654192, 172517.301521789, 172517.54575805, 172520.472355517, 173499.509733625, 173499.525310493, 173499.57979585, 173499.626589654, 173499.774767456, 173503.103539245, 174499.530520557, 174499.662878982, 174499.795794818, 174513.565623624, 175499.527892675, 175499.574584725, 175499.582393645, 175507.997174995, 176486.248830155, 176496.448573789, 176499.533055042, 
176499.540866081, 176499.595336431, 176499.930882175, 176500.196367069, 176506.912958233, 176517.661498482, 176548.349731177, 177499.584935616, 178496.993125807, 178499.535641356, 178499.543420669, 178499.58236689, 178499.699252708, 178499.717736365, 178499.746044388, 178499.784994795, 178499.841817459, 179457.668768285, 179496.981065127, 179499.540807486, 179499.564197378, 179502.536272101, 179505.265120111, 179505.305087849, 179513.075775001, 179514.249917455, 179524.574510925, 179577.443634113, 
180490.866097657, 180499.561579407, 180499.600466492, 180499.779739804, 180499.977147029, 180504.471957135, 180508.359008528, 180513.464510074, 180518.317131084, 180521.33031195, 181493.236003624, 181499.558994427, 181499.582319644, 181499.693944775, 181499.792755564, 181502.531158558, 181509.798885257, 181523.531051445, 181536.681765976, 182491.601235854, 182496.18726882, 182499.424140099, 182499.462993513, 182499.579703438, 182499.626406913, 182499.649792924, 182499.657547148, 182499.668673345, 
182499.696533836, 182499.704328056, 182507.668158633, 183474.906438468, 183482.630446159, 183485.091887456, 183487.888754472, 183488.29682378, 183491.187609207, 183497.094124395, 183499.452689951, 183499.569311572, 183499.725081924, 183499.842085432, 183500.988479103, 183502.088405518, 183503.190897467, 183504.861416233, 183507.852650023, 183520.161011471, 183538.663660957, 184398.326077757, 184485.156289913, 184486.110840836, 184488.961011684, 184488.993130912, 184491.530597781, 184497.132720121, 
184498.475976879, 184498.689592661, 184499.128648476, 184499.566733614, 184500.003585333, 184500.605988181, 184502.859035689, 184506.985915241, 185499.237947458, 185499.478555647, 185499.548498434, 185499.587427488, 185499.634175435, 185499.652274079, 185499.978810544, 185512.230375846, 185519.677904136, 185519.708902734, 186495.458453072, 186498.8061729, 186499.266381506, 186499.274132821, 186499.317371723, 186499.382757009, 186499.522608508, 186499.61598869, 186499.623728457, 186499.709459048, 
186499.732823952, 186499.740635474, 186499.748374457, 186502.192788502, 186505.670408546, 186506.316496125, 187447.841428312, 187468.021109515, 187473.528398173, 187489.245580782, 187490.246863768, 187492.40355516, 187494.175363459, 187495.252499754, 187496.337339529, 187496.637144316, 187496.668690461, 187499.271505776, 187499.380129011, 187499.769182161, 187501.26376476, 187502.176728856, 187502.753622712, 187504.115433405, 187504.355618044, 187504.97596818, 187505.999432105, 187508.979963157, 
187509.522506412, 187510.410716752, 187511.710828195, 187521.582336667, 188464.664155017, 188468.267400785, 188491.787407195, 188491.848846665, 188493.508920611, 188494.030138317, 188499.626286648, 188499.735325684, 188500.325124265, 188504.887467618, 188505.943869209, 188509.358571562, 188518.44199011, 188519.108525986, 188524.599304971, 188524.86468836, 188572.42325928, 189474.069489376, 189489.592109563, 189495.202684595, 189495.827182798, 189499.22653617, 189499.24312991, 189499.274081483, 189499.315078695, 
189499.437034471, 189499.474548997, 189499.483712989, 189499.530307624, 189499.545849464, 189499.670413433, 189499.748297639, 189499.756102718, 189499.763909654, 189499.802934202, 189499.857516467, 190474.166697417, 190485.040971011, 190498.165670702, 190499.083044892, 190499.248239314, 190499.250411848, 190499.27929804, 190499.287059397, 190499.349099436, 190499.426697384, 190499.434455241, 190499.465509975, 190499.481107436, 190499.488823181, 190499.52773727, 190499.5433002, 190499.55955948, 190499.582307704, 
190499.605532347, 190499.698940699, 190499.722290295, 190499.761264706, 190499.831443858, 190499.839258122, 190500.327862865, 190510.728879864, 190518.733148269, 191478.707147339, 191478.820295221, 191490.494988187, 191491.823909764, 191493.76503946, 191498.54914048, 191498.705562651, 191499.540650769, 191499.579547446, 191499.852286659, 191500.180538925, 191502.742101627, 191508.162898166, 191508.235506029, 191508.852371477, 191540.539237959, 191547.386577539, 192483.551218335, 192484.739138467, 
192486.755878213, 192491.535811164, 192495.054991538, 192495.89507045, 192496.119631113, 192497.852948232, 192499.771595459, 192501.505217363, 192502.185644535, 192505.299501324, 192505.593655598, 192506.883021148, 192507.532916447, 193479.035302032, 193483.180301007, 193484.532746732, 193499.263779807, 193499.277160928, 193499.294796709, 193499.449997616, 193499.535443566, 193499.566523989, 193499.597692476, 193499.628814802, 193499.722241576, 193499.768983264, 193499.792394035, 193499.803923249, 
193499.83133629, 193499.885967601, 194487.436818075, 194487.4676058, 194492.288843884, 194495.650588711, 194498.072556808, 194499.007888266, 194499.253415372, 194499.255536621, 194499.274287078, 194499.284470542, 194499.400802292, 194499.428375358, 194499.431843182, 194499.447363078, 194499.455158414, 194499.548347432, 194499.734603888, 194499.781928846, 194499.79753673, 194499.894312446, 194507.114098905, 195483.871446027, 195487.850042422, 195487.995103093, 195490.18182097, 195490.87570218, 195490.993763062, 
195491.312907461, 195494.661146259, 195499.274115854, 195499.468046822, 195499.779279479, 195499.89085645, 195501.010478558, 195502.524575922, 195502.850358406, 195507.331538702, 195507.62214858, 195510.854529566, 196448.464152459, 196466.379401259, 196479.442460216, 196489.75838242, 196493.434232965, 196494.811714564, 196496.488154075, 196496.769351422, 196498.496189029, 196498.601844216, 196499.815622744, 196504.585948382, 196506.228979511, 196506.432887046, 196507.467815441, 196512.283354558, 
196515.905476277, 196519.57939314, 196520.144380671, 196520.57304829, 196524.942895331, 197485.268031895, 197486.499325266, 197488.352459906, 197494.053960051, 197499.268953634, 197499.284396861, 197499.299947243, 197499.424017675, 197499.441662641, 197499.455107825, 197499.517244385, 197499.610505147, 197499.61829233, 197499.720206435, 197499.798632446, 197502.347160792, 197522.031713247, 198491.515412871, 198498.078760065, 198499.250820282, 198499.258574758, 198499.435338265, 198499.444690519, 
198499.452489368, 198499.46022967, 198499.467260108, 198499.475772003, 198499.725632038, 198499.794819681, 198499.825978797, 198499.84157679, 198510.360235609, 199482.902374444, 199486.778347885, 199487.798352469, 199489.235926127, 199495.211238961, 199497.425552182, 199497.906557446, 199499.403282809, 199499.823314348, 199501.048215005, 199501.867957971, 199506.864802076, 199508.28017244, 199510.309132611, 199516.647271754, 199520.322391903, 199525.965040459, 200459.071275477, 200482.774933409, 
200489.141162857, 200496.378248236, 200496.771509138, 200499.237957677, 200499.430358244, 200499.431769123, 200502.805073286, 200503.212889627, 200504.647163357, 200507.880074888, 200525.375382683, 200540.606681173, 201490.659746303, 201491.939756547, 201492.696920883, 201492.820090012, 201499.297298985, 201499.305088515, 201499.32827623, 201499.429138872, 201499.444653452, 201499.45243666, 201499.460226906, 201499.48360244, 201499.515661579, 201499.561144203, 201499.615582682, 201499.807187087, 
201501.068412985, 201508.579031053, 201512.373584667, 202491.563307562, 202499.232748136, 202499.248254851, 202499.372228878, 202499.395239393, 202499.416538014, 202499.442020977, 202499.465378136, 202499.558532933, 202499.566308964, 202499.571713783, 202499.597410703, 202499.620784991, 202499.846622419, 202499.877803904, 202509.561178079, 202537.901426013, 203473.99898519, 203480.563384207, 203483.500470261, 203483.830052881, 203489.207938391, 203492.598691383, 203497.695808103, 203498.576012558, 
203499.245637077, 203499.477500623, 203499.47825622, 203499.594829312, 203499.606463623, 203501.023153352, 203501.842404126, 203502.827409508, 203507.008956141, 203510.182646177, 203511.819012227, 203512.328583652, 203515.917699001, 203522.0757251, 204367.059051283, 204438.78969457, 204479.41428958, 204479.462287663, 204479.669127793, 204486.597612916, 204488.918137965, 204489.306478887, 204492.735341029, 204494.369199626, 204496.550429651, 204499.444583219, 204499.55333823, 204499.769168523, 204499.825745532, 
204500.169893881, 204506.089899132, 204508.537631911, 204509.983863143, 204511.157541569, 204530.092426426, 205463.802091434, 205477.879982931, 205487.192286107, 205496.635806168, 205499.082578698, 205499.201809676, 205499.224988035, 205499.240449151, 205499.310166602, 205499.426495472, 205499.434277144, 205499.457519711, 205499.465300419, 205499.473018089, 205499.480931616, 205499.574044239, 205499.581763727, 205499.612900978, 205505.436289478, 205522.566563108, 205545.458515697, 206491.920026097, 
206493.236013558, 206495.031236289, 206499.200967441, 206499.214710758, 206499.222428293, 206499.23790971, 206499.253412905, 206499.26365003, 206499.268846065, 206499.292096498, 206499.307627076, 206499.388628555, 206499.462717358, 206499.470406906, 206499.485975356, 206499.500641664, 206499.641387414, 206499.656915801, 206499.921616993, 206499.92180968, 206500.876909261, 207400.51250402, 207489.958841267, 207494.767030319, 207496.32309378, 207498.200787882, 207499.212119378, 207499.250810733, 207499.48334036, 
207499.599907585, 207499.886576504, 207501.88943254, 207501.971544685, 207504.742544162, 207504.879003274, 207505.452343088, 207508.584107293, 207511.90003939, 207512.246425652, 207512.33944439, 207513.683185962, 207515.906239265, 208461.51148984, 208469.142414162, 208473.586166266, 208479.275150418, 208484.292593469, 208485.527462594, 208485.533347181, 208487.125627946, 208490.167558698, 208491.524242866, 208492.035886508, 208492.641644805, 208493.444906038, 208494.900738256, 208499.173446253, 208499.209486456, 
208499.248234151, 208499.480722578, 208499.540481435, 208501.760674363, 208503.108867472, 208504.072004761, 208505.364387956, 208508.917212407, 208509.872133843, 208511.039117306, 208511.555484207, 208513.488080749, 208513.731120816, 208518.900581977, 208522.09071262, 208528.433473446, 208529.162058614, 208544.184288964, 209483.99333152, 209499.222403058, 209499.230114789, 209499.261071859, 209499.264213736, 209499.268855439, 209499.276563656, 209499.315280339, 209499.448757783, 209499.478149409, 
209499.610140055, 209499.672368532, 209499.760115861, 209505.873137589, 210480.137206448, 210482.859831328, 210487.764837876, 210490.81693589, 210491.050905005, 210497.464491829, 210499.219833088, 210499.227523306, 210499.243025202, 210499.275461231, 210499.297192077, 210499.475539452, 210499.503064327, 210499.545399023, 210499.615336619, 210499.654226601, 210499.662722849, 210499.700873079, 210499.732018253, 210499.786529792, 211423.226299276, 211468.265245268, 211468.951951947, 211482.70473242, 
211485.004025588, 211488.05697197, 211495.176300042, 211497.005720611, 211499.188200599, 211499.294661491, 211501.106474324, 211504.684446554, 211509.006024366, 211511.140301907, 211511.8305973, 211547.244210158, 212476.751391318, 212483.616979592, 212484.714883193, 212485.400322172, 212490.709369749, 212490.815810317, 212492.245913169, 212496.842063269, 212497.25077895, 212498.621441763, 212499.641143809, 212500.512039333, 212502.327740281, 212505.590094905, 212541.384560048, 213494.258641696, 213496.276092836, 
213496.418276351, 213499.235272286, 213499.304958294, 213499.339869709, 213499.359164189, 213499.475459111, 213499.483210018, 213499.48521605, 213499.70852919, 213499.803880801, 213504.065830645, 213508.497998784, 213516.481191555, 213520.764664336, 214475.011820122, 214483.497017868, 214489.591268652, 214499.232644126, 214499.240446535, 214499.248110386, 214499.263609439, 214499.28318551, 214499.286803249, 214499.480569242, 214499.496094754, 214499.729267981, 214499.802563649, 214499.843596233, 
214499.853814389, 214499.892832473, 214504.602870431, 214508.540160814, 215484.954188387, 215485.369820788, 215485.752700447, 215485.949375976, 215486.871955663, 215489.591411688, 215491.844273746, 215494.58442775, 215495.805437564, 215497.233026346, 215497.947196503, 215498.045360566, 215499.222338881, 215499.261022655, 215499.493504758, 215501.162932448, 215501.821608557, 215502.914653238, 215502.96102032, 215505.229633723, 215506.927233899, 216469.422279913, 216473.463431265, 216474.232215132, 
216479.888836499, 216481.058131226, 216481.171456442, 216481.659685351, 216487.921184165, 216488.375243085, 216493.840336201, 216494.535909131, 216494.749099857, 216495.948565284, 216499.181101276, 216499.258434178, 216502.547901174, 216503.135473299, 216530.522834887, 216543.591552482, 217475.573123674, 217480.108286154, 217483.947664942, 217484.666823361, 217495.661776089, 217495.834197528, 217499.178509665, 217499.20651523, 217499.217144768, 217499.387477611, 217499.56025561, 217499.640118818, 
217499.947246151, 218461.872025878, 218467.7332811, 218477.069686849, 218483.262511639, 218490.044587092, 218492.926169907, 218499.145470796, 218499.175955183, 218499.193864871, 218499.35386461, 218499.384876947, 218499.39257412, 218499.508964155, 218499.516680423, 218499.57882658, 218499.594340997, 218499.625397643, 218499.89778093, 218499.905599879, 218499.913357426, 218500.292488442, 218508.119980509, 219458.158465001, 219467.509349676, 219478.663223561, 219480.612647813, 219486.34506131, 219486.812728967, 
219492.414113575, 219496.38352055, 219497.452412864, 219498.052313605, 219499.072416253, 219499.150142997, 219499.165099031, 219499.537374705, 219501.289678125, 219503.516261183, 219505.381350853, 219505.672617503, 219507.908071553, 220405.924077035, 220451.732429388, 220476.156989694, 220482.334526019, 220495.02384867, 220497.303569864, 220497.536870171, 220497.699053709, 220497.994960148, 220499.263540125, 220499.534730803, 220499.923649523, 220502.599440278, 220504.608226014, 220504.697781295, 
220514.495609312, 220517.700634115, 220522.11920341, 220524.823119329, 220528.631743561, 220568.007516548, 221484.091810695, 221488.143906341, 221499.144982226, 221499.160453419, 221499.175872647, 221499.222247185, 221499.237700105, 221499.245472246, 221499.415798625, 221499.439002065, 221499.454550521, 221499.51662499, 221499.524337503, 221499.532144877, 221499.547643629, 221499.570941703, 221499.609718478, 221499.736560121, 221499.921657734, 221499.959965715, 221501.48339364, 221507.056222829, 
221507.839675856, 221509.352213938, 221518.854477628, 221527.263809621, 222472.789244581, 222483.433160166, 222483.638573883, 222493.301784217, 222496.535858311, 222499.23517535, 222499.242837792, 222499.250641641, 222499.258337376, 222499.413207192, 222499.521744535, 222499.529518089, 222499.534771341, 222499.544997615, 222499.552783846, 222499.560511485, 222499.583837129, 222499.630417008, 222499.679862305, 222499.700401883, 222499.769086399, 222499.949547015, 222505.431029042, 222508.276160485, 
222509.223110623, 222510.821726846, 223478.318327565, 223488.023148871, 223488.10861406, 223489.884516037, 223492.809890934, 223492.961723483, 223499.15526283, 223499.271224348, 223499.581169258, 223499.697728999, 223499.892318625, 223500.283071815, 223501.867443983, 223505.846980098, 223506.502156019, 223510.235584829, 223512.28746132, 223523.194677834, 223524.067894194, 223536.279458993, 224456.158084038, 224472.319911323, 224480.353951251, 224485.716261975, 224489.273136419, 224492.156197418, 
224495.500672186, 224499.152695958, 224499.22992352, 224499.287947864, 224499.424442409, 224499.695127672, 224501.191881834, 224503.717067308, 224508.008541534, 224511.387322587, 224520.30107283, 225467.437571833, 225476.201828273, 225485.75985133, 225490.526062019, 225490.750679104, 225498.59003846, 225499.173287806, 225499.289257917, 225499.296996634, 225499.426989524, 225499.442317159, 225499.468410982, 225499.505182618, 225499.52940574, 225499.537134867, 225499.549430726, 225499.560420216, 225499.599218503, 
225499.663926878, 225499.664891204, 225499.684674883, 225499.708026831, 225499.741581117, 225499.793595396, 225499.957137211, 225512.540991675, 225518.926614594, 226487.775212751, 226489.183226474, 226497.858203954, 226499.132058178, 226499.170665547, 226499.178400455, 226499.186141224, 226499.253206048, 226499.28659809, 226499.371742447, 226499.48025582, 226499.519038771, 226499.526784557, 226499.534544223, 226499.543415908, 226499.57330527, 226499.642088394, 226499.666480474, 226499.67429547, 226499.728609278, 
226499.744234626, 226499.752026127, 226499.884306523, 226508.13052655, 227460.984335687, 227465.47381002, 227467.911852051, 227479.37762432, 227479.481897301, 227479.990266908, 227481.091019273, 227485.090790071, 227485.775602197, 227490.028380067, 227491.050575475, 227491.308255793, 227491.543142641, 227492.211622341, 227493.823672043, 227494.484969592, 227496.311852253, 227496.492480578, 227497.836210435, 227499.27627593, 227499.297139646, 227499.741611585, 227500.289593986, 227503.56409167, 227505.006564168, 
227505.671043134, 227507.374487115, 227510.358115986, 227519.494586068, 227566.665508823, 228455.47195425, 228472.59203983, 228482.63041605, 228484.262762989, 228486.575337303, 228487.267169712, 228489.022360688, 228489.75533576, 228490.98213377, 228491.508866767, 228492.773534218, 228494.490039662, 228498.609834435, 228498.7080548, 228499.157772349, 228499.196364043, 228499.235039737, 228499.273676583, 228500.129904571, 228500.342959952, 228502.448396537, 228507.195583404, 228509.830862386, 228512.19538547, 
228514.916922451, 228523.065160469, 228537.46164091, 229479.524543095, 229492.380944924, 229492.595810216, 229493.209560028, 229499.101161313, 229499.108880794, 229499.139731974, 229499.140862915, 229499.147448777, 229499.155211251, 229499.178366779, 229499.247929678, 229499.255639103, 229499.271085139, 229499.465858234, 229499.526634303, 229499.59648244, 229499.728516485, 229499.962062843, 229515.401428667, 230472.479008033, 230480.111367949, 230493.811879123, 230495.307339455, 230499.060023234, 
230499.144901833, 230499.175764199, 230499.245298165, 230499.260764429, 230499.562618009, 230499.565813825, 230499.609359205, 230499.640452657, 230499.717057235, 230499.718083474, 230499.718565815, 230499.889269482, 230499.920453202, 230499.951615012, 230499.959451386, 230499.967193025, 230520.815935016, 231481.971412962, 231482.969443199, 231486.634626315, 231488.484577976, 231488.822464844, 231491.153461048, 231497.011952029, 231497.575678696, 231498.366804499, 231499.165456193, 231499.28135269, 
231499.980156388, 231503.243193228, 231503.532300311, 231524.568228236, 231542.433150362, 231606.272410947, 232448.858921738, 232476.944513229, 232477.056022667, 232477.210963098, 232478.23426371, 232483.796126407, 232490.555974367, 232490.661683819, 232493.341322167, 232494.167068891, 232498.304229392, 232499.162853094, 232499.860601267, 232499.876179289, 232503.378756864, 232509.051188313, 232536.548769872, 232539.448233527, 233319.261505044, 233495.377079974, 233499.067658524, 233499.144814792, 
233499.174033753, 233499.79572262, 233499.881343391, 233499.928059193, 233499.990351192, 233517.284025494, 233521.656760697, 234475.0578653, 234475.804420331, 234480.13320198, 234499.065094266, 234499.072795313, 234499.080523094, 234499.102766949, 234499.142255393, 234499.149937157, 234499.173093151, 234499.180878054, 234499.188548814, 234499.265808915, 234499.327659965, 234499.343199636, 234499.614352185, 234499.729090475, 234499.761964453, 234499.964330718, 234499.995516998, 234519.517510092, 235440.122894811, 
235468.300592044, 235474.239641226, 235479.498973156, 235480.108408016, 235482.137239073, 235483.320587742, 235484.332442822, 235484.35372227, 235485.126415095, 235487.432429423, 235488.486643832, 235490.504795818, 235491.084237871, 235496.445631437, 235497.712544856, 235499.131935173, 235499.712657882, 235499.716600937, 235499.946065283, 235501.850417386, 235502.809149061, 235503.903727687, 235504.346908311, 235508.44267147, 235509.140635142, 235512.864663949, 235515.519217111, 235530.179712641, 
236460.192189403, 236464.006385432, 236474.048780589, 236474.061974068, 236475.129318603, 236481.926526632, 236483.086844182, 236483.15032208, 236483.212800529, 236489.55559708, 236491.709675822, 236495.23274627, 236495.292367271, 236497.612006373, 236497.768435858, 236497.986440456, 236499.09078425, 236499.710070249, 236500.160562866, 236500.668935359, 236500.917940258, 236501.510213203, 236502.314819612, 236503.305482008, 236509.80015471, 236514.559016006, 236516.448330897, 236519.734564772, 236520.296362695, 
236521.8240647, 236529.015968511, 236532.648417808, 237473.21832839, 237488.52148809, 237499.080479237, 237499.142192292, 237499.149914228, 237499.154249205, 237499.157637388, 237499.180811894, 237499.219424041, 237499.265760321, 237499.273460004, 237499.281244216, 237499.653018137, 237499.660782828, 237499.668527998, 237499.901832756, 237499.964157228, 237502.912414448, 237503.100870077, 237505.900864723, 238474.954327938, 238475.315016975, 238487.15971257, 238489.403119044, 238499.077867333, 238499.116430719, 
238499.130408821, 238499.139619932, 238499.155020052, 238499.162752522, 238499.263131828, 238499.270852153, 238499.332690673, 238499.346904127, 238499.517607983, 238499.642640462, 238499.665889071, 238499.680769569, 238499.720327527, 238499.766569079, 238499.96145357, 238510.38175429, 238511.79045133, 239460.106214488, 239471.785611699, 239472.246665457, 239473.912096111, 239475.270614565, 239478.106446807, 239482.189544667, 239486.863797943, 239487.996784111, 239489.562742424, 239491.850081749, 
239492.081550526, 239492.791164709, 239496.784521226, 239499.137023257, 239499.175594473, 239499.531390986, 239499.639966241, 239502.114579622, 239503.665376888, 239504.446226786, 239505.171398067, 239505.434327368, 239506.174531419, 239520.239403003, 240457.635920532, 240473.921160757, 240484.313684918, 240484.674278062, 240485.837386119, 240486.025788684, 240486.073069836, 240488.617927018, 240488.968530161, 240491.054953887, 240491.927529111, 240492.160296742, 240492.940147369, 240493.692523002, 
240494.081992883, 240495.59066957, 240497.070807048, 240499.173018761, 240499.327534966, 240499.753880609, 240499.932678474, 240500.018479779, 240500.162138865, 240501.894059384, 240502.059054602, 240502.673101403, 240503.180423755, 240506.338597219, 240506.769868834, 240509.11712862, 240510.126030308, 240533.392725146, 241486.5305288, 241487.400009296, 241498.607653649, 241499.161775858, 241499.162676136, 241499.170424221, 241499.185822793, 241499.263083517, 241499.292025412, 241499.580422107, 241499.619220516, 
241499.626947226, 241499.650262636, 241499.751179495, 241505.025384879, 241507.57277711, 242475.850039362, 242484.29564091, 242486.107400379, 242497.461533081, 242499.167786826, 242499.17325829, 242499.18327135, 242499.283620301, 242499.312460373, 242499.337731601, 242499.668318275, 242499.670869901, 242499.70193694, 243470.884217846, 243472.090565303, 243479.867657898, 243487.70766712, 243488.843778222, 243492.266062372, 243492.859404328, 243496.675674954, 243498.254383884, 243499.022376917, 243499.180635502, 
243499.296515219, 243499.335125931, 243499.60618513, 243499.878051256, 243500.63286346, 243504.044630194, 243506.286923447, 243506.399887537, 243507.337142331, 243509.440368009, 243511.446338672, 243512.145747241, 243518.788632687, 243518.81771807, 244474.448895195, 244477.745807915, 244484.113028011, 244484.514188568, 244486.11920736, 244487.53721582, 244490.522244874, 244493.598176098, 244497.540127751, 244499.17805376, 244499.255229259, 244499.266854767, 244499.293927417, 244499.301634048, 244499.332494446, 
244504.643493454, 244507.307768914, 244508.823253997, 244515.29935627, 244523.401027894, 244526.839679324, 244530.77119042, 244544.890745172, 245444.828844928, 245479.764826056, 245481.091997576, 245486.951409519, 245488.413032819, 245496.264876258, 245499.077037624, 245499.11249716, 245499.206323656, 245499.232402149, 245499.291255504, 245499.306727884, 245499.314448458, 245499.320340385, 245499.322163799, 245499.329909476, 245499.585401095, 245499.620713855, 245499.662948213, 245499.872722244, 
245499.888287834, 245499.973951798, 245507.140168237, 245535.039313239, 246475.657590307, 246484.409882221, 246495.538002334, 246499.075518589, 246499.149699586, 246499.157419631, 246499.196022399, 246499.20371262, 246499.254458087, 246499.265490672, 246499.293494115, 246499.304097088, 246499.308024855, 246499.319590414, 246499.327325274, 246499.342782063, 246499.660325085, 246499.691628867, 246499.846720605, 246499.885642529, 246499.986793546, 246499.996917111, 246500.002389778, 246505.512189097, 
246521.447615019, 246539.213670613, 247475.629024174, 247476.68393954, 247479.133773533, 247479.795228706, 247481.892303057, 247483.284797909, 247489.920888743, 247499.108572826, 247499.325738882, 247499.34017049, 247501.768068365, 247515.799567588, 247526.979517687, 248448.986454738, 248458.361922504, 248472.586403148, 248474.31737462, 248474.518242966, 248475.843999647, 248479.128358722, 248488.370931036, 248495.797536534, 248496.256995753, 248498.74969929, 248500.331868313, 248503.056145957, 248508.273457366, 
248510.999202978, 248511.86443046, 248513.256233262, 248516.971525743, 248524.447844872, 249483.494751548, 249485.770671204, 249488.902209596, 249489.899759423, 249499.075374689, 249499.180471815, 249499.19724135, 249499.216023892, 249499.354740231, 249499.667891307, 249500.103501853, 249500.111287989, 249528.492798894, 250477.619998231, 250495.98700519, 250499.116237508, 250499.123924406, 250499.154781282, 250499.216441245, 250499.255059628, 250499.285958429, 250499.309119443, 250499.867185326, 
250499.991731031, 251465.17503689, 251466.640410677, 251467.924463523, 251490.925715163, 251494.777267166, 251499.613011261, 251500.121519845, 251501.272405325, 251503.544176928, 251505.253569967, 251506.305518715, 251509.867709206, 251509.872152081, 251512.014529481, 251512.351507118, 251514.306661088, 252479.028921248, 252479.195845585, 252499.924096651, 252499.93577834, 252507.124456069, 252510.266213239, 252511.776737765, 252514.399396905, 252521.322936746, 252526.750888877, 253484.634931239, 
253499.123886776, 253499.16237959, 253499.170126642, 253499.80480765, 253513.099513226, 253516.605199616, 254499.825480812, 254499.841040992, 254499.934289676, 254499.949847201, 254499.988821487, 255477.895911431, 255491.188340904, 255494.07205677, 255498.212358318, 255499.729061546, 255499.970531575, 255501.703102045, 256489.486683696, 256489.705053148, 256489.779359074, 256519.627798175, 256527.750581306, 257483.653246857, 257499.144307131, 257499.221425429, 257499.229110034, 257499.825220508, 
257499.949625769, 257505.516794395, 258499.226532859, 258499.257334794, 258499.27350529, 258500.751388694, 259490.680890496, 259493.961590522, 259499.200763575, 259500.014342052, 259511.124676582, 259516.59279534, 260481.575487734, 260495.341837764, 260501.11399568, 260516.244707211, 261492.177364415, 261499.998212713, 262499.980312718, 262500.029642511, 262505.543680126, 262508.410778803, 263520.357759474, 264412.71165601, 264500.0085347, 264501.992050328, 264512.046425857, 264526.755293913, 264528.720144807, 
265495.167934512, 265498.888259806, 265500.008198337, 265500.037134179, 265500.044922919, 265500.122785562, 265500.130575063, 266500.034429401, 266500.042230923, 266500.138406053, 266500.16689837, 267485.556486007, 267488.568245694, 267498.2166744, 267504.164670797, 267504.281756236, 268473.362809854, 268485.570734161, 268500.138141668, 268501.570411136, 268508.671480541, 268511.854283491, 268515.335178248, 269500.003112847, 269500.034153274, 269500.041990557, 269500.049749458, 269500.127606539, 
269508.138672919, 269513.872427439, 270500.015923895, 270500.070407674, 270500.085956603, 270505.862388717, 271494.068182527, 271496.097162091, 271509.829580098, 271527.909609942, 272496.54232604, 272498.676778783, 272499.831878185, 272499.948351833, 272500.080603829, 272508.486524317, 273492.828874395, 273499.697303915, 273499.813630705, 273499.844609832, 273500.085662242, 273500.140214494, 273509.439923095, 274486.496901901, 274500.129742972, 274500.137482673, 275478.670520443, 275489.448268989, 
275490.350342505, 275491.08148211, 275499.39679632, 275500.072483833, 275502.600933365, 276483.676281475, 276486.101378259, 276492.289724356, 276494.958564441, 276501.280571586, 276509.295946749, 277499.748701817, 277500.051546546, 277500.082727701, 277500.09826304, 278459.374014723, 278499.699557398, 278499.738255651, 278499.943446995, 278500.06441928, 278500.093610096, 278505.739067329, 279497.655137329, 279500.077304467, 280499.802726345, 281494.587268628, 281499.800066191, 282499.867180503, 282507.216973534, 
283529.737410004, 284479.121967411, 284484.608623312, 284499.962805296, 284508.400910128, 285509.119827649, 286497.684638988, 287507.771484863, 287512.105956594, 287513.870445444, 287529.368376053, 288482.628573643, 288486.58535448, 288492.639967669, 288504.144908307, 288504.956141269, 289499.918274708, 291500.087389491, 134500.689259442, 133500.671651426, 134500.673031156, 133000.663957685, 149500.661647368, 147997.646182174, 147497.472810179, 147000.647497837, 136503.633642459, 141485.800381625, 
142000.612456456, 153000.611804589, 147000.588510152, 148000.57431898, 153000.580538344, 131500.527889745, 138500.537434707, 131500.991022178, 156500.621514566, 155500.544804437, 147980.380732128, 149008.011367704, 153013.285683418, 149500.520352844, 154000.673958049, 115000.451643446, 136001.219132513, 116003.970341189, 130994.782562734, 118500.448554525, 131500.465164854, 134500.469735843, 133506.855072064, 133989.939221091, 135506.311633756, 131000.457307043, 135000.462204889, 131500.539246157, 
130500.417732934, 131500.838631345, 132486.42685542, 132013.114983637, 118496.270652492, 132985.896156169, 120471.043887611, 116495.920629276, 118000.377526551, 119000.378620161, 120000.379834797, 132000.404069815, 131000.394806876, 131497.823864034, 117472.211763583, 115500.366194742, 131500.476729408, 130939.669678123, 153000.4073654, 160000.416571658, 155966.925250576, 153008.841599585, 131500.371189491, 132000.384183055, 145000.381585277, 131994.768811563, 131500.340103796, 147500.361542318, 
132003.925198518, 147490.423300269, 147000.332759047, 148000.353533235, 132501.125665083, 145500.343128548, 148500.347402438, 131504.230621523, 148500.338691213, 130993.963570084, 128011.645988752, 127500.303668047, 127000.308830944, 128000.296474946, 127507.57248811, 127004.187711973, 142000.268252623, 107500.215488935, 133492.00158549, 113495.810729365, 113975.191172002, 78000.1683266647, 79000.1692820415, 107000.205187725, 110000.210410743, 107489.688105023, 92500.1795257181, 93500.1804433921, 
93011.7527311342, 91978.3111052401, 107999.71423809, 77485.510454068, 92000.1707534418, 93000.1719625527, 120000.207871508, 133000.224838782, 143000.238118064, 92502.1889816457, 142496.740506581, 132494.063235367, 117996.803088281, 77021.3023564294, 74500.1402515229, 91500.1630540239, 118493.206022524, 117500.196690314, 144500.232519068, 91990.480262123, 108515.421370399, 134006.160658345, 145458.90344169, 146513.72412947, 76508.9216248076, 97499.3015212789, 92511.9334275015, 77000.1681345245, 80000.1393289622, 
92000.1671754392, 93000.1563263936, 97000.1914178915, 99000.1645768303, 116000.186734347, 118000.189273594, 146000.226378541, 117508.007924628, 71983.7124050474, 78500.1295892559, 79500.1315602437, 80500.1326866336, 92500.1480878014, 91500.1718485327, 146500.277799818, 97005.7911573807, 91989.6385820871, 86539.6223589182, 117516.964064767, 113466.2928306, 103498.607468108, 77000.1204331061, 78500.1223660698, 79000.123127955, 93000.1414076341, 95000.1443572678, 118000.174191935, 120000.176588625, 
95996.4822552577, 118985.4935087, 77523.6186886989, 85491.0960608544, 113514.807564863, 93006.1534898123, 86500.1249496415, 92500.1333394572, 93500.1338548213, 107500.152458531, 112500.158767986, 116500.164451035, 113000.453892484, 107990.575812797, 79004.626135339, 75499.0732181957, 94002.0244941479, 87514.4356791461, 86518.0401311684, 117508.812145872, 86000.1167431436, 92000.1873650672, 94000.1265978599, 95000.1288310885, 96000.1294829352, 107000.181679444, 116000.156008774, 118000.158931011, 
150000.20005972, 153000.203254402, 112476.65346467, 107501.815439805, 117997.171296399, 87010.1636274513, 107001.919154721, 88003.8518027831, 78500.0992585523, 76500.086397117, 86500.1678031618, 87500.1111943033, 94500.119693093, 107500.137242736, 106500.152176636, 128500.164123467, 77012.0564499106, 87508.4981557755, 86004.3625905542, 86515.6733828196, 76523.5900316508, 76001.7114232322, 142494.105499718, 93499.9517082758, 77000.0894321753, 87000.1021287171, 93000.1103929849, 94000.1114853304, 77508.598198168, 
88487.1456669522, 90958.7069776859, 105479.096248087, 90458.8831465133, 87995.3100408418, 77994.6697833892, 89010.2526241066, 85519.0544941658, 103496.882009867, 78500.0832132054, 86500.0936468802, 88500.0968015604, 89500.0974263484, 113000.0481144, 79023.7323372485, 118007.380952807, 113488.229898613, 116991.275694962, 77001.3818950243, 77496.1138445437, 76488.2819773098, 92498.7407791195, 74000.0692980001, 77000.1439271197, 76000.072156772, 78000.0746324956, 79000.0756482184, 80000.0769188842, 
87000.1094651017, 85000.0834956942, 86000.0856927997, 88000.0880482309, 89000.0893674623, 92000.1075423956, 96000.0983169358, 113000.120355578, 115000.12350968, 116496.83532449, 116000.124544674, 119000.127998849, 91514.1524392273, 87500.1811958225, 82960.62419271, 88026.2248985078, 91997.7031276822, 97996.5349363722, 86989.8000862841, 77500.0661924435, 82500.0726671973, 85500.0770982252, 91500.1745234504, 87500.0798496325, 88500.0807924317, 89500.0822204622, 97500.0928933863, 103500.100024931, 118500.120260817, 
116500.202767282, 139500.147457336, 77525.5128654605, 115984.654961474, 118488.881194805, 97484.3279113937, 75000.0551130399, 98000.0855031842, 118000.110973989, 152000.155294563, 85971.841444551, 155992.241276904, 117941.817658921, 85450.4976119511, 88998.0851504877, 100471.095667812, 76500.0495106904, 78500.0515918843, 86500.0626678765, 92500.0708408868, 116500.102062236, 117500.103418924, 122500.109642117, 123512.226453044, 116969.44141781, 102489.882217857, 119006.171921872, 123998.857752844, 
74000.0389665319, 76000.0411572596, 78000.0440768953, 85000.0528227882, 91503.6298932498, 92986.8563155569, 77987.2259651376, 75500.0327209402, 77500.0354493689, 91500.0809799153, 87500.0482846489, 89500.05138034, 93500.0560936183, 99500.0634944197, 121500.11764013, 156500.170988287, 115984.523138406, 104989.758962644, 96502.5110653294, 78489.9447016269, 79000.0290990192, 83000.0347937094, 84000.0359240752, 88000.0411118027, 89000.0421404345, 90000.0436664168, 92000.0460829511, 115000.076489375, 
75970.8832314406, 83478.5812804429, 80955.289417793, 90994.3081600331, 95995.318136625, 91499.8390243798, 87464.1973755611, 92990.4037525384, 79013.9528615847, 115487.0453675, 107489.561767788, 88001.4483517297, 91974.5977232195, 128991.549065013, 90491.1621734165, 76993.994762918, 88985.2588906419, 73500.0143101681, 78500.0213410947, 79500.0222665006, 81500.0249426821, 87500.0324202972, 88500.0343969427, 91500.0377739854, 92500.0396126071, 111500.063848746, 129500.087088942, 99005.6350471713, 76488.9190113489, 
77000.0194756705, 75000.008714023, 76000.0101182153, 86000.0226104679, 86500.0182620222, 90000.0287958598, 93000.0327099236, 92000.0927702151, 96000.036413067, 99000.0394488564, 117000.132682922, 114000.059811448, 115000.060723729, 92455.5755650681, 91494.0156458514, 117504.347222392, 77496.7691894695, 156996.106408501, 157993.691411952, 72499.9980533998, 76500.0370672392, 86500.0013724649, 91500.1096056588, 88500.0187344151, 90500.0213444037, 92500.0238651577, 93500.0254309094, 94500.0264909621, 
98500.0317225475, 99500.0328435572, 110500.046800257, 115500.053983862, 157500.107802926, 158500.10941701, 93006.5784404753, 91998.0891665341, 92508.742552774, 117487.562211169, 93011.1737584602, 110988.215929091, 91491.4787316574, 115991.546246137, 77999.9972254429, 84000.0045143608, 90000.013111501, 92000.0154432654, 94000.0178316338, 117000.048028591, 158000.100880943, 93506.0472276974, 87503.1154097943, 116499.332414158, 93018.3267309386, 79001.8274118779, 92031.3040465191, 94001.1431706166, 
75495.5156626357, 78499.9902354153, 83499.9965940956, 91500.0073879547, 93500.0096217152, 153499.502104936, 116500.039009953, 159500.095025151, 90475.1381445797, 158992.404650609, 112493.042257254, 116509.554965325, 92517.4737501647, 73999.9759122906, 75999.9790374609, 77999.9817803958, 77000.0726382649, 78999.9823738243, 88999.9963286817, 89999.996612641, 92000.0465976382, 94000.002097467, 95000.0041212356, 99000.0088814246, 113000.027286315, 116000.031339647, 76487.9873736016, 91493.0825841632, 
147006.915993968, 117013.38695436, 87005.8760984791, 77991.714007074, 74499.9686370557, 76500.0625962447, 78499.9738041647, 79499.9759211391, 80499.9771932187, 91500.0379515942, 88499.9876664868, 90499.9899278115, 92499.9921007184, 93499.9934929013, 94499.9954920383, 93001.7207032721, 98500.000032708, 99500.0020938693, 116500.094300988, 117500.024644216, 75997.6673629396, 77484.4419986196, 74981.727021236, 79950.7967499122, 93999.987226313, 118000.018108278, 148513.753825023, 90973.125170921, 88994.7570851548, 
126987.196906533, 88499.9722588416, 107499.996345293, 142500.041405445, 79010.0498963119, 77989.9921787446, 143489.84558977, 80447.9184096167, 107025.710555003, 92446.7906937012, 91531.5040857531, 81487.900777665, 77999.9500301508, 78999.9519821107, 79999.9530773619, 80999.9544523871, 89999.9656159775, 93999.970992025, 102999.983314174, 104999.985378354, 118000.002196888, 76496.9402140705, 106480.495472275, 107499.225178048, 157012.360252605, 77499.9413668774, 79499.9450203627, 80499.9455680959, 
86499.9681396326, 90499.9588656146, 92499.9618231952, 96500.0004628217, 105499.978169957, 108499.982322265, 109499.983393495, 116500.071242387, 142998.506521742, 82505.4375125878, 76486.3813587837, 95981.3304503243, 81487.0592489885, 118479.867679441, 76999.9333350547, 77999.9348342279, 86999.9460786525, 88999.9485754361, 93999.9556175545, 112999.980434055, 117999.986105047, 78486.3885865761, 87485.1217832742, 89960.3822355205, 93475.8507236512, 93025.1632051701, 91486.884431093, 117502.965958812, 
113498.369697098, 80991.4837721912, 86513.9237901531, 78032.7041788502, 95455.6287650755, 82011.007081327, 86994.1090925448, 76499.9247663412, 81499.9310956066, 82499.9332136828, 93499.9476241078, 108499.966381056, 111499.969953927, 114499.974037061, 116499.976379042, 117499.978176356, 126499.98972965, 80486.8925506901, 117020.772392877, 79477.2187986206, 107973.724746994, 93978.7483806061, 81514.6070058048, 91489.6443388471, 156514.71387586, 116488.126617312, 74999.9156894041, 78999.920997384, 79999.9217914296, 
81999.9631790956, 82999.9259514101, 89999.9346810747, 93999.9399883971, 112000.010658579, 115999.968489313, 117000.019184222, 120999.974816491, 127000.016489427, 161000.025695888, 112465.741369233, 151474.72251349, 111499.978202388, 91991.6231146762, 151984.190467808, 77499.9104721108, 79499.9138045684, 80499.9141924595, 82499.9169819634, 81499.8993930407, 90499.9281445406, 92499.9307940183, 101500.01171353, 115499.960492858, 116499.962279625, 122499.969146254, 127499.974851015, 121991.872968559, 
96982.6107244221, 116485.216884527, 87500.989587578, 127476.314004962, 101477.629890785, 78999.9052771069, 81999.9087080061, 88999.9182347627, 91999.9218447981, 100999.933904477, 107504.032317858, 118490.439285459, 99948.041863245, 92506.3218861418, 75992.5861229887, 90986.1710909782, 79990.5447402811, 77517.8498731097, 81497.1405377006, 82471.7195564015, 102008.760839009, 117007.525297428, 93026.3009872818, 94469.8651321772, 81986.4408789081, 76499.8941349965, 78499.8961531548, 81499.8999611344, 
82499.9022028167, 84499.9043971952, 91499.9139471957, 92499.9151311321, 106499.932874532, 108499.93545111, 116499.945468199, 100451.63184628, 152499.992120159, 77992.4917649748, 83994.3509281911, 80504.1537340237, 75484.1694999458, 92007.3705964256, 96476.6021735854, 101480.947658084, 76999.914590436, 81999.925583005, 82999.8943001563, 83999.8955138568, 77518.3461592998, 91999.9754374148, 98999.9147940045, 100999.918103068, 101999.971003486, 115999.937035183, 116488.40971619, 91497.9028688064, 92482.0555277793, 
152990.220375347, 92986.6442328356, 76986.5242207283, 79499.8822549796, 85499.8896668497, 87499.8925978215, 92499.89899462, 96499.9354748623, 93001.6978856632, 92495.1814751746, 83492.5119431419, 77509.2612217991, 101999.903985966, 134999.945767482, 95963.3356792312, 93488.4232677724, 115980.690253096, 84998.6426628307, 82985.4596262667, 106990.412528212, 93942.3663554611, 82499.8703162763, 83499.8724759398, 106499.902153453, 108499.903919324, 116499.914058899, 93014.2958307061, 125493.914582899, 
84501.3777766135, 81997.5275198389, 99493.8645919058, 90999.8736754702, 92999.8768526688, 99999.8858044809, 105999.893202399, 124999.917540141, 82505.5522212619, 93499.8694257885, 110499.891516539, 126499.986114661, 102005.93880722, 92999.8603901826, 98999.8687988091, 99999.8704349324, 158495.194879778, 144011.397667274, 100468.857246752, 93499.8536633402, 94499.8546627881, 101499.864086038, 144499.918605244, 90469.6123661892, 99448.6029898012, 128493.7120702, 99001.1129077217, 99999.8545296956, 
92995.6371038398, 93499.838667131, 94499.8393982798, 99499.846383621, 114499.864991788, 121499.87146356, 120499.873063968, 125499.879202116, 121989.515630372, 99007.4986081747, 127993.891613273, 93999.8310069004, 96999.8347533485, 121497.270425416, 95987.7725337595, 102498.153097129, 99953.7040467476, 122490.083452739, 120964.25840873, 100978.266702459, 99021.9149021711, 96499.8259511106, 101499.832838005, 124499.861827512, 109449.797387265, 73486.7202223195, 99467.4907576311, 108989.825137082, 122497.583129256, 
74536.4801189713, 132488.732890887, 95999.8179206708, 98999.8222682774, 111999.850668788, 125999.855878433, 96498.8094013045, 107498.397395723, 126492.421265234, 97480.7257424463, 117011.504308785, 77992.7149747992, 78499.7880064761, 83499.7943285024, 98499.8139777733, 104499.821143329, 107499.825137419, 108499.825744165, 106499.867913828, 113499.832784735, 114499.834052179, 106995.894694968, 77508.4927869523, 116502.474900136, 117997.782904841, 77985.0793069955, 96013.0185338594, 82473.6353393989, 
105965.846985559, 81999.7848866126, 96999.8034573011, 116999.829304235, 131999.848687889, 123005.459518719, 80006.9777252814, 115965.244047192, 126507.325185207, 96478.6392103285, 97479.2302685026, 130964.899329537, 81970.2271084879, 117497.452540991, 95505.9839918008, 72984.062554555, 113992.001599193, 76988.6571080657, 116982.414622597, 117962.824116845, 82496.5473750466, 119461.462220456, 96499.7958166543, 152499.866744713, 72493.8407609873, 85523.4568527443, 77490.1779905874, 53999.7332930919, 
84999.7731868802, 93999.7845961172, 98999.7907663621, 104999.798802548, 111999.866491103, 72480.5054131122, 61517.6247560671, 76512.5819383729, 111463.864880552, 81993.7901737019, 58001.3213836709, 57499.7290140446, 58499.7310957341, 61499.8206983507, 72499.7487778654, 90499.7721428154, 102499.787516634, 103499.788523116, 114499.802471513, 117499.806764347, 118499.807590137, 119499.809636525, 63001.2130871592, 87005.5316618886, 77993.7214687122, 83486.781692002, 58490.7761474373, 56518.0480913268, 
82500.4667811971, 62531.7869095439, 112498.387094479, 59999.5652794121, 63986.3689842327, 120956.98301534, 91500.3487052945, 78016.966664236, 57999.7228268096, 71999.7403756035, 121999.804168704, 55971.21594101, 53504.7056921897, 72486.0145517439, 70989.4327716082, 111497.161924784, 85017.8170635588, 81527.4370881254, 114985.878480636, 86511.4427290102, 84015.5643949332, 58988.9463793319, 54964.6197331212, 76988.3357776683, 53999.7657282492, 83018.2945082365, 62500.439733509, 84015.4824274983, 133011.058880457, 
103499.772813961, 117499.790692267, 84487.3689320209, 60515.4196145358, 79493.4151826603, 53513.5427972786, 79014.7732032454, 67011.328085226, 57506.3554318249, 85505.5230005756, 82051.6252295338, 62506.0651367689, 81508.2219510982, 121501.605022165, 97519.3153273985, 56999.7105498416, 53999.7015846753, 57999.7070554253, 61999.712000004, 78999.7335348455, 81999.8204317838, 84999.7421705769, 90999.7498920029, 92999.7521799235, 108999.772191329, 118999.784647633, 119999.785828191, 120999.787155156, 
125999.793503224, 132999.803363531, 77989.0851826435, 127990.504562767, 57998.5906101577, 56986.5159863988, 54499.6950742388, 56499.7747674817, 58499.7000382086, 59499.7006346267, 67499.7110138228, 77499.7245344594, 78499.7252826029, 82499.731017272, 84499.7336449809, 85499.7344268644, 90499.740669569, 92499.7430017702, 91499.7456297399, 96499.7894769209, 100499.753385173, 112499.769050919, 115499.773011975, 120499.779195718, 129499.790601546, 130499.792077634, 67988.8293741886, 91993.5834863549, 
121999.578971609, 58021.8064650875, 86508.7251843242, 109004.330220773, 113496.576076562, 112488.266931999, 98000.4653942743, 85026.8467191355, 91999.7351817135, 96999.7412969451, 131999.785501417, 98493.8998132087, 81495.6500594765, 96509.2649845323, 54982.6716325684, 88505.8810295863, 130985.609590009, 85986.5896846326, 137523.806208652, 100461.828395326, 77496.8012150833, 133991.005056663, 79507.0214550225, 57002.0426191511, 133502.604977712, 98988.0051098866, 121499.764417905, 64510.016720769, 
121989.835402357, 80492.7154440153, 119467.523319002, 82004.9051906299, 135504.057097294, 121501.140404693, 56502.2279923689, 97503.0663817851, 55999.6738856873, 56999.6706923246, 59999.6783217164, 79999.7043288667, 90999.7178307148, 94999.7239166424, 98999.7281901557, 102999.73331807, 114999.74938205, 120999.756737311, 123999.760743137, 121999.752159161, 128999.766352037, 135999.775428666, 126979.298423329, 112988.713114361, 57974.005768613, 101970.748556335, 81969.4894488193, 92993.4916316858, 
54499.6633122442, 56499.7015645346, 61499.7399863722, 58499.6688430915, 73499.6877455404, 81499.7733789152, 77499.6927389354, 79499.6953897923, 80499.6971169179, 92499.7125734482, 121499.756172051, 122499.750591269, 124499.752763045, 136499.756526803, 56989.9606394581, 107486.046972123, 78992.4357517064, 92990.6510613039, 89001.022836213, 124988.52767477, 74014.8858833155, 121503.879700845, 80959.0556314234, 56999.6589279054, 81999.6908811489, 121999.741842925, 127514.201513973, 58016.7705777846, 
74998.1528710863, 81458.3300421434, 80006.4716680925, 93510.2707199417, 86005.7444640249, 84539.0507503971, 102491.011094423, 122979.795569618, 57997.0401315643, 78996.6871536309, 78495.0473828912, 122005.973593893, 55473.6029951498, 132004.287235795, 82998.9377045836, 126499.740101922, 83983.8308796547, 97505.2653523143, 56991.6571649965, 98006.7102558482, 81984.2958792849, 57514.8591516381, 80496.310282914, 95505.3259845143, 60502.5635619778, 91994.5605935529, 81549.9806767851, 126487.790757845, 
87497.4400113467, 102496.797342215, 55999.6418381287, 57999.6445593042, 59999.6474213824, 75999.6685121823, 81999.7042354262, 79999.6728705429, 87999.6836628206, 99999.6982983556, 100999.700358278, 111999.715615726, 121999.788943089, 57482.503572003, 82501.0033078212, 128017.207495755, 82985.56181945, 53499.6312765023, 54499.6324510453, 76499.6706252852, 78499.6636478091, 79499.6650042944, 80499.6655252371, 81499.7442032583, 82499.6686088424, 81997.1737181172, 123499.72083793, 127499.726108056, 129499.727863259, 
71980.9995887903, 124985.903070416, 87991.8819757216, 77997.2760890489, 102503.177014006, 78502.2251161169, 88997.9632830778, 66515.5034659151, 72999.6486172546, 126999.717432343, 63515.7322753966, 73510.5509254737, 123516.25983023, 79984.6189141776, 82503.9235058436, 80986.0039643897, 90989.2309630765, 61041.2860636879, 112456.184010406, 99526.3977939989, 76996.9289789479, 101984.22185365, 100499.041278163, 51499.6131482562, 77989.4361839741, 76499.6451864392, 78992.3337758025, 73005.8475067206, 
70517.387070721, 59560.3228472499, 92523.3721999964, 79486.3397134123, 82446.5550919445, 91498.7635453874, 102502.936022202, 62478.8962469678, 58999.6155117797, 59999.6160157761, 62999.6209133333, 75999.6364919161, 77999.6399514508, 78999.6409204416, 79999.6421559956, 86999.7078305166, 91999.7173701869, 92999.659015785, 99999.6678542579, 126999.694982499, 92487.5986452801, 76514.1704217913, 81499.6244654413, 57986.2924379883, 50499.5960637294, 52499.5988829751, 68499.6194445239, 71499.617339869, 
76499.7213639403, 77499.6316684457, 80499.6349448301, 92499.6507476168, 93499.6520130774, 91499.6324868212, 97499.6568314424, 100499.660648102, 129499.696954994, 133499.701934943, 77019.0530466186, 93007.1054735035, 51520.6478890078, 56517.610347393, 72491.4825826557, 76490.3975094361, 133969.526723719, 54985.6155644385, 78490.0495774448, 77490.6357052196, 51999.5910866233, 133496.646891676, 81999.6296500573, 96999.6483722162, 98499.6500429548, 81498.2525751153, 54005.3052139645, 55990.8142845668, 
98011.0584284831, 93033.513755192, 91518.2028203905, 78018.9052959327, 80993.7408777429, 130994.915932396, 49048.1662422679, 81924.8997346098, 133991.923180294, 78983.4357204605, 49440.852393155, 98459.6381631065, 99490.2425376009, 137992.057610774, 48505.2942870995, 80493.2376209665, 78490.9617213449, 77499.6155376136, 91499.6335907103, 50480.4171859929, 126499.677153924, 76997.7016607029, 74502.1495654862, 130500.797058029, 75501.1685650637, 91999.3411878757, 102513.336738233, 131523.484841573, 
132523.887031295, 102494.251849961, 82484.5553292828, 46499.7659028322, 45999.5677679908, 48999.5710540405, 50999.5742585519, 59999.585153982, 74999.6050323164, 75999.6062330008, 78999.6099927034, 79999.6110091629, 80999.612317563, 81999.6094955327, 93999.6291756509, 94999.6304534469, 98999.6357026463, 47499.3737073969, 52531.6251580482, 81486.4163357858, 132994.979219315, 52015.222518988, 48006.7271102779, 46499.558041431, 47499.5614059325, 48499.5631021569, 50499.565114622, 52499.5676720496, 51499.6090500867, 
54499.5709663685, 57499.5746551892, 59499.5773020079, 71499.6317228246, 79499.6021703128, 80499.6041969797, 82499.6069675339, 81499.5889712647, 102499.632171832, 104499.634490476, 141499.76013759, 138499.676964707, 47043.9523364473, 81381.8830115618, 76486.4731861232, 47486.5757100387, 52527.3619869519, 59011.1708423588, 46999.553534246, 51999.5597742535, 81999.5983941257, 96999.617242164, 133499.240486327, 50979.0523817688, 55989.0043982929, 88502.3982188683, 80998.7001904771, 48497.3593039326, 
58414.7390409969, 89960.6384708527, 51496.1769748712, 53006.6166235954, 60017.4418738782, 96503.7975045545, 52971.0905256122, 48519.0448903777, 68523.3216003999, 63486.7392419195, 47502.755705188, 105493.172798435, 142502.075161668, 79504.874511159, 67496.9313533138, 132507.127317864, 61975.774112314, 80501.3650385346, 76988.5093915137, 77983.7310160622, 54010.5357961711, 46499.5445514377, 51499.5509687494, 81499.5901339985, 98005.218509566, 107506.71182782, 101998.80663068, 79006.8461568439, 96999.1667280048, 
68994.0040224362, 125492.861846032, 54485.1881694589, 77486.3670124486, 52499.584009585, 133508.859370834, 58496.1317925248, 59031.8669957407, 97497.1958420118, 99040.5835856833, 107016.521876682, 81499.0109084928, 47999.5387555091, 48999.5407577176, 52999.5455747088, 51999.5731757665, 53999.5466579096, 54999.5485185273, 59999.5547692636, 81999.6248461939, 80999.581018405, 97999.6032258887, 105999.613397192, 116999.622325656, 82513.2633878058, 117990.540347909, 102997.258078764, 116989.604990459, 
47999.377496765, 46971.5748573476, 51990.4250216149, 47499.5309876529, 48499.5319936452, 50499.5348572452, 51499.5692997212, 57499.5441022441, 80499.5732143736, 81499.5740367044, 89499.5847751182, 98499.5955300331, 103499.601454664, 106499.592566444, 109499.609153383, 113499.614550648, 120499.622879394, 48624.576375938, 82989.9960240284, 82472.5419244254, 49037.1613038341, 103494.460058247, 78503.9252875447, 54007.9243000718, 42490.7199136214, 78997.8225695742, 56999.5350738587, 52992.3121871613, 
50997.8100457592, 106007.223535159, 56491.1900205901, 49988.5510733677, 81550.4259616639, 64505.1561094476, 83010.9616689915, 98485.4318595091, 63987.9068330312, 47990.5598384608, 49473.9877351848, 102003.238102904, 42964.1471862569, 48966.6101211505, 122497.170189925, 101499.583966578, 109012.439457892, 50461.7751480686, 131991.394829302, 133499.232950735, 81507.7033299971, 121501.378997973, 111459.9509215, 48999.5091466289, 57999.5206268877, 82497.1974773183, 64999.5295618856, 79999.5493663698, 
80999.5497092828, 81999.5347316749, 109999.586500836, 121999.658486338, 132494.248516534, 122481.982175741, 51518.6701230248, 42505.7853586515, 77007.2660176568, 52980.644450319, 132012.101419517, 48499.5014960803, 49499.50190931, 50499.5041056396, 52499.5061646504, 51499.5173404645, 55499.5104490817, 80499.5419200556, 82499.5444436902, 112499.582577652, 126499.623013848, 131499.631721538, 128499.602441796, 133499.608473797, 52001.8080590088, 82006.1265600407, 52481.6983226463, 56535.4496813864, 
78013.8336089626, 53493.5068692416, 52995.1840477493, 53995.3338537393, 82992.0193584431, 55995.4045990091, 82507.9720599009, 51485.6250120457, 128995.476763174, 48001.6293297848, 46999.4913716661, 51999.4982802803, 81999.5364719238, 83496.697759673, 79956.0867184801, 55010.9638399947, 128489.508121083, 48521.5209451774, 50994.4171261191, 107484.056781744, 82486.5196207734, 113486.506066799, 72990.8772083055, 52023.0267855665, 41977.4290393637, 52507.3540381854, 63997.1598088834, 50508.0884395735, 
47512.4665560871, 42487.7239653049, 83990.3575940467, 83476.9089670405, 41499.476157859, 51499.4891990507, 75500.7406929368, 53501.7335420037, 90496.6541305091, 54040.7285735868, 76483.8560691774, 41477.4595153425, 47477.3693786347, 87495.6508695865, 141496.902834028, 86504.5684570521, 40999.468673951, 46999.4691621317, 45999.4741830165, 67999.5032772683, 86999.6161650885, 96999.5426048767, 139999.593620158, 51979.7362764683, 68010.6850901945, 46982.8651117235, 52986.140961241, 97019.703541751, 82998.9358964553, 
36499.5319581982, 40499.4594766703, 46499.4925401472, 63499.4892666088, 67499.4939616732, 68499.4961790917, 83499.5144025767, 84499.5154150473, 92499.5258135572, 94499.5286732726, 98499.5335075194, 133499.576792156, 134499.577992912, 135499.579707667, 72000.1311873375, 47992.5101253418, 87513.2070414219, 85052.9996244358, 37991.3737391448, 83996.4246759713, 63978.1041999422, 53009.8874091348, 87973.9524822338, 137501.990739584, 40984.7863354757, 111485.635634194, 49002.197605513, 36999.4472561181, 
52503.1439083861, 86999.5118130902, 86486.8353842916, 88519.4911411116, 73001.2676444873, 51482.0783377346, 48461.0353608504, 106997.714727301, 88042.8836944131, 48979.8352788156, 85494.4089076873, 84004.1161502209, 37993.4438293232, 137007.381417, 87501.7702607214, 73978.7401611386, 51499.4588306295, 86499.5027015693, 136499.565482906, 138004.519915652, 39013.4764636764, 40570.0224354453, 86980.6260954952, 63493.304757419, 84460.4351381268, 88971.6816475438, 39464.9717245577, 74460.7655421626, 46482.3694439996, 
87507.4509372404, 35999.4306573756, 37999.4334930712, 39999.4357015928, 45999.4438323416, 47999.4465734893, 48999.4472246207, 70999.4754964197, 73999.479672607, 75999.4813440628, 83999.491474662, 84999.4934446001, 85999.494726181, 87999.4975406844, 90999.500534717, 95999.5072044618, 107484.373484731, 136999.554475543, 140999.56301701, 62501.2698819842, 52499.4896574244, 121490.441852149, 136483.180980242, 86491.8244917849, 91505.51229198, 107010.168063802, 47013.4037461122, 93023.6513143256, 91987.0475598313, 
47967.1087217713, 47499.4374930272, 48499.4397879262, 49499.4405130334, 50499.4419138161, 70499.4668762218, 84499.4853265695, 85499.4856039099, 91499.5779008148, 87499.4886008035, 88499.4902576171, 89499.4913095692, 92499.4944229564, 98499.5020791525, 106499.504668478, 107499.513639983, 116499.606012411, 139499.554024748, 108004.314007316, 71986.2402149066, 88005.2929440225, 52004.5500267493, 71501.4183348194, 85986.8848961908, 107478.811959027, 36510.5747569632, 83995.4642449729, 98489.8861898631, 
36999.4169533933, 51999.4355457248, 91999.4870448802, 106999.504800039, 131999.53650369, 144989.67713705, 100981.531886324, 40979.792809003, 89975.3482772261, 46003.8050550865, 92484.0669020265, 84976.6665312452, 36004.1296388432, 39967.1644054893, 87486.9547305498, 92507.9160156772, 107032.271003549, 116996.796026316, 54463.7499287678, 83490.3473852426, 88992.1127301529, 36499.4089112375, 46499.4210502179, 53999.4309337419, 53482.663452452, 106499.496711517, 85480.5197141822, 128986.787947392, 52944.5036152275, 
91996.6571945138, 55496.3573172214, 46528.1772172153, 37508.737271063, 71515.5921612997, 106505.743258967, 111506.9906, 121481.419008421, 38999.4043728514, 53999.4230777677, 54999.4239410385, 71999.4478988433, 86485.4155980339, 81999.5145662874, 86999.4485950833, 84999.4620491136, 85999.4637223082, 91999.5058149211, 88999.4670883017, 93999.4730878081, 106999.556185036, 101999.557085304, 104999.487381939, 107999.490451499, 111999.580411675, 118999.505023575, 139999.53064638, 107510.887440716, 92516.7074940577, 
78017.522102559, 113005.409645817, 112002.699243215, 33499.3893903866, 38499.3954798393, 39499.3967336053, 40499.3984262897, 51499.398129697, 53499.414587833, 64499.4286623215, 78499.4465658236, 83499.4520855527, 84499.4535936574, 85499.4555158084, 91499.4643188901, 90499.4610592443, 101999.561072209, 102499.476037523, 103499.477326828, 111499.473257132, 112499.488978988, 113499.490108659, 130499.511367955, 131999.847678445, 37468.7569879219, 86028.1751301046, 52533.2968541272, 51493.8262586473, 
82499.6635752665, 101005.09263474, 97512.5144729223, 93499.0538618127, 111501.712544554, 48471.400375085, 36493.2864651112, 112542.898787663, 47486.0682870233, 93980.2679406507, 83004.4514212925, 139986.962650646, 104009.702533231, 50954.3440499958, 112981.618404822, 51999.4054433806, 102485.089246195, 111999.480668681, 37972.5730268359, 93022.441002964, 90980.8890751377, 103487.455769578, 83489.5386480018, 52998.7787262723, 102981.960621465, 45009.1970861685, 104519.743881722, 93958.532742558, 46985.2575296517, 
27501.939447538, 37000.675219764, 128999.694160684, 48500.3179693781, 123504.19760194, 141979.812845896, 83994.3278259039, 139497.386011739, 82459.2733510835, 54451.1905105328, 106999.494689648, 36499.3775864048, 41499.3843880994, 46499.3900501039, 51499.3964691143, 47998.9035454579, 37998.9210838033, 47492.131761658, 38985.3848458426, 87012.1825142, 138998.739187163, 80503.8829662446, 39464.5045585791, 49442.8909726553, 37513.4414087143, 92490.8943031617, 36490.7813764764, 87507.702423851, 28999.3602414504, 
29999.3616866525, 33999.3664940605, 36999.3576331288, 34999.3681291016, 35999.3689849954, 38999.3726743087, 47999.3850266682, 48999.3857210586, 50999.3880309919, 47501.405686982, 83999.4303537374, 92999.4409335833, 109999.46186801, 139999.50003984, 82494.9188975329, 37994.2456477555, 23001.6123405956, 47980.5909041995, 111994.885828683, 23499.3455174072, 34499.3595577385, 38499.3645279258, 47499.3757833922, 49499.3783391295, 86499.4590926161, 91499.4721938297, 94499.4352474641, 98499.440159875, 106499.502545639, 
108499.453196429, 111499.481273805, 130499.480070998, 134499.485472986, 138499.490340127, 139499.4908234, 140499.491950499, 37070.1181764286, 33990.6989273066, 126498.014071045, 140000.718357083, 35996.9184796065, 138501.5927892, 127994.378852788, 66018.854934643, 47498.9922169195, 34990.2265808824, 36999.3546610177, 51999.3742059804, 141999.485983633, 48494.4552153694, 139015.779744375, 48012.8880323591, 134950.667806083, 107566.467462465, 133967.583160327, 22989.7278039139, 24006.3747952385, 36985.3996122293, 
49018.4380561141, 23463.5037090126, 133497.777581608, 32972.7976159779, 135505.590043696, 47994.71576933, 48474.3370798258, 36499.3464453667, 126499.458987657, 128499.462517899, 132493.985333726, 47492.4721827917, 44502.9724405175, 49456.3347671572, 132448.653464397, 37558.3723067511, 23999.3235697001, 33999.3361025276, 36999.3318076385, 117999.440998398, 128999.454809544, 134999.462176163, 142999.472592847, 142512.632570546, 112504.841429847, 36989.594055037, 31996.1735367589, 32970.167259858, 23499.3143237447, 
24499.3165258551, 25499.3176997527, 31499.3986627022, 33499.3274257695, 34499.3282090873, 37499.3326013405, 38499.3337144209, 39499.3352459837, 49499.3478354532, 57499.3575905245, 59499.3599877749, 94499.4044515053, 111499.510844508, 113499.428009866, 139499.460040783, 143499.464855154, 113023.749876735, 26480.3387140669, 138510.36845838, 48483.3575136354, 135975.885973717, 118000.688685128, 33672.4080014937, 31506.4235033747, 106002.572384428, 28971.1062465776, 138011.584511231, 33009.0423402209, 
139030.001601459, 32494.1496823914, 38000.9865594078, 34964.8275664989, 47957.4495538371, 31999.3178115273, 106999.411530077, 107499.412624695, 136999.448717173, 34004.7808723142, 98998.2566099474, 24983.5748378299, 47470.2068386944, 102500.593874342, 49037.3413048722, 26003.3732649311, 101496.743923456, 49939.1777530974, 32978.9129968761, 117997.911859314, 48546.5954351658, 47992.8342694119, 50454.2964738281, 33500.7696425905, 83478.0995071456, 99491.2885817308, 107510.022806785, 87003.1208667466, 
38493.1602863576, 118484.896893285, 34496.2739898022, 102015.401220895, 105494.308621105, 84498.4279902577, 26499.3028546292, 106499.403625126, 33988.3070009034, 99017.4583807737, 98486.0564554399, 139000.513091143, 107035.103162811, 59001.4356602505, 143996.942201146, 49460.3225720469, 42491.4941740716, 59488.1603921205, 25476.9724866394, 29478.4218151178, 35496.8896179944, 24485.3229393819, 32457.9213253157, 36522.1014862256, 24999.2933220994, 32999.3041865984, 33999.3054858753, 36999.3956024926, 
34999.3059869837, 37999.309616344, 42999.3164083492, 48999.3238755437, 49999.3253036626, 50999.3263202906, 98999.3866421739, 99999.3881591884, 100999.38936185, 130999.425881826, 138999.435437239, 106495.674765748, 122526.035532249, 107509.0436148, 97982.7924893899, 128000.675984585, 86993.5390245588, 31981.2219110159, 24499.2857264681, 29499.2920591384, 36499.3107366115, 32499.2948119938, 34499.2980008209, 35499.2989618387, 48499.3154505165, 49499.3168424061, 57499.3269715421, 56499.3931814115, 36979.1090094717, 
97499.376820473, 100499.380695945, 101499.386663685, 107499.388868611, 111499.450772412, 138499.42719204, 33015.0206700964, 133011.871447491, 34978.6539893774, 56516.0411188165, 38986.6264475128, 33002.750163137, 57493.6979858289, 118957.352170693, 38499.3240282917, 37527.2457446372, 82490.4081525123, 32497.9640333159, 28005.2971732868, 28486.3214744972, 122523.931719761, 118472.525439137, 31999.2870695824, 36999.2928013504, 82999.3516729623, 96999.3686621832, 33496.3645903561, 29961.2792690536, 
23499.5448216926, 27518.7138402797, 128500.664969479, 37993.0108288731, 35978.4030477339, 103964.82803047, 58505.4808871197, 59000.3534954134, 124001.192489096, 23513.4221853986, 94503.672032577, 31989.606912965, 121968.890825734, 32491.0336943772, 57494.4633304244, 72506.4558654176, 113982.811665857, 36988.4752950147, 113007.659231743, 38007.5992392953, 137490.442266388, 24291.3261873825, 36499.285419059, 56499.3098336169, 111499.378605305, 87011.3310716143, 145499.420048546, 33987.345590719, 56999.2829109039, 
138523.393652422, 33007.3268716037, 38991.3701093746, 142998.721650992, 34478.1548249479, 37493.6842599558, 137980.523581237, 87966.2571395822, 37481.1331700897, 151502.328739299, 36523.8603464877, 36999.3276773347, 34999.2753067529, 35999.2764193388, 37999.2786506731, 47999.2917774664, 56999.3705112832, 88999.3428722005, 93999.349724873, 94999.3502946291, 97999.3539582249, 110999.370542703, 57504.8463425748, 56503.4791702293, 57982.7869665846, 93018.6613261243, 56974.9873888111, 36992.0992923258, 
35499.2679701205, 36499.3152672835, 37499.2706879992, 50499.2866761563, 56499.3163547423, 57499.2957879007, 101499.440555437, 100499.349722703, 104499.354021695, 90000.091776968, 49021.6335744662, 52517.1697680289, 37997.9121766975, 57501.6108687827, 99004.1751214713, 48002.4436061904, 102996.401970255, 48506.3629005384, 118475.595173436, 36999.2621863587, 51999.2815525578, 56999.287127628, 91999.3313358594, 126999.374115506, 93494.362781194, 51485.0255311849, 55991.3356732205, 37477.1672555674, 
58500.3482077671, 58014.583192545, 139978.029837537, 56516.0644479794, 50963.4374917792, 49985.2685701353, 88476.6764209028, 35506.4697846351, 123499.742958996, 51996.6353225857, 53503.1349270968, 53023.6968545336, 129502.848888696, 124473.782345871, 99509.7099100873, 36499.2542040329, 46499.2671100926, 48984.2847239748, 51499.2725286605, 52499.2741815578, 56499.2797890482, 49483.6451544948, 91990.5959710563, 139442.389824573, 54052.3080504425, 34486.5971981836, 47999.1451037424, 50472.4030799698, 
55513.5807148255, 46511.7474339493, 56486.6904375674, 137525.294174101, 57477.6745970119, 47496.3758413661, 36515.0457447013, 26999.3236149317, 31999.2914854567, 39999.2505935896, 46999.3038524333, 50999.2645673594, 52999.2667583618, 53999.2678964287, 56999.3215228776, 54999.2698367722, 55999.2703792797, 88999.311708142, 91999.3548662858, 98999.3241929086, 125999.358091143, 127999.360547805, 138999.373900184, 127489.875867003, 92482.5749240145, 67973.9351204094, 56973.3093147269, 33001.9845243925, 
26499.2335497113, 32499.2335236212, 33499.2352210274, 38499.2410412906, 39499.2427298231, 46499.2885691049, 47499.2523483317, 51499.3196833385, 52499.2591167986, 56499.3411154719, 54499.2614629725, 55499.2621780066, 57499.2650377816, 98499.3160937289, 101499.399063291, 122499.345583241, 127499.351804879, 140499.368164713, 141499.454173043, 142499.370586857, 47016.0250414405, 127998.968282939, 51926.109463647, 55981.2018790385, 116512.141111046, 53989.5279894527, 126005.207829986, 36501.948130683, 
53513.2506850855, 126491.112621466, 26999.219369404, 52515.44882668, 56999.2561549628, 36016.9411850842, 26504.0254450347, 40970.5308608627, 124496.199101723, 128509.065826702, 30466.2102504969, 37974.3042080905, 123505.66054503, 26974.7657269603, 34010.2213213686, 56996.8753672373, 62933.5268083327, 48970.2971171038, 155480.527034697, 53493.2984063895, 52985.9562451802, 41995.4909579791, 128990.764496551, 37020.0519745918, 129477.640635012, 40490.2633800181, 126983.608442007, 31482.3007566892, 117504.573272469, 
26485.4785654349, 36499.679012401, 26999.1884633591, 35999.2152764797, 36999.2402846813, 41999.2370425407, 61999.32886374, 98999.2935943985, 154999.361513788, 155999.363356484, 141537.018670564, 52009.7025110647, 42011.9530151086, 27499.1963497819, 28499.1972510768, 32499.2030231645, 40499.2132719746, 45499.2193757026, 49499.2242629044, 52499.2273856243, 124499.317218806, 140499.336849282, 32513.967506906, 45979.6519805305, 53972.562105177, 52992.6901964182, 49001.2167244451, 123990.106695203, 156999.348359291, 
142503.054257893, 129972.075948455, 39993.708733635, 53476.2393977307, 47503.002674845, 47981.5885305516, 75009.8453278607, 46497.8190817907, 140973.557689355, 142983.071844778, 33991.2663572766, 131499.310176013, 132999.311459145, 140448.901191047, 49004.2302241037, 48007.4803737355, 38507.5130465291, 35493.3707678048, 122010.898159104, 122508.540234502, 27999.1739366874, 32999.1806249721, 33999.1818871144, 115999.283382133, 32494.5731607331, 132498.207455116, 118499.279064114, 120499.280644245, 
132499.295987187, 134499.298381493, 139499.30428224, 133000.619943698, 38512.2185303867, 118975.584947237, 135972.416578712, 136466.19661826, 136999.293543936, 134998.78413264, 135471.599658864, 119472.071824371, 124509.608837128, 129459.22530311, 44497.8197183106, 36482.8873234503, 29999.1451628059, 39999.1587556507, 40999.1597726736, 117999.254757583, 133999.273987926, 121504.011060028, 40499.150895739, 44499.1564329406, 46499.203791257, 116997.14729146, 145974.16005642, 91517.9976144005, 36999.1390977306, 
141999.268581935, 137988.498035318, 108025.649486641, 143002.273572219, 119452.388713404, 132006.337073462, 40462.714121432, 142501.815108529, 136999.258312253, 141499.263678662, 143499.24692189, 141977.46317893, 142998.328373081, 142514.194471986, 144046.352829774, 143485.165590249, 136993.31538451, 110482.916834353, 144493.434869682, 135481.776865604, 111496.699601074, 141498.884899016, 141999.247886514, 143999.22372374, 144999.224901713, 154999.237497938, 155999.238934753, 143499.215952991, 144499.217002749, 
156499.254561746, 160499.235771858, 146009.298320257, 113485.392602292, 139013.898995535, 144971.749578724, 139941.505807492, 145496.983065262, 140456.63890093, 156499.215762313, 128501.505184753, 122006.59457715, 143520.494940112, 142471.037636055, 141999.219067427, 142999.191577109, 143999.193253647, 144999.194606515, 154999.205852983, 141510.517242538, 142482.858566032, 140499.180432302, 147499.18922526, 149499.191798061, 158005.909836971, 148467.431069152, 143005.297909567, 140970.830921428, 
119962.9033891, 143007.717887067, 150499.231530352, 116499.135909013, 131499.154859092, 148499.174931395, 142452.78892534, 142488.066164802, 98999.1072137179, 113999.125210905, 116999.199201276, 148999.167967341, 155999.175882944, 117508.104631772, 142975.818451218, 154499.166470101, 155499.167842444, 144011.043476257, 146482.407918704, 137981.976289536, 145987.423470186, 153007.455421905, 146999.150190231, 104014.509725574, 149439.929244136, 98011.872662331, 143524.415079748, 133015.157204608, 142983.210674518, 
96998.075026162, 104999.084177261, 143999.130910843, 147999.135182407, 149999.137598778, 146982.933080439, 98499.0676598707, 103499.074114477, 131499.1029135, 145499.124941719, 146499.135284375, 101975.16020829, 110997.613978292, 146999.118215126, 111499.068674146, 122501.426125175, 110999.059776636, 119499.062532908, 132995.473252614, 118503.366545619, 118998.452274273, 133499.140146339, 131499.061266035, 114471.35508131, 111464.04697353, 133004.61727991, 118988.794741207, 118521.806578866, 117983.985671625, 
131478.250612578, 132002.944201075, 133013.16017195, 132499.584160314, 118986.802377422, 128979.325083832, 124999.014824319, 126498.224049103);36,8444055944056
0,25;"q25";2288;379;114400;18950;c(76499.7219244273, 78499.7167184974, 78499.724622868, 79499.7141480045, 82499.8476909094, 84489.535067306, 85498.7629298099, 85499.8126800694, 85525.7147379323, 89498.7390976585, 89499.7708637128, 89499.884512682, 91499.8400844727, 93499.8505744025, 93499.8898440743, 96499.7251074822, 96499.7800358231, 97492.4850373429, 98499.9144671046, 98499.9161019883, 98515.4842427764, 99502.5384656455, 100490.830269962, 100499.871611329, 100513.280220764, 103499.605252567, 103508.654832955, 103510.710246326, 
103522.533816902, 104499.633919174, 104499.735774646, 104499.759261366, 104501.969853122, 104503.798377776, 104517.310931417, 105499.733162758, 105499.76449813, 106499.743266259, 110499.735830515, 111483.128967365, 111492.028125914, 112496.424593838, 112503.816299346, 112507.59738998, 112511.632231765, 113465.369319189, 113499.641971889, 113499.649805197, 113499.657617327, 113499.716342404, 113499.743742847, 113502.908655986, 113513.091558131, 114499.623759878, 114499.731739258, 115483.286099656, 
115499.918812716, 115499.973788247, 115531.885543873, 116480.18411923, 116499.751583564, 117499.738567064, 117499.85866234, 118498.888687217, 120499.756880138, 120499.8821953, 120513.691858248, 121482.650476036, 121499.874043451, 121499.887460191, 121508.387190209, 122499.869155947, 122499.892696054, 123497.566856567, 123499.893954736, 123505.507096482, 124486.98656032, 124499.730801806, 125499.689103052, 125499.736029988, 127490.007583423, 128492.306851549, 131499.853480078, 132499.584956003, 132512.873567014, 
132519.778758972, 132526.058102387, 133499.35627017, 133499.364049657, 133499.549415935, 133499.605775003, 133511.334917009, 134499.470529558, 134499.478365466, 134506.503042827, 134514.647168477, 134532.592077656, 135496.040896239, 135499.467991403, 135499.475789627, 135499.686584831, 135499.788244684, 135499.866492674, 135504.160987114, 135510.112812538, 135513.14111728, 136492.640660513, 136493.536707126, 136499.332940351, 136499.465433536, 136499.667057281, 136499.668338399, 136499.879535382, 
136500.789059705, 136513.519185114, 136521.87490049, 136523.41354492, 137479.775308777, 137480.912354853, 137486.739478218, 137496.172691665, 137499.340049807, 137499.377110568, 137499.47526125, 137499.478398013, 137499.492802181, 137499.52518267, 137499.657926709, 137499.673569322, 137499.892586992, 137511.011293888, 138494.623269623, 138499.366737912, 138499.374545592, 138499.382296397, 138499.475838301, 138499.487853515, 138499.91804325, 138519.650408233, 138520.774442674, 139483.893298394, 139485.021013374, 
139492.87169726, 139498.402227028, 139499.356383547, 139499.368053787, 139499.371952622, 139499.481061857, 139499.496635971, 139499.676177808, 139499.691761987, 139503.239071335, 139506.422705617, 139508.493736814, 140485.21851548, 140486.368737095, 140496.175403031, 140499.431691667, 140499.478468886, 140499.486271814, 140499.595487379, 140499.63450321, 140499.665743805, 140502.322909336, 140505.34195261, 140509.27928165, 140517.901662488, 140530.535151915, 141469.651730388, 141483.589227063, 141489.513694568, 
141499.429144334, 141499.475255227, 141499.491487736, 141499.499227748, 141499.507061419, 141499.552970087, 141499.663111518, 141499.678793833, 141499.929134075, 141499.952639773, 141500.394129222, 141504.559392224, 142482.711251032, 142485.687650445, 142489.403375236, 142496.813512109, 142499.372034159, 142499.380169122, 142499.426045387, 142499.442151634, 142499.496655347, 142499.598078017, 142499.603389489, 142499.762105327, 142504.326504412, 143474.729263776, 143483.773406941, 143483.966438919, 
143494.314756699, 143496.478010828, 143496.596320701, 143499.114843314, 143499.361680644, 143499.43956509, 143499.486319517, 143499.494114139, 143507.695451282, 143508.112436683, 143524.91047308, 144486.914438167, 144489.858752768, 144490.758204276, 144492.875870574, 144496.236311109, 144496.94421012, 144499.277204692, 144499.374634881, 144499.436961086, 144499.452547025, 144499.460339879, 144499.733110647, 144500.452607327, 144503.047409956, 144503.511585977, 144522.5613257, 144524.976710438, 145487.585308431, 
145495.199884731, 145498.525738857, 145499.340936595, 145499.35620133, 145499.356499188, 145499.372081767, 145499.379871956, 145499.387685864, 145499.421322623, 145499.426612773, 145499.434357278, 145499.449990431, 145499.457737295, 145499.465557926, 145499.512323364, 145499.644907963, 145499.660510984, 145499.663861298, 145499.668356456, 145499.691788294, 145502.704018341, 145505.850322371, 146465.530048379, 146483.016588561, 146486.182150322, 146494.097830918, 146499.226286519, 146499.369483122, 
146499.408404868, 146499.431770589, 146499.440856258, 146499.447378829, 146499.45514951, 146499.462946278, 146499.52533389, 146499.572091508, 146499.689139865, 146499.690527443, 146499.853386686, 147482.555721667, 147490.152513187, 147494.448878325, 147497.100939736, 147499.351360254, 147499.530500676, 147499.686590548, 147499.952517013, 147518.823081268, 147520.796522119, 148486.262152502, 148492.06170346, 148492.964809167, 148493.547447636, 148499.364363616, 148499.379918843, 148499.44220342, 148499.488937867, 
148499.676154459, 148499.683946812, 148499.723052574, 148502.020039034, 148504.206605343, 148504.590671064, 148505.902674201, 148513.52251792, 149499.346262822, 149499.361806545, 149499.377317198, 149499.431864711, 149516.638291396, 150491.072355673, 150496.322710241, 150499.35920318, 150499.374738518, 150499.444993644, 150499.452625316, 150499.468200231, 150499.499331966, 150499.546123829, 150499.692113173, 150500.013120454, 151473.770613168, 151474.441356383, 151495.737888566, 151496.823935029, 
151499.387734436, 151499.41886987, 151499.426691538, 151499.457840564, 151499.465593252, 151499.47337473, 151499.488952869, 151499.668325603, 151500.638301846, 151505.041945898, 151507.641473989, 151509.353047987, 151513.314912069, 151518.713260434, 151568.842286066, 152415.323576495, 152429.765034832, 152480.890182904, 152483.505811591, 152484.743367377, 152486.995220887, 152489.547494839, 152493.567161082, 152494.866214262, 152498.007363265, 152499.346293324, 152499.385208081, 152499.392926133, 
152499.408525186, 152499.455260263, 152499.463034449, 152499.486392364, 152499.494141358, 152499.64229396, 152499.782884006, 152500.985486211, 153478.758219667, 153499.352469834, 153499.359252793, 153499.367031201, 153499.444838253, 153499.462066373, 153499.476009772, 153499.499400592, 153499.507355066, 153499.522771702, 153499.546119524, 153499.661035985, 153499.663146264, 153499.670922814, 153509.424531428, 153510.497974703, 153514.048880816, 153516.009859254, 154485.000863082, 154494.657229894, 
154499.341101938, 154499.394164384, 154499.439452525, 154499.449812423, 154499.465623486, 154499.481196655, 154499.496748886, 154499.504605736, 154499.512350009, 154499.543550271, 154499.551298434, 154499.637100033, 154499.676125878, 154500.004602111, 154500.012439025, 154505.092128788, 154516.465766475, 155462.765353612, 155468.132127246, 155478.896701441, 155482.968116249, 155483.982508418, 155491.968284763, 155499.385181139, 155499.431912085, 155499.478596573, 155499.49419586, 155499.509774942, 
155499.689131396, 155500.009815845, 155500.32123986, 155506.812357697, 155513.280734404, 156487.861116995, 156495.377278041, 156495.867811363, 156495.940373325, 156496.748981692, 156499.390435722, 156499.429308895, 156499.491615855, 156499.507172312, 156499.574345523, 156499.68652302, 156500.022854144, 156509.227334576, 156510.8587166, 157471.211327746, 157480.157504349, 157497.331074775, 157499.356734273, 157499.372243732, 157499.387828752, 157499.390210349, 157499.395604927, 157499.473408145, 157499.481202938, 
157499.496389982, 157499.512338606, 157499.52014647, 157499.551330047, 157499.660526305, 157499.683908508, 157501.478478847, 157507.009056308, 158455.360028432, 158479.083467101, 158486.088887639, 158491.967022841, 158499.361890007, 158499.379207146, 158499.393025067, 158499.400775307, 158499.408563502, 158499.459936979, 158499.47085484, 158499.486447584, 158499.5019569, 158499.509759291, 158499.51759237, 158499.543533449, 158499.548739841, 158499.556511628, 158499.693334936, 158499.696932559, 159491.243429928, 
159494.02732343, 159494.426306157, 159498.991672069, 159499.514990866, 159499.702080105, 159516.197869358, 159525.615144467, 160483.703418993, 160498.694080638, 160499.473415207, 160499.621463908, 160499.894831632, 160505.72454003, 160508.10610117, 160512.620914429, 160524.436783764, 160538.976975908, 161489.229689097, 161491.719741554, 161492.136238503, 161499.393042721, 161499.400793818, 161499.408586608, 161499.41641814, 161499.486449852, 161499.517589325, 161499.587701143, 161499.603299339, 161499.704665883, 
161500.527998372, 161509.768142669, 161553.517715912, 162487.966248076, 162499.390488515, 162499.40605336, 162499.413828292, 162499.490810068, 162499.491603326, 162499.507221624, 162499.518070287, 162499.60848026, 162499.631861649, 162499.639660792, 162499.660442705, 162526.926324532, 163486.670151971, 163486.71944962, 163488.943120331, 163493.774794424, 163494.755510979, 163499.387889074, 163499.395661602, 163499.465672221, 163499.48126666, 163499.520197956, 163499.668257368, 163499.70723805, 163499.766609913, 
163500.968495362, 163502.236038892, 163504.556831455, 163507.494680601, 163507.777754202, 163507.931927707, 163514.079322055, 163514.521183355, 163516.612493417, 164473.972534412, 164483.439540404, 164488.470750364, 164490.1621185, 164499.385264155, 164499.424177982, 164499.431956076, 164499.517599022, 164499.634473141, 164499.657856506, 164499.681237155, 164499.696887824, 164499.704671474, 164499.774925421, 164500.302475114, 164507.251321304, 164517.394814392, 164521.130480255, 164525.57337258, 
165474.992629297, 165489.131869238, 165490.747952563, 165495.944380503, 165499.374953695, 165499.40606258, 165499.413845222, 165499.431213874, 165499.437158622, 165499.491642516, 165499.522744236, 165499.676686382, 165499.694212983, 165499.703450848, 165499.733281306, 165499.744306709, 165500.046063303, 165503.790554848, 165505.896305036, 165518.667937715, 166485.75722727, 166489.786790602, 166499.395644995, 166499.411255656, 166499.419024716, 166499.43454446, 166499.456395636, 166499.496841812, 
166499.512373034, 166499.596838273, 166499.691621551, 166499.713418519, 166499.746262587, 166499.785285818, 166502.77112132, 166509.277174312, 167480.441509801, 167480.86999857, 167486.227145739, 167494.551631146, 167499.408617334, 167499.431948138, 167499.48642673, 167499.509780452, 167499.579884707, 167499.688659658, 167501.814030855, 167502.970748891, 167504.954984665, 167505.004225524, 167505.406462097, 167506.009467962, 167506.140107728, 167512.212220225, 167513.434539585, 168478.874598246, 
168482.205091298, 168482.983664935, 168495.949198003, 168498.327750749, 168499.390505062, 168499.406019136, 168499.42939009, 168499.437172724, 168499.452735092, 168499.507147767, 168499.514986046, 168499.62402724, 168499.639603998, 168499.701985732, 168499.80778393, 168499.983289967, 168500.215072205, 168506.932807592, 168510.303117019, 168522.438375392, 168523.357170551, 169475.619028825, 169491.591590195, 169499.358408662, 169499.403768741, 169499.442318455, 169499.450139613, 169499.461684103, 
169499.533412146, 169499.566859074, 169499.582461926, 169499.595471886, 169499.699394007, 169499.932437477, 169502.526284279, 169504.262761029, 170489.730789749, 170491.310854093, 170492.227901369, 170499.416390471, 170499.463067047, 170499.478624141, 170499.51752508, 170499.569922834, 171483.017107238, 171487.288001926, 171491.452895305, 171496.841350651, 171499.592793143, 171499.850257113, 171500.146210559, 171507.98540556, 171513.68420293, 171517.490836603, 172466.521787403, 172475.365403665, 
172476.793623942, 172499.442327551, 172499.450103593, 172499.629145202, 172499.644768839, 172499.707142592, 172507.607411034, 172512.627654192, 172517.301521789, 172517.54575805, 172520.472355517, 173499.509733625, 173499.525310493, 173499.57979585, 173499.626589654, 173499.774767456, 173503.103539245, 174499.530520557, 174499.662878982, 174499.795794818, 174513.565623624, 175499.527892675, 175499.574584725, 175499.582393645, 175507.997174995, 176486.248830155, 176496.448573789, 176499.533055042, 
176499.540866081, 176499.595336431, 176499.930882175, 176500.196367069, 176506.912958233, 176517.661498482, 176548.349731177, 177499.584935616, 178496.993125807, 178499.535641356, 178499.543420669, 178499.58236689, 178499.699252708, 178499.717736365, 178499.746044388, 178499.784994795, 178499.841817459, 179457.668768285, 179496.981065127, 179499.540807486, 179499.564197378, 179502.536272101, 179505.265120111, 179505.305087849, 179513.075775001, 179514.249917455, 179524.574510925, 179577.443634113, 
180490.866097657, 180499.561579407, 180499.600466492, 180499.779739804, 180499.977147029, 180504.471957135, 180508.359008528, 180513.464510074, 180518.317131084, 180521.33031195, 181493.236003624, 181499.558994427, 181499.582319644, 181499.693944775, 181499.792755564, 181502.531158558, 181509.798885257, 181523.531051445, 181536.681765976, 182491.601235854, 182496.18726882, 182499.424140099, 182499.462993513, 182499.579703438, 182499.626406913, 182499.649792924, 182499.657547148, 182499.668673345, 
182499.696533836, 182499.704328056, 182507.668158633, 183474.906438468, 183482.630446159, 183485.091887456, 183487.888754472, 183488.29682378, 183491.187609207, 183497.094124395, 183499.452689951, 183499.569311572, 183499.725081924, 183499.842085432, 183500.988479103, 183502.088405518, 183503.190897467, 183504.861416233, 183507.852650023, 183520.161011471, 183538.663660957, 184398.326077757, 184485.156289913, 184486.110840836, 184488.961011684, 184488.993130912, 184491.530597781, 184497.132720121, 
184498.475976879, 184498.689592661, 184499.128648476, 184499.566733614, 184500.003585333, 184500.605988181, 184502.859035689, 184506.985915241, 185499.237947458, 185499.478555647, 185499.548498434, 185499.587427488, 185499.634175435, 185499.652274079, 185499.978810544, 185512.230375846, 185519.677904136, 185519.708902734, 186495.458453072, 186498.8061729, 186499.266381506, 186499.274132821, 186499.317371723, 186499.382757009, 186499.522608508, 186499.61598869, 186499.623728457, 186499.709459048, 
186499.732823952, 186499.740635474, 186499.748374457, 186502.192788502, 186505.670408546, 186506.316496125, 187447.841428312, 187468.021109515, 187473.528398173, 187489.245580782, 187490.246863768, 187492.40355516, 187494.175363459, 187495.252499754, 187496.337339529, 187496.637144316, 187496.668690461, 187499.271505776, 187499.380129011, 187499.769182161, 187501.26376476, 187502.176728856, 187502.753622712, 187504.115433405, 187504.355618044, 187504.97596818, 187505.999432105, 187508.979963157, 
187509.522506412, 187510.410716752, 187511.710828195, 187521.582336667, 188464.664155017, 188468.267400785, 188491.787407195, 188491.848846665, 188493.508920611, 188494.030138317, 188499.626286648, 188499.735325684, 188500.325124265, 188504.887467618, 188505.943869209, 188509.358571562, 188518.44199011, 188519.108525986, 188524.599304971, 188524.86468836, 188572.42325928, 189474.069489376, 189489.592109563, 189495.202684595, 189495.827182798, 189499.22653617, 189499.24312991, 189499.274081483, 189499.315078695, 
189499.437034471, 189499.474548997, 189499.483712989, 189499.530307624, 189499.545849464, 189499.670413433, 189499.748297639, 189499.756102718, 189499.763909654, 189499.802934202, 189499.857516467, 190474.166697417, 190485.040971011, 190498.165670702, 190499.083044892, 190499.248239314, 190499.250411848, 190499.27929804, 190499.287059397, 190499.349099436, 190499.426697384, 190499.434455241, 190499.465509975, 190499.481107436, 190499.488823181, 190499.52773727, 190499.5433002, 190499.55955948, 190499.582307704, 
190499.605532347, 190499.698940699, 190499.722290295, 190499.761264706, 190499.831443858, 190499.839258122, 190500.327862865, 190510.728879864, 190518.733148269, 191478.707147339, 191478.820295221, 191490.494988187, 191491.823909764, 191493.76503946, 191498.54914048, 191498.705562651, 191499.540650769, 191499.579547446, 191499.852286659, 191500.180538925, 191502.742101627, 191508.162898166, 191508.235506029, 191508.852371477, 191540.539237959, 191547.386577539, 192483.551218335, 192484.739138467, 
192486.755878213, 192491.535811164, 192495.054991538, 192495.89507045, 192496.119631113, 192497.852948232, 192499.771595459, 192501.505217363, 192502.185644535, 192505.299501324, 192505.593655598, 192506.883021148, 192507.532916447, 193479.035302032, 193483.180301007, 193484.532746732, 193499.263779807, 193499.277160928, 193499.294796709, 193499.449997616, 193499.535443566, 193499.566523989, 193499.597692476, 193499.628814802, 193499.722241576, 193499.768983264, 193499.792394035, 193499.803923249, 
193499.83133629, 193499.885967601, 194487.436818075, 194487.4676058, 194492.288843884, 194495.650588711, 194498.072556808, 194499.007888266, 194499.253415372, 194499.255536621, 194499.274287078, 194499.284470542, 194499.400802292, 194499.428375358, 194499.431843182, 194499.447363078, 194499.455158414, 194499.548347432, 194499.734603888, 194499.781928846, 194499.79753673, 194499.894312446, 194507.114098905, 195483.871446027, 195487.850042422, 195487.995103093, 195490.18182097, 195490.87570218, 195490.993763062, 
195491.312907461, 195494.661146259, 195499.274115854, 195499.468046822, 195499.779279479, 195499.89085645, 195501.010478558, 195502.524575922, 195502.850358406, 195507.331538702, 195507.62214858, 195510.854529566, 196448.464152459, 196466.379401259, 196479.442460216, 196489.75838242, 196493.434232965, 196494.811714564, 196496.488154075, 196496.769351422, 196498.496189029, 196498.601844216, 196499.815622744, 196504.585948382, 196506.228979511, 196506.432887046, 196507.467815441, 196512.283354558, 
196515.905476277, 196519.57939314, 196520.144380671, 196520.57304829, 196524.942895331, 197485.268031895, 197486.499325266, 197488.352459906, 197494.053960051, 197499.268953634, 197499.284396861, 197499.299947243, 197499.424017675, 197499.441662641, 197499.455107825, 197499.517244385, 197499.610505147, 197499.61829233, 197499.720206435, 197499.798632446, 197502.347160792, 197522.031713247, 198491.515412871, 198498.078760065, 198499.250820282, 198499.258574758, 198499.435338265, 198499.444690519, 
198499.452489368, 198499.46022967, 198499.467260108, 198499.475772003, 198499.725632038, 198499.794819681, 198499.825978797, 198499.84157679, 198510.360235609, 199482.902374444, 199486.778347885, 199487.798352469, 199489.235926127, 199495.211238961, 199497.425552182, 199497.906557446, 199499.403282809, 199499.823314348, 199501.048215005, 199501.867957971, 199506.864802076, 199508.28017244, 199510.309132611, 199516.647271754, 199520.322391903, 199525.965040459, 200459.071275477, 200482.774933409, 
200489.141162857, 200496.378248236, 200496.771509138, 200499.237957677, 200499.430358244, 200499.431769123, 200502.805073286, 200503.212889627, 200504.647163357, 200507.880074888, 200525.375382683, 200540.606681173, 201490.659746303, 201491.939756547, 201492.696920883, 201492.820090012, 201499.297298985, 201499.305088515, 201499.32827623, 201499.429138872, 201499.444653452, 201499.45243666, 201499.460226906, 201499.48360244, 201499.515661579, 201499.561144203, 201499.615582682, 201499.807187087, 
201501.068412985, 201508.579031053, 201512.373584667, 202491.563307562, 202499.232748136, 202499.248254851, 202499.372228878, 202499.395239393, 202499.416538014, 202499.442020977, 202499.465378136, 202499.558532933, 202499.566308964, 202499.571713783, 202499.597410703, 202499.620784991, 202499.846622419, 202499.877803904, 202509.561178079, 202537.901426013, 203473.99898519, 203480.563384207, 203483.500470261, 203483.830052881, 203489.207938391, 203492.598691383, 203497.695808103, 203498.576012558, 
203499.245637077, 203499.477500623, 203499.47825622, 203499.594829312, 203499.606463623, 203501.023153352, 203501.842404126, 203502.827409508, 203507.008956141, 203510.182646177, 203511.819012227, 203512.328583652, 203515.917699001, 203522.0757251, 204367.059051283, 204438.78969457, 204479.41428958, 204479.462287663, 204479.669127793, 204486.597612916, 204488.918137965, 204489.306478887, 204492.735341029, 204494.369199626, 204496.550429651, 204499.444583219, 204499.55333823, 204499.769168523, 204499.825745532, 
204500.169893881, 204506.089899132, 204508.537631911, 204509.983863143, 204511.157541569, 204530.092426426, 205463.802091434, 205477.879982931, 205487.192286107, 205496.635806168, 205499.082578698, 205499.201809676, 205499.224988035, 205499.240449151, 205499.310166602, 205499.426495472, 205499.434277144, 205499.457519711, 205499.465300419, 205499.473018089, 205499.480931616, 205499.574044239, 205499.581763727, 205499.612900978, 205505.436289478, 205522.566563108, 205545.458515697, 206491.920026097, 
206493.236013558, 206495.031236289, 206499.200967441, 206499.214710758, 206499.222428293, 206499.23790971, 206499.253412905, 206499.26365003, 206499.268846065, 206499.292096498, 206499.307627076, 206499.388628555, 206499.462717358, 206499.470406906, 206499.485975356, 206499.500641664, 206499.641387414, 206499.656915801, 206499.921616993, 206499.92180968, 206500.876909261, 207400.51250402, 207489.958841267, 207494.767030319, 207496.32309378, 207498.200787882, 207499.212119378, 207499.250810733, 207499.48334036, 
207499.599907585, 207499.886576504, 207501.88943254, 207501.971544685, 207504.742544162, 207504.879003274, 207505.452343088, 207508.584107293, 207511.90003939, 207512.246425652, 207512.33944439, 207513.683185962, 207515.906239265, 208461.51148984, 208469.142414162, 208473.586166266, 208479.275150418, 208484.292593469, 208485.527462594, 208485.533347181, 208487.125627946, 208490.167558698, 208491.524242866, 208492.035886508, 208492.641644805, 208493.444906038, 208494.900738256, 208499.173446253, 208499.209486456, 
208499.248234151, 208499.480722578, 208499.540481435, 208501.760674363, 208503.108867472, 208504.072004761, 208505.364387956, 208508.917212407, 208509.872133843, 208511.039117306, 208511.555484207, 208513.488080749, 208513.731120816, 208518.900581977, 208522.09071262, 208528.433473446, 208529.162058614, 208544.184288964, 209483.99333152, 209499.222403058, 209499.230114789, 209499.261071859, 209499.264213736, 209499.268855439, 209499.276563656, 209499.315280339, 209499.448757783, 209499.478149409, 
209499.610140055, 209499.672368532, 209499.760115861, 209505.873137589, 210480.137206448, 210482.859831328, 210487.764837876, 210490.81693589, 210491.050905005, 210497.464491829, 210499.219833088, 210499.227523306, 210499.243025202, 210499.275461231, 210499.297192077, 210499.475539452, 210499.503064327, 210499.545399023, 210499.615336619, 210499.654226601, 210499.662722849, 210499.700873079, 210499.732018253, 210499.786529792, 211423.226299276, 211468.265245268, 211468.951951947, 211482.70473242, 
211485.004025588, 211488.05697197, 211495.176300042, 211497.005720611, 211499.188200599, 211499.294661491, 211501.106474324, 211504.684446554, 211509.006024366, 211511.140301907, 211511.8305973, 211547.244210158, 212476.751391318, 212483.616979592, 212484.714883193, 212485.400322172, 212490.709369749, 212490.815810317, 212492.245913169, 212496.842063269, 212497.25077895, 212498.621441763, 212499.641143809, 212500.512039333, 212502.327740281, 212505.590094905, 212541.384560048, 213494.258641696, 213496.276092836, 
213496.418276351, 213499.235272286, 213499.304958294, 213499.339869709, 213499.359164189, 213499.475459111, 213499.483210018, 213499.48521605, 213499.70852919, 213499.803880801, 213504.065830645, 213508.497998784, 213516.481191555, 213520.764664336, 214475.011820122, 214483.497017868, 214489.591268652, 214499.232644126, 214499.240446535, 214499.248110386, 214499.263609439, 214499.28318551, 214499.286803249, 214499.480569242, 214499.496094754, 214499.729267981, 214499.802563649, 214499.843596233, 
214499.853814389, 214499.892832473, 214504.602870431, 214508.540160814, 215484.954188387, 215485.369820788, 215485.752700447, 215485.949375976, 215486.871955663, 215489.591411688, 215491.844273746, 215494.58442775, 215495.805437564, 215497.233026346, 215497.947196503, 215498.045360566, 215499.222338881, 215499.261022655, 215499.493504758, 215501.162932448, 215501.821608557, 215502.914653238, 215502.96102032, 215505.229633723, 215506.927233899, 216469.422279913, 216473.463431265, 216474.232215132, 
216479.888836499, 216481.058131226, 216481.171456442, 216481.659685351, 216487.921184165, 216488.375243085, 216493.840336201, 216494.535909131, 216494.749099857, 216495.948565284, 216499.181101276, 216499.258434178, 216502.547901174, 216503.135473299, 216530.522834887, 216543.591552482, 217475.573123674, 217480.108286154, 217483.947664942, 217484.666823361, 217495.661776089, 217495.834197528, 217499.178509665, 217499.20651523, 217499.217144768, 217499.387477611, 217499.56025561, 217499.640118818, 
217499.947246151, 218461.872025878, 218467.7332811, 218477.069686849, 218483.262511639, 218490.044587092, 218492.926169907, 218499.145470796, 218499.175955183, 218499.193864871, 218499.35386461, 218499.384876947, 218499.39257412, 218499.508964155, 218499.516680423, 218499.57882658, 218499.594340997, 218499.625397643, 218499.89778093, 218499.905599879, 218499.913357426, 218500.292488442, 218508.119980509, 219458.158465001, 219467.509349676, 219478.663223561, 219480.612647813, 219486.34506131, 219486.812728967, 
219492.414113575, 219496.38352055, 219497.452412864, 219498.052313605, 219499.072416253, 219499.150142997, 219499.165099031, 219499.537374705, 219501.289678125, 219503.516261183, 219505.381350853, 219505.672617503, 219507.908071553, 220405.924077035, 220451.732429388, 220476.156989694, 220482.334526019, 220495.02384867, 220497.303569864, 220497.536870171, 220497.699053709, 220497.994960148, 220499.263540125, 220499.534730803, 220499.923649523, 220502.599440278, 220504.608226014, 220504.697781295, 
220514.495609312, 220517.700634115, 220522.11920341, 220524.823119329, 220528.631743561, 220568.007516548, 221484.091810695, 221488.143906341, 221499.144982226, 221499.160453419, 221499.175872647, 221499.222247185, 221499.237700105, 221499.245472246, 221499.415798625, 221499.439002065, 221499.454550521, 221499.51662499, 221499.524337503, 221499.532144877, 221499.547643629, 221499.570941703, 221499.609718478, 221499.736560121, 221499.921657734, 221499.959965715, 221501.48339364, 221507.056222829, 
221507.839675856, 221509.352213938, 221518.854477628, 221527.263809621, 222472.789244581, 222483.433160166, 222483.638573883, 222493.301784217, 222496.535858311, 222499.23517535, 222499.242837792, 222499.250641641, 222499.258337376, 222499.413207192, 222499.521744535, 222499.529518089, 222499.534771341, 222499.544997615, 222499.552783846, 222499.560511485, 222499.583837129, 222499.630417008, 222499.679862305, 222499.700401883, 222499.769086399, 222499.949547015, 222505.431029042, 222508.276160485, 
222509.223110623, 222510.821726846, 223478.318327565, 223488.023148871, 223488.10861406, 223489.884516037, 223492.809890934, 223492.961723483, 223499.15526283, 223499.271224348, 223499.581169258, 223499.697728999, 223499.892318625, 223500.283071815, 223501.867443983, 223505.846980098, 223506.502156019, 223510.235584829, 223512.28746132, 223523.194677834, 223524.067894194, 223536.279458993, 224456.158084038, 224472.319911323, 224480.353951251, 224485.716261975, 224489.273136419, 224492.156197418, 
224495.500672186, 224499.152695958, 224499.22992352, 224499.287947864, 224499.424442409, 224499.695127672, 224501.191881834, 224503.717067308, 224508.008541534, 224511.387322587, 224520.30107283, 225467.437571833, 225476.201828273, 225485.75985133, 225490.526062019, 225490.750679104, 225498.59003846, 225499.173287806, 225499.289257917, 225499.296996634, 225499.426989524, 225499.442317159, 225499.468410982, 225499.505182618, 225499.52940574, 225499.537134867, 225499.549430726, 225499.560420216, 225499.599218503, 
225499.663926878, 225499.664891204, 225499.684674883, 225499.708026831, 225499.741581117, 225499.793595396, 225499.957137211, 225512.540991675, 225518.926614594, 226487.775212751, 226489.183226474, 226497.858203954, 226499.132058178, 226499.170665547, 226499.178400455, 226499.186141224, 226499.253206048, 226499.28659809, 226499.371742447, 226499.48025582, 226499.519038771, 226499.526784557, 226499.534544223, 226499.543415908, 226499.57330527, 226499.642088394, 226499.666480474, 226499.67429547, 226499.728609278, 
226499.744234626, 226499.752026127, 226499.884306523, 226508.13052655, 227460.984335687, 227465.47381002, 227467.911852051, 227479.37762432, 227479.481897301, 227479.990266908, 227481.091019273, 227485.090790071, 227485.775602197, 227490.028380067, 227491.050575475, 227491.308255793, 227491.543142641, 227492.211622341, 227493.823672043, 227494.484969592, 227496.311852253, 227496.492480578, 227497.836210435, 227499.27627593, 227499.297139646, 227499.741611585, 227500.289593986, 227503.56409167, 227505.006564168, 
227505.671043134, 227507.374487115, 227510.358115986, 227519.494586068, 227566.665508823, 228455.47195425, 228472.59203983, 228482.63041605, 228484.262762989, 228486.575337303, 228487.267169712, 228489.022360688, 228489.75533576, 228490.98213377, 228491.508866767, 228492.773534218, 228494.490039662, 228498.609834435, 228498.7080548, 228499.157772349, 228499.196364043, 228499.235039737, 228499.273676583, 228500.129904571, 228500.342959952, 228502.448396537, 228507.195583404, 228509.830862386, 228512.19538547, 
228514.916922451, 228523.065160469, 228537.46164091, 229479.524543095, 229492.380944924, 229492.595810216, 229493.209560028, 229499.101161313, 229499.108880794, 229499.139731974, 229499.140862915, 229499.147448777, 229499.155211251, 229499.178366779, 229499.247929678, 229499.255639103, 229499.271085139, 229499.465858234, 229499.526634303, 229499.59648244, 229499.728516485, 229499.962062843, 229515.401428667, 230472.479008033, 230480.111367949, 230493.811879123, 230495.307339455, 230499.060023234, 
230499.144901833, 230499.175764199, 230499.245298165, 230499.260764429, 230499.562618009, 230499.565813825, 230499.609359205, 230499.640452657, 230499.717057235, 230499.718083474, 230499.718565815, 230499.889269482, 230499.920453202, 230499.951615012, 230499.959451386, 230499.967193025, 230520.815935016, 231481.971412962, 231482.969443199, 231486.634626315, 231488.484577976, 231488.822464844, 231491.153461048, 231497.011952029, 231497.575678696, 231498.366804499, 231499.165456193, 231499.28135269, 
231499.980156388, 231503.243193228, 231503.532300311, 231524.568228236, 231542.433150362, 231606.272410947, 232448.858921738, 232476.944513229, 232477.056022667, 232477.210963098, 232478.23426371, 232483.796126407, 232490.555974367, 232490.661683819, 232493.341322167, 232494.167068891, 232498.304229392, 232499.162853094, 232499.860601267, 232499.876179289, 232503.378756864, 232509.051188313, 232536.548769872, 232539.448233527, 233319.261505044, 233495.377079974, 233499.067658524, 233499.144814792, 
233499.174033753, 233499.79572262, 233499.881343391, 233499.928059193, 233499.990351192, 233517.284025494, 233521.656760697, 234475.0578653, 234475.804420331, 234480.13320198, 234499.065094266, 234499.072795313, 234499.080523094, 234499.102766949, 234499.142255393, 234499.149937157, 234499.173093151, 234499.180878054, 234499.188548814, 234499.265808915, 234499.327659965, 234499.343199636, 234499.614352185, 234499.729090475, 234499.761964453, 234499.964330718, 234499.995516998, 234519.517510092, 235440.122894811, 
235468.300592044, 235474.239641226, 235479.498973156, 235480.108408016, 235482.137239073, 235483.320587742, 235484.332442822, 235484.35372227, 235485.126415095, 235487.432429423, 235488.486643832, 235490.504795818, 235491.084237871, 235496.445631437, 235497.712544856, 235499.131935173, 235499.712657882, 235499.716600937, 235499.946065283, 235501.850417386, 235502.809149061, 235503.903727687, 235504.346908311, 235508.44267147, 235509.140635142, 235512.864663949, 235515.519217111, 235530.179712641, 
236460.192189403, 236464.006385432, 236474.048780589, 236474.061974068, 236475.129318603, 236481.926526632, 236483.086844182, 236483.15032208, 236483.212800529, 236489.55559708, 236491.709675822, 236495.23274627, 236495.292367271, 236497.612006373, 236497.768435858, 236497.986440456, 236499.09078425, 236499.710070249, 236500.160562866, 236500.668935359, 236500.917940258, 236501.510213203, 236502.314819612, 236503.305482008, 236509.80015471, 236514.559016006, 236516.448330897, 236519.734564772, 236520.296362695, 
236521.8240647, 236529.015968511, 236532.648417808, 237473.21832839, 237488.52148809, 237499.080479237, 237499.142192292, 237499.149914228, 237499.154249205, 237499.157637388, 237499.180811894, 237499.219424041, 237499.265760321, 237499.273460004, 237499.281244216, 237499.653018137, 237499.660782828, 237499.668527998, 237499.901832756, 237499.964157228, 237502.912414448, 237503.100870077, 237505.900864723, 238474.954327938, 238475.315016975, 238487.15971257, 238489.403119044, 238499.077867333, 238499.116430719, 
238499.130408821, 238499.139619932, 238499.155020052, 238499.162752522, 238499.263131828, 238499.270852153, 238499.332690673, 238499.346904127, 238499.517607983, 238499.642640462, 238499.665889071, 238499.680769569, 238499.720327527, 238499.766569079, 238499.96145357, 238510.38175429, 238511.79045133, 239460.106214488, 239471.785611699, 239472.246665457, 239473.912096111, 239475.270614565, 239478.106446807, 239482.189544667, 239486.863797943, 239487.996784111, 239489.562742424, 239491.850081749, 
239492.081550526, 239492.791164709, 239496.784521226, 239499.137023257, 239499.175594473, 239499.531390986, 239499.639966241, 239502.114579622, 239503.665376888, 239504.446226786, 239505.171398067, 239505.434327368, 239506.174531419, 239520.239403003, 240457.635920532, 240473.921160757, 240484.313684918, 240484.674278062, 240485.837386119, 240486.025788684, 240486.073069836, 240488.617927018, 240488.968530161, 240491.054953887, 240491.927529111, 240492.160296742, 240492.940147369, 240493.692523002, 
240494.081992883, 240495.59066957, 240497.070807048, 240499.173018761, 240499.327534966, 240499.753880609, 240499.932678474, 240500.018479779, 240500.162138865, 240501.894059384, 240502.059054602, 240502.673101403, 240503.180423755, 240506.338597219, 240506.769868834, 240509.11712862, 240510.126030308, 240533.392725146, 241486.5305288, 241487.400009296, 241498.607653649, 241499.161775858, 241499.162676136, 241499.170424221, 241499.185822793, 241499.263083517, 241499.292025412, 241499.580422107, 241499.619220516, 
241499.626947226, 241499.650262636, 241499.751179495, 241505.025384879, 241507.57277711, 242475.850039362, 242484.29564091, 242486.107400379, 242497.461533081, 242499.167786826, 242499.17325829, 242499.18327135, 242499.283620301, 242499.312460373, 242499.337731601, 242499.668318275, 242499.670869901, 242499.70193694, 243470.884217846, 243472.090565303, 243479.867657898, 243487.70766712, 243488.843778222, 243492.266062372, 243492.859404328, 243496.675674954, 243498.254383884, 243499.022376917, 243499.180635502, 
243499.296515219, 243499.335125931, 243499.60618513, 243499.878051256, 243500.63286346, 243504.044630194, 243506.286923447, 243506.399887537, 243507.337142331, 243509.440368009, 243511.446338672, 243512.145747241, 243518.788632687, 243518.81771807, 244474.448895195, 244477.745807915, 244484.113028011, 244484.514188568, 244486.11920736, 244487.53721582, 244490.522244874, 244493.598176098, 244497.540127751, 244499.17805376, 244499.255229259, 244499.266854767, 244499.293927417, 244499.301634048, 244499.332494446, 
244504.643493454, 244507.307768914, 244508.823253997, 244515.29935627, 244523.401027894, 244526.839679324, 244530.77119042, 244544.890745172, 245444.828844928, 245479.764826056, 245481.091997576, 245486.951409519, 245488.413032819, 245496.264876258, 245499.077037624, 245499.11249716, 245499.206323656, 245499.232402149, 245499.291255504, 245499.306727884, 245499.314448458, 245499.320340385, 245499.322163799, 245499.329909476, 245499.585401095, 245499.620713855, 245499.662948213, 245499.872722244, 
245499.888287834, 245499.973951798, 245507.140168237, 245535.039313239, 246475.657590307, 246484.409882221, 246495.538002334, 246499.075518589, 246499.149699586, 246499.157419631, 246499.196022399, 246499.20371262, 246499.254458087, 246499.265490672, 246499.293494115, 246499.304097088, 246499.308024855, 246499.319590414, 246499.327325274, 246499.342782063, 246499.660325085, 246499.691628867, 246499.846720605, 246499.885642529, 246499.986793546, 246499.996917111, 246500.002389778, 246505.512189097, 
246521.447615019, 246539.213670613, 247475.629024174, 247476.68393954, 247479.133773533, 247479.795228706, 247481.892303057, 247483.284797909, 247489.920888743, 247499.108572826, 247499.325738882, 247499.34017049, 247501.768068365, 247515.799567588, 247526.979517687, 248448.986454738, 248458.361922504, 248472.586403148, 248474.31737462, 248474.518242966, 248475.843999647, 248479.128358722, 248488.370931036, 248495.797536534, 248496.256995753, 248498.74969929, 248500.331868313, 248503.056145957, 248508.273457366, 
248510.999202978, 248511.86443046, 248513.256233262, 248516.971525743, 248524.447844872, 249483.494751548, 249485.770671204, 249488.902209596, 249489.899759423, 249499.075374689, 249499.180471815, 249499.19724135, 249499.216023892, 249499.354740231, 249499.667891307, 249500.103501853, 249500.111287989, 249528.492798894, 250477.619998231, 250495.98700519, 250499.116237508, 250499.123924406, 250499.154781282, 250499.216441245, 250499.255059628, 250499.285958429, 250499.309119443, 250499.867185326, 
250499.991731031, 251465.17503689, 251466.640410677, 251467.924463523, 251490.925715163, 251494.777267166, 251499.613011261, 251500.121519845, 251501.272405325, 251503.544176928, 251505.253569967, 251506.305518715, 251509.867709206, 251509.872152081, 251512.014529481, 251512.351507118, 251514.306661088, 252479.028921248, 252479.195845585, 252499.924096651, 252499.93577834, 252507.124456069, 252510.266213239, 252511.776737765, 252514.399396905, 252521.322936746, 252526.750888877, 253484.634931239, 
253499.123886776, 253499.16237959, 253499.170126642, 253499.80480765, 253513.099513226, 253516.605199616, 254499.825480812, 254499.841040992, 254499.934289676, 254499.949847201, 254499.988821487, 255477.895911431, 255491.188340904, 255494.07205677, 255498.212358318, 255499.729061546, 255499.970531575, 255501.703102045, 256489.486683696, 256489.705053148, 256489.779359074, 256519.627798175, 256527.750581306, 257483.653246857, 257499.144307131, 257499.221425429, 257499.229110034, 257499.825220508, 
257499.949625769, 257505.516794395, 258499.226532859, 258499.257334794, 258499.27350529, 258500.751388694, 259490.680890496, 259493.961590522, 259499.200763575, 259500.014342052, 259511.124676582, 259516.59279534, 260481.575487734, 260495.341837764, 260501.11399568, 260516.244707211, 261492.177364415, 261499.998212713, 262499.980312718, 262500.029642511, 262505.543680126, 262508.410778803, 263520.357759474, 264412.71165601, 264500.0085347, 264501.992050328, 264512.046425857, 264526.755293913, 264528.720144807, 
265495.167934512, 265498.888259806, 265500.008198337, 265500.037134179, 265500.044922919, 265500.122785562, 265500.130575063, 266500.034429401, 266500.042230923, 266500.138406053, 266500.16689837, 267485.556486007, 267488.568245694, 267498.2166744, 267504.164670797, 267504.281756236, 268473.362809854, 268485.570734161, 268500.138141668, 268501.570411136, 268508.671480541, 268511.854283491, 268515.335178248, 269500.003112847, 269500.034153274, 269500.041990557, 269500.049749458, 269500.127606539, 
269508.138672919, 269513.872427439, 270500.015923895, 270500.070407674, 270500.085956603, 270505.862388717, 271494.068182527, 271496.097162091, 271509.829580098, 271527.909609942, 272496.54232604, 272498.676778783, 272499.831878185, 272499.948351833, 272500.080603829, 272508.486524317, 273492.828874395, 273499.697303915, 273499.813630705, 273499.844609832, 273500.085662242, 273500.140214494, 273509.439923095, 274486.496901901, 274500.129742972, 274500.137482673, 275478.670520443, 275489.448268989, 
275490.350342505, 275491.08148211, 275499.39679632, 275500.072483833, 275502.600933365, 276483.676281475, 276486.101378259, 276492.289724356, 276494.958564441, 276501.280571586, 276509.295946749, 277499.748701817, 277500.051546546, 277500.082727701, 277500.09826304, 278459.374014723, 278499.699557398, 278499.738255651, 278499.943446995, 278500.06441928, 278500.093610096, 278505.739067329, 279497.655137329, 279500.077304467, 280499.802726345, 281494.587268628, 281499.800066191, 282499.867180503, 282507.216973534, 
283529.737410004, 284479.121967411, 284484.608623312, 284499.962805296, 284508.400910128, 285509.119827649, 286497.684638988, 287507.771484863, 287512.105956594, 287513.870445444, 287529.368376053, 288482.628573643, 288486.58535448, 288492.639967669, 288504.144908307, 288504.956141269, 289499.918274708, 291500.087389491, 134500.689259442, 133500.671651426, 134500.673031156, 133000.663957685, 149500.661647368, 147997.646182174, 147497.472810179, 147000.647497837, 136503.633642459, 141485.800381625, 
142000.612456456, 153000.611804589, 147000.588510152, 148000.57431898, 153000.580538344, 131500.527889745, 138500.537434707, 131500.991022178, 156500.621514566, 155500.544804437, 147980.380732128, 149008.011367704, 153013.285683418, 149500.520352844, 154000.673958049, 115000.451643446, 136001.219132513, 116003.970341189, 130994.782562734, 118500.448554525, 131500.465164854, 134500.469735843, 133506.855072064, 133989.939221091, 135506.311633756, 131000.457307043, 135000.462204889, 131500.539246157, 
130500.417732934, 131500.838631345, 132486.42685542, 132013.114983637, 118496.270652492, 132985.896156169, 120471.043887611, 116495.920629276, 118000.377526551, 119000.378620161, 120000.379834797, 132000.404069815, 131000.394806876, 131497.823864034, 117472.211763583, 115500.366194742, 131500.476729408, 130939.669678123, 153000.4073654, 160000.416571658, 155966.925250576, 153008.841599585, 131500.371189491, 132000.384183055, 145000.381585277, 131994.768811563, 131500.340103796, 147500.361542318, 
132003.925198518, 147490.423300269, 147000.332759047, 148000.353533235, 132501.125665083, 145500.343128548, 148500.347402438, 131504.230621523, 148500.338691213, 130993.963570084, 128011.645988752, 127500.303668047, 127000.308830944, 128000.296474946, 127507.57248811, 127004.187711973, 142000.268252623, 107500.215488935, 133492.00158549, 113495.810729365, 113975.191172002, 78000.1683266647, 79000.1692820415, 107000.205187725, 110000.210410743, 107489.688105023, 92500.1795257181, 93500.1804433921, 
93011.7527311342, 91978.3111052401, 107999.71423809, 77485.510454068, 92000.1707534418, 93000.1719625527, 120000.207871508, 133000.224838782, 143000.238118064, 92502.1889816457, 142496.740506581, 132494.063235367, 117996.803088281, 77021.3023564294, 74500.1402515229, 91500.1630540239, 118493.206022524, 117500.196690314, 144500.232519068, 91990.480262123, 108515.421370399, 134006.160658345, 145458.90344169, 146513.72412947, 76508.9216248076, 97499.3015212789, 92511.9334275015, 77000.1681345245, 80000.1393289622, 
92000.1671754392, 93000.1563263936, 97000.1914178915, 99000.1645768303, 116000.186734347, 118000.189273594, 146000.226378541, 117508.007924628, 71983.7124050474, 78500.1295892559, 79500.1315602437, 80500.1326866336, 92500.1480878014, 91500.1718485327, 146500.277799818, 97005.7911573807, 91989.6385820871, 86539.6223589182, 117516.964064767, 113466.2928306, 103498.607468108, 77000.1204331061, 78500.1223660698, 79000.123127955, 93000.1414076341, 95000.1443572678, 118000.174191935, 120000.176588625, 
95996.4822552577, 118985.4935087, 77523.6186886989, 85491.0960608544, 113514.807564863, 93006.1534898123, 86500.1249496415, 92500.1333394572, 93500.1338548213, 107500.152458531, 112500.158767986, 116500.164451035, 113000.453892484, 107990.575812797, 79004.626135339, 75499.0732181957, 94002.0244941479, 87514.4356791461, 86518.0401311684, 117508.812145872, 86000.1167431436, 92000.1873650672, 94000.1265978599, 95000.1288310885, 96000.1294829352, 107000.181679444, 116000.156008774, 118000.158931011, 
150000.20005972, 153000.203254402, 112476.65346467, 107501.815439805, 117997.171296399, 87010.1636274513, 107001.919154721, 88003.8518027831, 78500.0992585523, 76500.086397117, 86500.1678031618, 87500.1111943033, 94500.119693093, 107500.137242736, 106500.152176636, 128500.164123467, 77012.0564499106, 87508.4981557755, 86004.3625905542, 86515.6733828196, 76523.5900316508, 76001.7114232322, 142494.105499718, 93499.9517082758, 77000.0894321753, 87000.1021287171, 93000.1103929849, 94000.1114853304, 77508.598198168, 
88487.1456669522, 90958.7069776859, 105479.096248087, 90458.8831465133, 87995.3100408418, 77994.6697833892, 89010.2526241066, 85519.0544941658, 103496.882009867, 78500.0832132054, 86500.0936468802, 88500.0968015604, 89500.0974263484, 113000.0481144, 79023.7323372485, 118007.380952807, 113488.229898613, 116991.275694962, 77001.3818950243, 77496.1138445437, 76488.2819773098, 92498.7407791195, 74000.0692980001, 77000.1439271197, 76000.072156772, 78000.0746324956, 79000.0756482184, 80000.0769188842, 
87000.1094651017, 85000.0834956942, 86000.0856927997, 88000.0880482309, 89000.0893674623, 92000.1075423956, 96000.0983169358, 113000.120355578, 115000.12350968, 116496.83532449, 116000.124544674, 119000.127998849, 91514.1524392273, 87500.1811958225, 82960.62419271, 88026.2248985078, 91997.7031276822, 97996.5349363722, 86989.8000862841, 77500.0661924435, 82500.0726671973, 85500.0770982252, 91500.1745234504, 87500.0798496325, 88500.0807924317, 89500.0822204622, 97500.0928933863, 103500.100024931, 118500.120260817, 
116500.202767282, 139500.147457336, 77525.5128654605, 115984.654961474, 118488.881194805, 97484.3279113937, 75000.0551130399, 98000.0855031842, 118000.110973989, 152000.155294563, 85971.841444551, 155992.241276904, 117941.817658921, 85450.4976119511, 88998.0851504877, 100471.095667812, 76500.0495106904, 78500.0515918843, 86500.0626678765, 92500.0708408868, 116500.102062236, 117500.103418924, 122500.109642117, 123512.226453044, 116969.44141781, 102489.882217857, 119006.171921872, 123998.857752844, 
74000.0389665319, 76000.0411572596, 78000.0440768953, 85000.0528227882, 91503.6298932498, 92986.8563155569, 77987.2259651376, 75500.0327209402, 77500.0354493689, 91500.0809799153, 87500.0482846489, 89500.05138034, 93500.0560936183, 99500.0634944197, 121500.11764013, 156500.170988287, 115984.523138406, 104989.758962644, 96502.5110653294, 78489.9447016269, 79000.0290990192, 83000.0347937094, 84000.0359240752, 88000.0411118027, 89000.0421404345, 90000.0436664168, 92000.0460829511, 115000.076489375, 
75970.8832314406, 83478.5812804429, 80955.289417793, 90994.3081600331, 95995.318136625, 91499.8390243798, 87464.1973755611, 92990.4037525384, 79013.9528615847, 115487.0453675, 107489.561767788, 88001.4483517297, 91974.5977232195, 128991.549065013, 90491.1621734165, 76993.994762918, 88985.2588906419, 73500.0143101681, 78500.0213410947, 79500.0222665006, 81500.0249426821, 87500.0324202972, 88500.0343969427, 91500.0377739854, 92500.0396126071, 111500.063848746, 129500.087088942, 99005.6350471713, 76488.9190113489, 
77000.0194756705, 75000.008714023, 76000.0101182153, 86000.0226104679, 86500.0182620222, 90000.0287958598, 93000.0327099236, 92000.0927702151, 96000.036413067, 99000.0394488564, 117000.132682922, 114000.059811448, 115000.060723729, 92455.5755650681, 91494.0156458514, 117504.347222392, 77496.7691894695, 156996.106408501, 157993.691411952, 72499.9980533998, 76500.0370672392, 86500.0013724649, 91500.1096056588, 88500.0187344151, 90500.0213444037, 92500.0238651577, 93500.0254309094, 94500.0264909621, 
98500.0317225475, 99500.0328435572, 110500.046800257, 115500.053983862, 157500.107802926, 158500.10941701, 93006.5784404753, 91998.0891665341, 92508.742552774, 117487.562211169, 93011.1737584602, 110988.215929091, 91491.4787316574, 115991.546246137, 77999.9972254429, 84000.0045143608, 90000.013111501, 92000.0154432654, 94000.0178316338, 117000.048028591, 158000.100880943, 93506.0472276974, 87503.1154097943, 116499.332414158, 93018.3267309386, 79001.8274118779, 92031.3040465191, 94001.1431706166, 
75495.5156626357, 78499.9902354153, 83499.9965940956, 91500.0073879547, 93500.0096217152, 153499.502104936, 116500.039009953, 159500.095025151, 90475.1381445797, 158992.404650609, 112493.042257254, 116509.554965325, 92517.4737501647, 73999.9759122906, 75999.9790374609, 77999.9817803958, 77000.0726382649, 78999.9823738243, 88999.9963286817, 89999.996612641, 92000.0465976382, 94000.002097467, 95000.0041212356, 99000.0088814246, 113000.027286315, 116000.031339647, 76487.9873736016, 91493.0825841632, 
147006.915993968, 117013.38695436, 87005.8760984791, 77991.714007074, 74499.9686370557, 76500.0625962447, 78499.9738041647, 79499.9759211391, 80499.9771932187, 91500.0379515942, 88499.9876664868, 90499.9899278115, 92499.9921007184, 93499.9934929013, 94499.9954920383, 93001.7207032721, 98500.000032708, 99500.0020938693, 116500.094300988, 117500.024644216, 75997.6673629396, 77484.4419986196, 74981.727021236, 79950.7967499122, 93999.987226313, 118000.018108278, 148513.753825023, 90973.125170921, 88994.7570851548, 
126987.196906533, 88499.9722588416, 107499.996345293, 142500.041405445, 79010.0498963119, 77989.9921787446, 143489.84558977, 80447.9184096167, 107025.710555003, 92446.7906937012, 91531.5040857531, 81487.900777665, 77999.9500301508, 78999.9519821107, 79999.9530773619, 80999.9544523871, 89999.9656159775, 93999.970992025, 102999.983314174, 104999.985378354, 118000.002196888, 76496.9402140705, 106480.495472275, 107499.225178048, 157012.360252605, 77499.9413668774, 79499.9450203627, 80499.9455680959, 
86499.9681396326, 90499.9588656146, 92499.9618231952, 96500.0004628217, 105499.978169957, 108499.982322265, 109499.983393495, 116500.071242387, 142998.506521742, 82505.4375125878, 76486.3813587837, 95981.3304503243, 81487.0592489885, 118479.867679441, 76999.9333350547, 77999.9348342279, 86999.9460786525, 88999.9485754361, 93999.9556175545, 112999.980434055, 117999.986105047, 78486.3885865761, 87485.1217832742, 89960.3822355205, 93475.8507236512, 93025.1632051701, 91486.884431093, 117502.965958812, 
113498.369697098, 80991.4837721912, 86513.9237901531, 78032.7041788502, 95455.6287650755, 82011.007081327, 86994.1090925448, 76499.9247663412, 81499.9310956066, 82499.9332136828, 93499.9476241078, 108499.966381056, 111499.969953927, 114499.974037061, 116499.976379042, 117499.978176356, 126499.98972965, 80486.8925506901, 117020.772392877, 79477.2187986206, 107973.724746994, 93978.7483806061, 81514.6070058048, 91489.6443388471, 156514.71387586, 116488.126617312, 74999.9156894041, 78999.920997384, 79999.9217914296, 
81999.9631790956, 82999.9259514101, 89999.9346810747, 93999.9399883971, 112000.010658579, 115999.968489313, 117000.019184222, 120999.974816491, 127000.016489427, 161000.025695888, 112465.741369233, 151474.72251349, 111499.978202388, 91991.6231146762, 151984.190467808, 77499.9104721108, 79499.9138045684, 80499.9141924595, 82499.9169819634, 81499.8993930407, 90499.9281445406, 92499.9307940183, 101500.01171353, 115499.960492858, 116499.962279625, 122499.969146254, 127499.974851015, 121991.872968559, 
96982.6107244221, 116485.216884527, 87500.989587578, 127476.314004962, 101477.629890785, 78999.9052771069, 81999.9087080061, 88999.9182347627, 91999.9218447981, 100999.933904477, 107504.032317858, 118490.439285459, 99948.041863245, 92506.3218861418, 75992.5861229887, 90986.1710909782, 79990.5447402811, 77517.8498731097, 81497.1405377006, 82471.7195564015, 102008.760839009, 117007.525297428, 93026.3009872818, 94469.8651321772, 81986.4408789081, 76499.8941349965, 78499.8961531548, 81499.8999611344, 
82499.9022028167, 84499.9043971952, 91499.9139471957, 92499.9151311321, 106499.932874532, 108499.93545111, 116499.945468199, 100451.63184628, 152499.992120159, 77992.4917649748, 83994.3509281911, 80504.1537340237, 75484.1694999458, 92007.3705964256, 96476.6021735854, 101480.947658084, 76999.914590436, 81999.925583005, 82999.8943001563, 83999.8955138568, 77518.3461592998, 91999.9754374148, 98999.9147940045, 100999.918103068, 101999.971003486, 115999.937035183, 116488.40971619, 91497.9028688064, 92482.0555277793, 
152990.220375347, 92986.6442328356, 76986.5242207283, 79499.8822549796, 85499.8896668497, 87499.8925978215, 92499.89899462, 96499.9354748623, 93001.6978856632, 92495.1814751746, 83492.5119431419, 77509.2612217991, 101999.903985966, 134999.945767482, 95963.3356792312, 93488.4232677724, 115980.690253096, 84998.6426628307, 82985.4596262667, 106990.412528212, 93942.3663554611, 82499.8703162763, 83499.8724759398, 106499.902153453, 108499.903919324, 116499.914058899, 93014.2958307061, 125493.914582899, 
84501.3777766135, 81997.5275198389, 99493.8645919058, 90999.8736754702, 92999.8768526688, 99999.8858044809, 105999.893202399, 124999.917540141, 82505.5522212619, 93499.8694257885, 110499.891516539, 126499.986114661, 102005.93880722, 92999.8603901826, 98999.8687988091, 99999.8704349324, 158495.194879778, 144011.397667274, 100468.857246752, 93499.8536633402, 94499.8546627881, 101499.864086038, 144499.918605244, 90469.6123661892, 99448.6029898012, 128493.7120702, 99001.1129077217, 99999.8545296956, 
92995.6371038398, 93499.838667131, 94499.8393982798, 99499.846383621, 114499.864991788, 121499.87146356, 120499.873063968, 125499.879202116, 121989.515630372, 99007.4986081747, 127993.891613273, 93999.8310069004, 96999.8347533485, 121497.270425416, 95987.7725337595, 102498.153097129, 99953.7040467476, 122490.083452739, 120964.25840873, 100978.266702459, 99021.9149021711, 96499.8259511106, 101499.832838005, 124499.861827512, 109449.797387265, 73486.7202223195, 99467.4907576311, 108989.825137082, 122497.583129256, 
74536.4801189713, 132488.732890887, 95999.8179206708, 98999.8222682774, 111999.850668788, 125999.855878433, 96498.8094013045, 107498.397395723, 126492.421265234, 97480.7257424463, 117011.504308785, 77992.7149747992, 78499.7880064761, 83499.7943285024, 98499.8139777733, 104499.821143329, 107499.825137419, 108499.825744165, 106499.867913828, 113499.832784735, 114499.834052179, 106995.894694968, 77508.4927869523, 116502.474900136, 117997.782904841, 77985.0793069955, 96013.0185338594, 82473.6353393989, 
105965.846985559, 81999.7848866126, 96999.8034573011, 116999.829304235, 131999.848687889, 123005.459518719, 80006.9777252814, 115965.244047192, 126507.325185207, 96478.6392103285, 97479.2302685026, 130964.899329537, 81970.2271084879, 117497.452540991, 95505.9839918008, 72984.062554555, 113992.001599193, 76988.6571080657, 116982.414622597, 117962.824116845, 82496.5473750466, 119461.462220456, 96499.7958166543, 152499.866744713, 72493.8407609873, 85523.4568527443, 77490.1779905874, 53999.7332930919, 
84999.7731868802, 93999.7845961172, 98999.7907663621, 104999.798802548, 111999.866491103, 72480.5054131122, 61517.6247560671, 76512.5819383729, 111463.864880552, 81993.7901737019, 58001.3213836709, 57499.7290140446, 58499.7310957341, 61499.8206983507, 72499.7487778654, 90499.7721428154, 102499.787516634, 103499.788523116, 114499.802471513, 117499.806764347, 118499.807590137, 119499.809636525, 63001.2130871592, 87005.5316618886, 77993.7214687122, 83486.781692002, 58490.7761474373, 56518.0480913268, 
82500.4667811971, 62531.7869095439, 112498.387094479, 59999.5652794121, 63986.3689842327, 120956.98301534, 91500.3487052945, 78016.966664236, 57999.7228268096, 71999.7403756035, 121999.804168704, 55971.21594101, 53504.7056921897, 72486.0145517439, 70989.4327716082, 111497.161924784, 85017.8170635588, 81527.4370881254, 114985.878480636, 86511.4427290102, 84015.5643949332, 58988.9463793319, 54964.6197331212, 76988.3357776683, 53999.7657282492, 83018.2945082365, 62500.439733509, 84015.4824274983, 133011.058880457, 
103499.772813961, 117499.790692267, 84487.3689320209, 60515.4196145358, 79493.4151826603, 53513.5427972786, 79014.7732032454, 67011.328085226, 57506.3554318249, 85505.5230005756, 82051.6252295338, 62506.0651367689, 81508.2219510982, 121501.605022165, 97519.3153273985, 56999.7105498416, 53999.7015846753, 57999.7070554253, 61999.712000004, 78999.7335348455, 81999.8204317838, 84999.7421705769, 90999.7498920029, 92999.7521799235, 108999.772191329, 118999.784647633, 119999.785828191, 120999.787155156, 
125999.793503224, 132999.803363531, 77989.0851826435, 127990.504562767, 57998.5906101577, 56986.5159863988, 54499.6950742388, 56499.7747674817, 58499.7000382086, 59499.7006346267, 67499.7110138228, 77499.7245344594, 78499.7252826029, 82499.731017272, 84499.7336449809, 85499.7344268644, 90499.740669569, 92499.7430017702, 91499.7456297399, 96499.7894769209, 100499.753385173, 112499.769050919, 115499.773011975, 120499.779195718, 129499.790601546, 130499.792077634, 67988.8293741886, 91993.5834863549, 
121999.578971609, 58021.8064650875, 86508.7251843242, 109004.330220773, 113496.576076562, 112488.266931999, 98000.4653942743, 85026.8467191355, 91999.7351817135, 96999.7412969451, 131999.785501417, 98493.8998132087, 81495.6500594765, 96509.2649845323, 54982.6716325684, 88505.8810295863, 130985.609590009, 85986.5896846326, 137523.806208652, 100461.828395326, 77496.8012150833, 133991.005056663, 79507.0214550225, 57002.0426191511, 133502.604977712, 98988.0051098866, 121499.764417905, 64510.016720769, 
121989.835402357, 80492.7154440153, 119467.523319002, 82004.9051906299, 135504.057097294, 121501.140404693, 56502.2279923689, 97503.0663817851, 55999.6738856873, 56999.6706923246, 59999.6783217164, 79999.7043288667, 90999.7178307148, 94999.7239166424, 98999.7281901557, 102999.73331807, 114999.74938205, 120999.756737311, 123999.760743137, 121999.752159161, 128999.766352037, 135999.775428666, 126979.298423329, 112988.713114361, 57974.005768613, 101970.748556335, 81969.4894488193, 92993.4916316858, 
54499.6633122442, 56499.7015645346, 61499.7399863722, 58499.6688430915, 73499.6877455404, 81499.7733789152, 77499.6927389354, 79499.6953897923, 80499.6971169179, 92499.7125734482, 121499.756172051, 122499.750591269, 124499.752763045, 136499.756526803, 56989.9606394581, 107486.046972123, 78992.4357517064, 92990.6510613039, 89001.022836213, 124988.52767477, 74014.8858833155, 121503.879700845, 80959.0556314234, 56999.6589279054, 81999.6908811489, 121999.741842925, 127514.201513973, 58016.7705777846, 
74998.1528710863, 81458.3300421434, 80006.4716680925, 93510.2707199417, 86005.7444640249, 84539.0507503971, 102491.011094423, 122979.795569618, 57997.0401315643, 78996.6871536309, 78495.0473828912, 122005.973593893, 55473.6029951498, 132004.287235795, 82998.9377045836, 126499.740101922, 83983.8308796547, 97505.2653523143, 56991.6571649965, 98006.7102558482, 81984.2958792849, 57514.8591516381, 80496.310282914, 95505.3259845143, 60502.5635619778, 91994.5605935529, 81549.9806767851, 126487.790757845, 
87497.4400113467, 102496.797342215, 55999.6418381287, 57999.6445593042, 59999.6474213824, 75999.6685121823, 81999.7042354262, 79999.6728705429, 87999.6836628206, 99999.6982983556, 100999.700358278, 111999.715615726, 121999.788943089, 57482.503572003, 82501.0033078212, 128017.207495755, 82985.56181945, 53499.6312765023, 54499.6324510453, 76499.6706252852, 78499.6636478091, 79499.6650042944, 80499.6655252371, 81499.7442032583, 82499.6686088424, 81997.1737181172, 123499.72083793, 127499.726108056, 129499.727863259, 
71980.9995887903, 124985.903070416, 87991.8819757216, 77997.2760890489, 102503.177014006, 78502.2251161169, 88997.9632830778, 66515.5034659151, 72999.6486172546, 126999.717432343, 63515.7322753966, 73510.5509254737, 123516.25983023, 79984.6189141776, 82503.9235058436, 80986.0039643897, 90989.2309630765, 61041.2860636879, 112456.184010406, 99526.3977939989, 76996.9289789479, 101984.22185365, 100499.041278163, 51499.6131482562, 77989.4361839741, 76499.6451864392, 78992.3337758025, 73005.8475067206, 
70517.387070721, 59560.3228472499, 92523.3721999964, 79486.3397134123, 82446.5550919445, 91498.7635453874, 102502.936022202, 62478.8962469678, 58999.6155117797, 59999.6160157761, 62999.6209133333, 75999.6364919161, 77999.6399514508, 78999.6409204416, 79999.6421559956, 86999.7078305166, 91999.7173701869, 92999.659015785, 99999.6678542579, 126999.694982499, 92487.5986452801, 76514.1704217913, 81499.6244654413, 57986.2924379883, 50499.5960637294, 52499.5988829751, 68499.6194445239, 71499.617339869, 
76499.7213639403, 77499.6316684457, 80499.6349448301, 92499.6507476168, 93499.6520130774, 91499.6324868212, 97499.6568314424, 100499.660648102, 129499.696954994, 133499.701934943, 77019.0530466186, 93007.1054735035, 51520.6478890078, 56517.610347393, 72491.4825826557, 76490.3975094361, 133969.526723719, 54985.6155644385, 78490.0495774448, 77490.6357052196, 51999.5910866233, 133496.646891676, 81999.6296500573, 96999.6483722162, 98499.6500429548, 81498.2525751153, 54005.3052139645, 55990.8142845668, 
98011.0584284831, 93033.513755192, 91518.2028203905, 78018.9052959327, 80993.7408777429, 130994.915932396, 49048.1662422679, 81924.8997346098, 133991.923180294, 78983.4357204605, 49440.852393155, 98459.6381631065, 99490.2425376009, 137992.057610774, 48505.2942870995, 80493.2376209665, 78490.9617213449, 77499.6155376136, 91499.6335907103, 50480.4171859929, 126499.677153924, 76997.7016607029, 74502.1495654862, 130500.797058029, 75501.1685650637, 91999.3411878757, 102513.336738233, 131523.484841573, 
132523.887031295, 102494.251849961, 82484.5553292828, 46499.7659028322, 45999.5677679908, 48999.5710540405, 50999.5742585519, 59999.585153982, 74999.6050323164, 75999.6062330008, 78999.6099927034, 79999.6110091629, 80999.612317563, 81999.6094955327, 93999.6291756509, 94999.6304534469, 98999.6357026463, 47499.3737073969, 52531.6251580482, 81486.4163357858, 132994.979219315, 52015.222518988, 48006.7271102779, 46499.558041431, 47499.5614059325, 48499.5631021569, 50499.565114622, 52499.5676720496, 51499.6090500867, 
54499.5709663685, 57499.5746551892, 59499.5773020079, 71499.6317228246, 79499.6021703128, 80499.6041969797, 82499.6069675339, 81499.5889712647, 102499.632171832, 104499.634490476, 141499.76013759, 138499.676964707, 47043.9523364473, 81381.8830115618, 76486.4731861232, 47486.5757100387, 52527.3619869519, 59011.1708423588, 46999.553534246, 51999.5597742535, 81999.5983941257, 96999.617242164, 133499.240486327, 50979.0523817688, 55989.0043982929, 88502.3982188683, 80998.7001904771, 48497.3593039326, 
58414.7390409969, 89960.6384708527, 51496.1769748712, 53006.6166235954, 60017.4418738782, 96503.7975045545, 52971.0905256122, 48519.0448903777, 68523.3216003999, 63486.7392419195, 47502.755705188, 105493.172798435, 142502.075161668, 79504.874511159, 67496.9313533138, 132507.127317864, 61975.774112314, 80501.3650385346, 76988.5093915137, 77983.7310160622, 54010.5357961711, 46499.5445514377, 51499.5509687494, 81499.5901339985, 98005.218509566, 107506.71182782, 101998.80663068, 79006.8461568439, 96999.1667280048, 
68994.0040224362, 125492.861846032, 54485.1881694589, 77486.3670124486, 52499.584009585, 133508.859370834, 58496.1317925248, 59031.8669957407, 97497.1958420118, 99040.5835856833, 107016.521876682, 81499.0109084928, 47999.5387555091, 48999.5407577176, 52999.5455747088, 51999.5731757665, 53999.5466579096, 54999.5485185273, 59999.5547692636, 81999.6248461939, 80999.581018405, 97999.6032258887, 105999.613397192, 116999.622325656, 82513.2633878058, 117990.540347909, 102997.258078764, 116989.604990459, 
47999.377496765, 46971.5748573476, 51990.4250216149, 47499.5309876529, 48499.5319936452, 50499.5348572452, 51499.5692997212, 57499.5441022441, 80499.5732143736, 81499.5740367044, 89499.5847751182, 98499.5955300331, 103499.601454664, 106499.592566444, 109499.609153383, 113499.614550648, 120499.622879394, 48624.576375938, 82989.9960240284, 82472.5419244254, 49037.1613038341, 103494.460058247, 78503.9252875447, 54007.9243000718, 42490.7199136214, 78997.8225695742, 56999.5350738587, 52992.3121871613, 
50997.8100457592, 106007.223535159, 56491.1900205901, 49988.5510733677, 81550.4259616639, 64505.1561094476, 83010.9616689915, 98485.4318595091, 63987.9068330312, 47990.5598384608, 49473.9877351848, 102003.238102904, 42964.1471862569, 48966.6101211505, 122497.170189925, 101499.583966578, 109012.439457892, 50461.7751480686, 131991.394829302, 133499.232950735, 81507.7033299971, 121501.378997973, 111459.9509215, 48999.5091466289, 57999.5206268877, 82497.1974773183, 64999.5295618856, 79999.5493663698, 
80999.5497092828, 81999.5347316749, 109999.586500836, 121999.658486338, 132494.248516534, 122481.982175741, 51518.6701230248, 42505.7853586515, 77007.2660176568, 52980.644450319, 132012.101419517, 48499.5014960803, 49499.50190931, 50499.5041056396, 52499.5061646504, 51499.5173404645, 55499.5104490817, 80499.5419200556, 82499.5444436902, 112499.582577652, 126499.623013848, 131499.631721538, 128499.602441796, 133499.608473797, 52001.8080590088, 82006.1265600407, 52481.6983226463, 56535.4496813864, 
78013.8336089626, 53493.5068692416, 52995.1840477493, 53995.3338537393, 82992.0193584431, 55995.4045990091, 82507.9720599009, 51485.6250120457, 128995.476763174, 48001.6293297848, 46999.4913716661, 51999.4982802803, 81999.5364719238, 83496.697759673, 79956.0867184801, 55010.9638399947, 128489.508121083, 48521.5209451774, 50994.4171261191, 107484.056781744, 82486.5196207734, 113486.506066799, 72990.8772083055, 52023.0267855665, 41977.4290393637, 52507.3540381854, 63997.1598088834, 50508.0884395735, 
47512.4665560871, 42487.7239653049, 83990.3575940467, 83476.9089670405, 41499.476157859, 51499.4891990507, 75500.7406929368, 53501.7335420037, 90496.6541305091, 54040.7285735868, 76483.8560691774, 41477.4595153425, 47477.3693786347, 87495.6508695865, 141496.902834028, 86504.5684570521, 40999.468673951, 46999.4691621317, 45999.4741830165, 67999.5032772683, 86999.6161650885, 96999.5426048767, 139999.593620158, 51979.7362764683, 68010.6850901945, 46982.8651117235, 52986.140961241, 97019.703541751, 82998.9358964553, 
36499.5319581982, 40499.4594766703, 46499.4925401472, 63499.4892666088, 67499.4939616732, 68499.4961790917, 83499.5144025767, 84499.5154150473, 92499.5258135572, 94499.5286732726, 98499.5335075194, 133499.576792156, 134499.577992912, 135499.579707667, 72000.1311873375, 47992.5101253418, 87513.2070414219, 85052.9996244358, 37991.3737391448, 83996.4246759713, 63978.1041999422, 53009.8874091348, 87973.9524822338, 137501.990739584, 40984.7863354757, 111485.635634194, 49002.197605513, 36999.4472561181, 
52503.1439083861, 86999.5118130902, 86486.8353842916, 88519.4911411116, 73001.2676444873, 51482.0783377346, 48461.0353608504, 106997.714727301, 88042.8836944131, 48979.8352788156, 85494.4089076873, 84004.1161502209, 37993.4438293232, 137007.381417, 87501.7702607214, 73978.7401611386, 51499.4588306295, 86499.5027015693, 136499.565482906, 138004.519915652, 39013.4764636764, 40570.0224354453, 86980.6260954952, 63493.304757419, 84460.4351381268, 88971.6816475438, 39464.9717245577, 74460.7655421626, 46482.3694439996, 
87507.4509372404, 35999.4306573756, 37999.4334930712, 39999.4357015928, 45999.4438323416, 47999.4465734893, 48999.4472246207, 70999.4754964197, 73999.479672607, 75999.4813440628, 83999.491474662, 84999.4934446001, 85999.494726181, 87999.4975406844, 90999.500534717, 95999.5072044618, 107484.373484731, 136999.554475543, 140999.56301701, 62501.2698819842, 52499.4896574244, 121490.441852149, 136483.180980242, 86491.8244917849, 91505.51229198, 107010.168063802, 47013.4037461122, 93023.6513143256, 91987.0475598313, 
47967.1087217713, 47499.4374930272, 48499.4397879262, 49499.4405130334, 50499.4419138161, 70499.4668762218, 84499.4853265695, 85499.4856039099, 91499.5779008148, 87499.4886008035, 88499.4902576171, 89499.4913095692, 92499.4944229564, 98499.5020791525, 106499.504668478, 107499.513639983, 116499.606012411, 139499.554024748, 108004.314007316, 71986.2402149066, 88005.2929440225, 52004.5500267493, 71501.4183348194, 85986.8848961908, 107478.811959027, 36510.5747569632, 83995.4642449729, 98489.8861898631, 
36999.4169533933, 51999.4355457248, 91999.4870448802, 106999.504800039, 131999.53650369, 144989.67713705, 100981.531886324, 40979.792809003, 89975.3482772261, 46003.8050550865, 92484.0669020265, 84976.6665312452, 36004.1296388432, 39967.1644054893, 87486.9547305498, 92507.9160156772, 107032.271003549, 116996.796026316, 54463.7499287678, 83490.3473852426, 88992.1127301529, 36499.4089112375, 46499.4210502179, 53999.4309337419, 53482.663452452, 106499.496711517, 85480.5197141822, 128986.787947392, 52944.5036152275, 
91996.6571945138, 55496.3573172214, 46528.1772172153, 37508.737271063, 71515.5921612997, 106505.743258967, 111506.9906, 121481.419008421, 38999.4043728514, 53999.4230777677, 54999.4239410385, 71999.4478988433, 86485.4155980339, 81999.5145662874, 86999.4485950833, 84999.4620491136, 85999.4637223082, 91999.5058149211, 88999.4670883017, 93999.4730878081, 106999.556185036, 101999.557085304, 104999.487381939, 107999.490451499, 111999.580411675, 118999.505023575, 139999.53064638, 107510.887440716, 92516.7074940577, 
78017.522102559, 113005.409645817, 112002.699243215, 33499.3893903866, 38499.3954798393, 39499.3967336053, 40499.3984262897, 51499.398129697, 53499.414587833, 64499.4286623215, 78499.4465658236, 83499.4520855527, 84499.4535936574, 85499.4555158084, 91499.4643188901, 90499.4610592443, 101999.561072209, 102499.476037523, 103499.477326828, 111499.473257132, 112499.488978988, 113499.490108659, 130499.511367955, 131999.847678445, 37468.7569879219, 86028.1751301046, 52533.2968541272, 51493.8262586473, 
82499.6635752665, 101005.09263474, 97512.5144729223, 93499.0538618127, 111501.712544554, 48471.400375085, 36493.2864651112, 112542.898787663, 47486.0682870233, 93980.2679406507, 83004.4514212925, 139986.962650646, 104009.702533231, 50954.3440499958, 112981.618404822, 51999.4054433806, 102485.089246195, 111999.480668681, 37972.5730268359, 93022.441002964, 90980.8890751377, 103487.455769578, 83489.5386480018, 52998.7787262723, 102981.960621465, 45009.1970861685, 104519.743881722, 93958.532742558, 46985.2575296517, 
27501.939447538, 37000.675219764, 128999.694160684, 48500.3179693781, 123504.19760194, 141979.812845896, 83994.3278259039, 139497.386011739, 82459.2733510835, 54451.1905105328, 106999.494689648, 36499.3775864048, 41499.3843880994, 46499.3900501039, 51499.3964691143, 47998.9035454579, 37998.9210838033, 47492.131761658, 38985.3848458426, 87012.1825142, 138998.739187163, 80503.8829662446, 39464.5045585791, 49442.8909726553, 37513.4414087143, 92490.8943031617, 36490.7813764764, 87507.702423851, 28999.3602414504, 
29999.3616866525, 33999.3664940605, 36999.3576331288, 34999.3681291016, 35999.3689849954, 38999.3726743087, 47999.3850266682, 48999.3857210586, 50999.3880309919, 47501.405686982, 83999.4303537374, 92999.4409335833, 109999.46186801, 139999.50003984, 82494.9188975329, 37994.2456477555, 23001.6123405956, 47980.5909041995, 111994.885828683, 23499.3455174072, 34499.3595577385, 38499.3645279258, 47499.3757833922, 49499.3783391295, 86499.4590926161, 91499.4721938297, 94499.4352474641, 98499.440159875, 106499.502545639, 
108499.453196429, 111499.481273805, 130499.480070998, 134499.485472986, 138499.490340127, 139499.4908234, 140499.491950499, 37070.1181764286, 33990.6989273066, 126498.014071045, 140000.718357083, 35996.9184796065, 138501.5927892, 127994.378852788, 66018.854934643, 47498.9922169195, 34990.2265808824, 36999.3546610177, 51999.3742059804, 141999.485983633, 48494.4552153694, 139015.779744375, 48012.8880323591, 134950.667806083, 107566.467462465, 133967.583160327, 22989.7278039139, 24006.3747952385, 36985.3996122293, 
49018.4380561141, 23463.5037090126, 133497.777581608, 32972.7976159779, 135505.590043696, 47994.71576933, 48474.3370798258, 36499.3464453667, 126499.458987657, 128499.462517899, 132493.985333726, 47492.4721827917, 44502.9724405175, 49456.3347671572, 132448.653464397, 37558.3723067511, 23999.3235697001, 33999.3361025276, 36999.3318076385, 117999.440998398, 128999.454809544, 134999.462176163, 142999.472592847, 142512.632570546, 112504.841429847, 36989.594055037, 31996.1735367589, 32970.167259858, 23499.3143237447, 
24499.3165258551, 25499.3176997527, 31499.3986627022, 33499.3274257695, 34499.3282090873, 37499.3326013405, 38499.3337144209, 39499.3352459837, 49499.3478354532, 57499.3575905245, 59499.3599877749, 94499.4044515053, 111499.510844508, 113499.428009866, 139499.460040783, 143499.464855154, 113023.749876735, 26480.3387140669, 138510.36845838, 48483.3575136354, 135975.885973717, 118000.688685128, 33672.4080014937, 31506.4235033747, 106002.572384428, 28971.1062465776, 138011.584511231, 33009.0423402209, 
139030.001601459, 32494.1496823914, 38000.9865594078, 34964.8275664989, 47957.4495538371, 31999.3178115273, 106999.411530077, 107499.412624695, 136999.448717173, 34004.7808723142, 98998.2566099474, 24983.5748378299, 47470.2068386944, 102500.593874342, 49037.3413048722, 26003.3732649311, 101496.743923456, 49939.1777530974, 32978.9129968761, 117997.911859314, 48546.5954351658, 47992.8342694119, 50454.2964738281, 33500.7696425905, 83478.0995071456, 99491.2885817308, 107510.022806785, 87003.1208667466, 
38493.1602863576, 118484.896893285, 34496.2739898022, 102015.401220895, 105494.308621105, 84498.4279902577, 26499.3028546292, 106499.403625126, 33988.3070009034, 99017.4583807737, 98486.0564554399, 139000.513091143, 107035.103162811, 59001.4356602505, 143996.942201146, 49460.3225720469, 42491.4941740716, 59488.1603921205, 25476.9724866394, 29478.4218151178, 35496.8896179944, 24485.3229393819, 32457.9213253157, 36522.1014862256, 24999.2933220994, 32999.3041865984, 33999.3054858753, 36999.3956024926, 
34999.3059869837, 37999.309616344, 42999.3164083492, 48999.3238755437, 49999.3253036626, 50999.3263202906, 98999.3866421739, 99999.3881591884, 100999.38936185, 130999.425881826, 138999.435437239, 106495.674765748, 122526.035532249, 107509.0436148, 97982.7924893899, 128000.675984585, 86993.5390245588, 31981.2219110159, 24499.2857264681, 29499.2920591384, 36499.3107366115, 32499.2948119938, 34499.2980008209, 35499.2989618387, 48499.3154505165, 49499.3168424061, 57499.3269715421, 56499.3931814115, 36979.1090094717, 
97499.376820473, 100499.380695945, 101499.386663685, 107499.388868611, 111499.450772412, 138499.42719204, 33015.0206700964, 133011.871447491, 34978.6539893774, 56516.0411188165, 38986.6264475128, 33002.750163137, 57493.6979858289, 118957.352170693, 38499.3240282917, 37527.2457446372, 82490.4081525123, 32497.9640333159, 28005.2971732868, 28486.3214744972, 122523.931719761, 118472.525439137, 31999.2870695824, 36999.2928013504, 82999.3516729623, 96999.3686621832, 33496.3645903561, 29961.2792690536, 
23499.5448216926, 27518.7138402797, 128500.664969479, 37993.0108288731, 35978.4030477339, 103964.82803047, 58505.4808871197, 59000.3534954134, 124001.192489096, 23513.4221853986, 94503.672032577, 31989.606912965, 121968.890825734, 32491.0336943772, 57494.4633304244, 72506.4558654176, 113982.811665857, 36988.4752950147, 113007.659231743, 38007.5992392953, 137490.442266388, 24291.3261873825, 36499.285419059, 56499.3098336169, 111499.378605305, 87011.3310716143, 145499.420048546, 33987.345590719, 56999.2829109039, 
138523.393652422, 33007.3268716037, 38991.3701093746, 142998.721650992, 34478.1548249479, 37493.6842599558, 137980.523581237, 87966.2571395822, 37481.1331700897, 151502.328739299, 36523.8603464877, 36999.3276773347, 34999.2753067529, 35999.2764193388, 37999.2786506731, 47999.2917774664, 56999.3705112832, 88999.3428722005, 93999.349724873, 94999.3502946291, 97999.3539582249, 110999.370542703, 57504.8463425748, 56503.4791702293, 57982.7869665846, 93018.6613261243, 56974.9873888111, 36992.0992923258, 
35499.2679701205, 36499.3152672835, 37499.2706879992, 50499.2866761563, 56499.3163547423, 57499.2957879007, 101499.440555437, 100499.349722703, 104499.354021695, 90000.091776968, 49021.6335744662, 52517.1697680289, 37997.9121766975, 57501.6108687827, 99004.1751214713, 48002.4436061904, 102996.401970255, 48506.3629005384, 118475.595173436, 36999.2621863587, 51999.2815525578, 56999.287127628, 91999.3313358594, 126999.374115506, 93494.362781194, 51485.0255311849, 55991.3356732205, 37477.1672555674, 
58500.3482077671, 58014.583192545, 139978.029837537, 56516.0644479794, 50963.4374917792, 49985.2685701353, 88476.6764209028, 35506.4697846351, 123499.742958996, 51996.6353225857, 53503.1349270968, 53023.6968545336, 129502.848888696, 124473.782345871, 99509.7099100873, 36499.2542040329, 46499.2671100926, 48984.2847239748, 51499.2725286605, 52499.2741815578, 56499.2797890482, 49483.6451544948, 91990.5959710563, 139442.389824573, 54052.3080504425, 34486.5971981836, 47999.1451037424, 50472.4030799698, 
55513.5807148255, 46511.7474339493, 56486.6904375674, 137525.294174101, 57477.6745970119, 47496.3758413661, 36515.0457447013, 26999.3236149317, 31999.2914854567, 39999.2505935896, 46999.3038524333, 50999.2645673594, 52999.2667583618, 53999.2678964287, 56999.3215228776, 54999.2698367722, 55999.2703792797, 88999.311708142, 91999.3548662858, 98999.3241929086, 125999.358091143, 127999.360547805, 138999.373900184, 127489.875867003, 92482.5749240145, 67973.9351204094, 56973.3093147269, 33001.9845243925, 
26499.2335497113, 32499.2335236212, 33499.2352210274, 38499.2410412906, 39499.2427298231, 46499.2885691049, 47499.2523483317, 51499.3196833385, 52499.2591167986, 56499.3411154719, 54499.2614629725, 55499.2621780066, 57499.2650377816, 98499.3160937289, 101499.399063291, 122499.345583241, 127499.351804879, 140499.368164713, 141499.454173043, 142499.370586857, 47016.0250414405, 127998.968282939, 51926.109463647, 55981.2018790385, 116512.141111046, 53989.5279894527, 126005.207829986, 36501.948130683, 
53513.2506850855, 126491.112621466, 26999.219369404, 52515.44882668, 56999.2561549628, 36016.9411850842, 26504.0254450347, 40970.5308608627, 124496.199101723, 128509.065826702, 30466.2102504969, 37974.3042080905, 123505.66054503, 26974.7657269603, 34010.2213213686, 56996.8753672373, 62933.5268083327, 48970.2971171038, 155480.527034697, 53493.2984063895, 52985.9562451802, 41995.4909579791, 128990.764496551, 37020.0519745918, 129477.640635012, 40490.2633800181, 126983.608442007, 31482.3007566892, 117504.573272469, 
26485.4785654349, 36499.679012401, 26999.1884633591, 35999.2152764797, 36999.2402846813, 41999.2370425407, 61999.32886374, 98999.2935943985, 154999.361513788, 155999.363356484, 141537.018670564, 52009.7025110647, 42011.9530151086, 27499.1963497819, 28499.1972510768, 32499.2030231645, 40499.2132719746, 45499.2193757026, 49499.2242629044, 52499.2273856243, 124499.317218806, 140499.336849282, 32513.967506906, 45979.6519805305, 53972.562105177, 52992.6901964182, 49001.2167244451, 123990.106695203, 156999.348359291, 
142503.054257893, 129972.075948455, 39993.708733635, 53476.2393977307, 47503.002674845, 47981.5885305516, 75009.8453278607, 46497.8190817907, 140973.557689355, 142983.071844778, 33991.2663572766, 131499.310176013, 132999.311459145, 140448.901191047, 49004.2302241037, 48007.4803737355, 38507.5130465291, 35493.3707678048, 122010.898159104, 122508.540234502, 27999.1739366874, 32999.1806249721, 33999.1818871144, 115999.283382133, 32494.5731607331, 132498.207455116, 118499.279064114, 120499.280644245, 
132499.295987187, 134499.298381493, 139499.30428224, 133000.619943698, 38512.2185303867, 118975.584947237, 135972.416578712, 136466.19661826, 136999.293543936, 134998.78413264, 135471.599658864, 119472.071824371, 124509.608837128, 129459.22530311, 44497.8197183106, 36482.8873234503, 29999.1451628059, 39999.1587556507, 40999.1597726736, 117999.254757583, 133999.273987926, 121504.011060028, 40499.150895739, 44499.1564329406, 46499.203791257, 116997.14729146, 145974.16005642, 91517.9976144005, 36999.1390977306, 
141999.268581935, 137988.498035318, 108025.649486641, 143002.273572219, 119452.388713404, 132006.337073462, 40462.714121432, 142501.815108529, 136999.258312253, 141499.263678662, 143499.24692189, 141977.46317893, 142998.328373081, 142514.194471986, 144046.352829774, 143485.165590249, 136993.31538451, 110482.916834353, 144493.434869682, 135481.776865604, 111496.699601074, 141498.884899016, 141999.247886514, 143999.22372374, 144999.224901713, 154999.237497938, 155999.238934753, 143499.215952991, 144499.217002749, 
156499.254561746, 160499.235771858, 146009.298320257, 113485.392602292, 139013.898995535, 144971.749578724, 139941.505807492, 145496.983065262, 140456.63890093, 156499.215762313, 128501.505184753, 122006.59457715, 143520.494940112, 142471.037636055, 141999.219067427, 142999.191577109, 143999.193253647, 144999.194606515, 154999.205852983, 141510.517242538, 142482.858566032, 140499.180432302, 147499.18922526, 149499.191798061, 158005.909836971, 148467.431069152, 143005.297909567, 140970.830921428, 
119962.9033891, 143007.717887067, 150499.231530352, 116499.135909013, 131499.154859092, 148499.174931395, 142452.78892534, 142488.066164802, 98999.1072137179, 113999.125210905, 116999.199201276, 148999.167967341, 155999.175882944, 117508.104631772, 142975.818451218, 154499.166470101, 155499.167842444, 144011.043476257, 146482.407918704, 137981.976289536, 145987.423470186, 153007.455421905, 146999.150190231, 104014.509725574, 149439.929244136, 98011.872662331, 143524.415079748, 133015.157204608, 142983.210674518, 
96998.075026162, 104999.084177261, 143999.130910843, 147999.135182407, 149999.137598778, 146982.933080439, 98499.0676598707, 103499.074114477, 131499.1029135, 145499.124941719, 146499.135284375, 101975.16020829, 110997.613978292, 146999.118215126, 111499.068674146, 122501.426125175, 110999.059776636, 119499.062532908, 132995.473252614, 118503.366545619, 118998.452274273, 133499.140146339, 131499.061266035, 114471.35508131, 111464.04697353, 133004.61727991, 118988.794741207, 118521.806578866, 117983.985671625, 
131478.250612578, 132002.944201075, 133013.16017195, 132499.584160314, 118986.802377422, 128979.325083832, 124999.014824319, 126498.224049103);16,5646853146853
0,5;"q50";2288;195;114400;9750;c(76499.7219244273, 78499.7167184974, 78499.724622868, 79499.7141480045, 82499.8476909094, 84489.535067306, 85498.7629298099, 85499.8126800694, 85525.7147379323, 89498.7390976585, 89499.7708637128, 89499.884512682, 91499.8400844727, 93499.8505744025, 93499.8898440743, 96499.7251074822, 96499.7800358231, 97492.4850373429, 98499.9144671046, 98499.9161019883, 98515.4842427764, 99502.5384656455, 100490.830269962, 100499.871611329, 100513.280220764, 103499.605252567, 103508.654832955, 103510.710246326, 
103522.533816902, 104499.633919174, 104499.735774646, 104499.759261366, 104501.969853122, 104503.798377776, 104517.310931417, 105499.733162758, 105499.76449813, 106499.743266259, 110499.735830515, 111483.128967365, 111492.028125914, 112496.424593838, 112503.816299346, 112507.59738998, 112511.632231765, 113465.369319189, 113499.641971889, 113499.649805197, 113499.657617327, 113499.716342404, 113499.743742847, 113502.908655986, 113513.091558131, 114499.623759878, 114499.731739258, 115483.286099656, 
115499.918812716, 115499.973788247, 115531.885543873, 116480.18411923, 116499.751583564, 117499.738567064, 117499.85866234, 118498.888687217, 120499.756880138, 120499.8821953, 120513.691858248, 121482.650476036, 121499.874043451, 121499.887460191, 121508.387190209, 122499.869155947, 122499.892696054, 123497.566856567, 123499.893954736, 123505.507096482, 124486.98656032, 124499.730801806, 125499.689103052, 125499.736029988, 127490.007583423, 128492.306851549, 131499.853480078, 132499.584956003, 132512.873567014, 
132519.778758972, 132526.058102387, 133499.35627017, 133499.364049657, 133499.549415935, 133499.605775003, 133511.334917009, 134499.470529558, 134499.478365466, 134506.503042827, 134514.647168477, 134532.592077656, 135496.040896239, 135499.467991403, 135499.475789627, 135499.686584831, 135499.788244684, 135499.866492674, 135504.160987114, 135510.112812538, 135513.14111728, 136492.640660513, 136493.536707126, 136499.332940351, 136499.465433536, 136499.667057281, 136499.668338399, 136499.879535382, 
136500.789059705, 136513.519185114, 136521.87490049, 136523.41354492, 137479.775308777, 137480.912354853, 137486.739478218, 137496.172691665, 137499.340049807, 137499.377110568, 137499.47526125, 137499.478398013, 137499.492802181, 137499.52518267, 137499.657926709, 137499.673569322, 137499.892586992, 137511.011293888, 138494.623269623, 138499.366737912, 138499.374545592, 138499.382296397, 138499.475838301, 138499.487853515, 138499.91804325, 138519.650408233, 138520.774442674, 139483.893298394, 139485.021013374, 
139492.87169726, 139498.402227028, 139499.356383547, 139499.368053787, 139499.371952622, 139499.481061857, 139499.496635971, 139499.676177808, 139499.691761987, 139503.239071335, 139506.422705617, 139508.493736814, 140485.21851548, 140486.368737095, 140496.175403031, 140499.431691667, 140499.478468886, 140499.486271814, 140499.595487379, 140499.63450321, 140499.665743805, 140502.322909336, 140505.34195261, 140509.27928165, 140517.901662488, 140530.535151915, 141469.651730388, 141483.589227063, 141489.513694568, 
141499.429144334, 141499.475255227, 141499.491487736, 141499.499227748, 141499.507061419, 141499.552970087, 141499.663111518, 141499.678793833, 141499.929134075, 141499.952639773, 141500.394129222, 141504.559392224, 142482.711251032, 142485.687650445, 142489.403375236, 142496.813512109, 142499.372034159, 142499.380169122, 142499.426045387, 142499.442151634, 142499.496655347, 142499.598078017, 142499.603389489, 142499.762105327, 142504.326504412, 143474.729263776, 143483.773406941, 143483.966438919, 
143494.314756699, 143496.478010828, 143496.596320701, 143499.114843314, 143499.361680644, 143499.43956509, 143499.486319517, 143499.494114139, 143507.695451282, 143508.112436683, 143524.91047308, 144486.914438167, 144489.858752768, 144490.758204276, 144492.875870574, 144496.236311109, 144496.94421012, 144499.277204692, 144499.374634881, 144499.436961086, 144499.452547025, 144499.460339879, 144499.733110647, 144500.452607327, 144503.047409956, 144503.511585977, 144522.5613257, 144524.976710438, 145487.585308431, 
145495.199884731, 145498.525738857, 145499.340936595, 145499.35620133, 145499.356499188, 145499.372081767, 145499.379871956, 145499.387685864, 145499.421322623, 145499.426612773, 145499.434357278, 145499.449990431, 145499.457737295, 145499.465557926, 145499.512323364, 145499.644907963, 145499.660510984, 145499.663861298, 145499.668356456, 145499.691788294, 145502.704018341, 145505.850322371, 146465.530048379, 146483.016588561, 146486.182150322, 146494.097830918, 146499.226286519, 146499.369483122, 
146499.408404868, 146499.431770589, 146499.440856258, 146499.447378829, 146499.45514951, 146499.462946278, 146499.52533389, 146499.572091508, 146499.689139865, 146499.690527443, 146499.853386686, 147482.555721667, 147490.152513187, 147494.448878325, 147497.100939736, 147499.351360254, 147499.530500676, 147499.686590548, 147499.952517013, 147518.823081268, 147520.796522119, 148486.262152502, 148492.06170346, 148492.964809167, 148493.547447636, 148499.364363616, 148499.379918843, 148499.44220342, 148499.488937867, 
148499.676154459, 148499.683946812, 148499.723052574, 148502.020039034, 148504.206605343, 148504.590671064, 148505.902674201, 148513.52251792, 149499.346262822, 149499.361806545, 149499.377317198, 149499.431864711, 149516.638291396, 150491.072355673, 150496.322710241, 150499.35920318, 150499.374738518, 150499.444993644, 150499.452625316, 150499.468200231, 150499.499331966, 150499.546123829, 150499.692113173, 150500.013120454, 151473.770613168, 151474.441356383, 151495.737888566, 151496.823935029, 
151499.387734436, 151499.41886987, 151499.426691538, 151499.457840564, 151499.465593252, 151499.47337473, 151499.488952869, 151499.668325603, 151500.638301846, 151505.041945898, 151507.641473989, 151509.353047987, 151513.314912069, 151518.713260434, 151568.842286066, 152415.323576495, 152429.765034832, 152480.890182904, 152483.505811591, 152484.743367377, 152486.995220887, 152489.547494839, 152493.567161082, 152494.866214262, 152498.007363265, 152499.346293324, 152499.385208081, 152499.392926133, 
152499.408525186, 152499.455260263, 152499.463034449, 152499.486392364, 152499.494141358, 152499.64229396, 152499.782884006, 152500.985486211, 153478.758219667, 153499.352469834, 153499.359252793, 153499.367031201, 153499.444838253, 153499.462066373, 153499.476009772, 153499.499400592, 153499.507355066, 153499.522771702, 153499.546119524, 153499.661035985, 153499.663146264, 153499.670922814, 153509.424531428, 153510.497974703, 153514.048880816, 153516.009859254, 154485.000863082, 154494.657229894, 
154499.341101938, 154499.394164384, 154499.439452525, 154499.449812423, 154499.465623486, 154499.481196655, 154499.496748886, 154499.504605736, 154499.512350009, 154499.543550271, 154499.551298434, 154499.637100033, 154499.676125878, 154500.004602111, 154500.012439025, 154505.092128788, 154516.465766475, 155462.765353612, 155468.132127246, 155478.896701441, 155482.968116249, 155483.982508418, 155491.968284763, 155499.385181139, 155499.431912085, 155499.478596573, 155499.49419586, 155499.509774942, 
155499.689131396, 155500.009815845, 155500.32123986, 155506.812357697, 155513.280734404, 156487.861116995, 156495.377278041, 156495.867811363, 156495.940373325, 156496.748981692, 156499.390435722, 156499.429308895, 156499.491615855, 156499.507172312, 156499.574345523, 156499.68652302, 156500.022854144, 156509.227334576, 156510.8587166, 157471.211327746, 157480.157504349, 157497.331074775, 157499.356734273, 157499.372243732, 157499.387828752, 157499.390210349, 157499.395604927, 157499.473408145, 157499.481202938, 
157499.496389982, 157499.512338606, 157499.52014647, 157499.551330047, 157499.660526305, 157499.683908508, 157501.478478847, 157507.009056308, 158455.360028432, 158479.083467101, 158486.088887639, 158491.967022841, 158499.361890007, 158499.379207146, 158499.393025067, 158499.400775307, 158499.408563502, 158499.459936979, 158499.47085484, 158499.486447584, 158499.5019569, 158499.509759291, 158499.51759237, 158499.543533449, 158499.548739841, 158499.556511628, 158499.693334936, 158499.696932559, 159491.243429928, 
159494.02732343, 159494.426306157, 159498.991672069, 159499.514990866, 159499.702080105, 159516.197869358, 159525.615144467, 160483.703418993, 160498.694080638, 160499.473415207, 160499.621463908, 160499.894831632, 160505.72454003, 160508.10610117, 160512.620914429, 160524.436783764, 160538.976975908, 161489.229689097, 161491.719741554, 161492.136238503, 161499.393042721, 161499.400793818, 161499.408586608, 161499.41641814, 161499.486449852, 161499.517589325, 161499.587701143, 161499.603299339, 161499.704665883, 
161500.527998372, 161509.768142669, 161553.517715912, 162487.966248076, 162499.390488515, 162499.40605336, 162499.413828292, 162499.490810068, 162499.491603326, 162499.507221624, 162499.518070287, 162499.60848026, 162499.631861649, 162499.639660792, 162499.660442705, 162526.926324532, 163486.670151971, 163486.71944962, 163488.943120331, 163493.774794424, 163494.755510979, 163499.387889074, 163499.395661602, 163499.465672221, 163499.48126666, 163499.520197956, 163499.668257368, 163499.70723805, 163499.766609913, 
163500.968495362, 163502.236038892, 163504.556831455, 163507.494680601, 163507.777754202, 163507.931927707, 163514.079322055, 163514.521183355, 163516.612493417, 164473.972534412, 164483.439540404, 164488.470750364, 164490.1621185, 164499.385264155, 164499.424177982, 164499.431956076, 164499.517599022, 164499.634473141, 164499.657856506, 164499.681237155, 164499.696887824, 164499.704671474, 164499.774925421, 164500.302475114, 164507.251321304, 164517.394814392, 164521.130480255, 164525.57337258, 
165474.992629297, 165489.131869238, 165490.747952563, 165495.944380503, 165499.374953695, 165499.40606258, 165499.413845222, 165499.431213874, 165499.437158622, 165499.491642516, 165499.522744236, 165499.676686382, 165499.694212983, 165499.703450848, 165499.733281306, 165499.744306709, 165500.046063303, 165503.790554848, 165505.896305036, 165518.667937715, 166485.75722727, 166489.786790602, 166499.395644995, 166499.411255656, 166499.419024716, 166499.43454446, 166499.456395636, 166499.496841812, 
166499.512373034, 166499.596838273, 166499.691621551, 166499.713418519, 166499.746262587, 166499.785285818, 166502.77112132, 166509.277174312, 167480.441509801, 167480.86999857, 167486.227145739, 167494.551631146, 167499.408617334, 167499.431948138, 167499.48642673, 167499.509780452, 167499.579884707, 167499.688659658, 167501.814030855, 167502.970748891, 167504.954984665, 167505.004225524, 167505.406462097, 167506.009467962, 167506.140107728, 167512.212220225, 167513.434539585, 168478.874598246, 
168482.205091298, 168482.983664935, 168495.949198003, 168498.327750749, 168499.390505062, 168499.406019136, 168499.42939009, 168499.437172724, 168499.452735092, 168499.507147767, 168499.514986046, 168499.62402724, 168499.639603998, 168499.701985732, 168499.80778393, 168499.983289967, 168500.215072205, 168506.932807592, 168510.303117019, 168522.438375392, 168523.357170551, 169475.619028825, 169491.591590195, 169499.358408662, 169499.403768741, 169499.442318455, 169499.450139613, 169499.461684103, 
169499.533412146, 169499.566859074, 169499.582461926, 169499.595471886, 169499.699394007, 169499.932437477, 169502.526284279, 169504.262761029, 170489.730789749, 170491.310854093, 170492.227901369, 170499.416390471, 170499.463067047, 170499.478624141, 170499.51752508, 170499.569922834, 171483.017107238, 171487.288001926, 171491.452895305, 171496.841350651, 171499.592793143, 171499.850257113, 171500.146210559, 171507.98540556, 171513.68420293, 171517.490836603, 172466.521787403, 172475.365403665, 
172476.793623942, 172499.442327551, 172499.450103593, 172499.629145202, 172499.644768839, 172499.707142592, 172507.607411034, 172512.627654192, 172517.301521789, 172517.54575805, 172520.472355517, 173499.509733625, 173499.525310493, 173499.57979585, 173499.626589654, 173499.774767456, 173503.103539245, 174499.530520557, 174499.662878982, 174499.795794818, 174513.565623624, 175499.527892675, 175499.574584725, 175499.582393645, 175507.997174995, 176486.248830155, 176496.448573789, 176499.533055042, 
176499.540866081, 176499.595336431, 176499.930882175, 176500.196367069, 176506.912958233, 176517.661498482, 176548.349731177, 177499.584935616, 178496.993125807, 178499.535641356, 178499.543420669, 178499.58236689, 178499.699252708, 178499.717736365, 178499.746044388, 178499.784994795, 178499.841817459, 179457.668768285, 179496.981065127, 179499.540807486, 179499.564197378, 179502.536272101, 179505.265120111, 179505.305087849, 179513.075775001, 179514.249917455, 179524.574510925, 179577.443634113, 
180490.866097657, 180499.561579407, 180499.600466492, 180499.779739804, 180499.977147029, 180504.471957135, 180508.359008528, 180513.464510074, 180518.317131084, 180521.33031195, 181493.236003624, 181499.558994427, 181499.582319644, 181499.693944775, 181499.792755564, 181502.531158558, 181509.798885257, 181523.531051445, 181536.681765976, 182491.601235854, 182496.18726882, 182499.424140099, 182499.462993513, 182499.579703438, 182499.626406913, 182499.649792924, 182499.657547148, 182499.668673345, 
182499.696533836, 182499.704328056, 182507.668158633, 183474.906438468, 183482.630446159, 183485.091887456, 183487.888754472, 183488.29682378, 183491.187609207, 183497.094124395, 183499.452689951, 183499.569311572, 183499.725081924, 183499.842085432, 183500.988479103, 183502.088405518, 183503.190897467, 183504.861416233, 183507.852650023, 183520.161011471, 183538.663660957, 184398.326077757, 184485.156289913, 184486.110840836, 184488.961011684, 184488.993130912, 184491.530597781, 184497.132720121, 
184498.475976879, 184498.689592661, 184499.128648476, 184499.566733614, 184500.003585333, 184500.605988181, 184502.859035689, 184506.985915241, 185499.237947458, 185499.478555647, 185499.548498434, 185499.587427488, 185499.634175435, 185499.652274079, 185499.978810544, 185512.230375846, 185519.677904136, 185519.708902734, 186495.458453072, 186498.8061729, 186499.266381506, 186499.274132821, 186499.317371723, 186499.382757009, 186499.522608508, 186499.61598869, 186499.623728457, 186499.709459048, 
186499.732823952, 186499.740635474, 186499.748374457, 186502.192788502, 186505.670408546, 186506.316496125, 187447.841428312, 187468.021109515, 187473.528398173, 187489.245580782, 187490.246863768, 187492.40355516, 187494.175363459, 187495.252499754, 187496.337339529, 187496.637144316, 187496.668690461, 187499.271505776, 187499.380129011, 187499.769182161, 187501.26376476, 187502.176728856, 187502.753622712, 187504.115433405, 187504.355618044, 187504.97596818, 187505.999432105, 187508.979963157, 
187509.522506412, 187510.410716752, 187511.710828195, 187521.582336667, 188464.664155017, 188468.267400785, 188491.787407195, 188491.848846665, 188493.508920611, 188494.030138317, 188499.626286648, 188499.735325684, 188500.325124265, 188504.887467618, 188505.943869209, 188509.358571562, 188518.44199011, 188519.108525986, 188524.599304971, 188524.86468836, 188572.42325928, 189474.069489376, 189489.592109563, 189495.202684595, 189495.827182798, 189499.22653617, 189499.24312991, 189499.274081483, 189499.315078695, 
189499.437034471, 189499.474548997, 189499.483712989, 189499.530307624, 189499.545849464, 189499.670413433, 189499.748297639, 189499.756102718, 189499.763909654, 189499.802934202, 189499.857516467, 190474.166697417, 190485.040971011, 190498.165670702, 190499.083044892, 190499.248239314, 190499.250411848, 190499.27929804, 190499.287059397, 190499.349099436, 190499.426697384, 190499.434455241, 190499.465509975, 190499.481107436, 190499.488823181, 190499.52773727, 190499.5433002, 190499.55955948, 190499.582307704, 
190499.605532347, 190499.698940699, 190499.722290295, 190499.761264706, 190499.831443858, 190499.839258122, 190500.327862865, 190510.728879864, 190518.733148269, 191478.707147339, 191478.820295221, 191490.494988187, 191491.823909764, 191493.76503946, 191498.54914048, 191498.705562651, 191499.540650769, 191499.579547446, 191499.852286659, 191500.180538925, 191502.742101627, 191508.162898166, 191508.235506029, 191508.852371477, 191540.539237959, 191547.386577539, 192483.551218335, 192484.739138467, 
192486.755878213, 192491.535811164, 192495.054991538, 192495.89507045, 192496.119631113, 192497.852948232, 192499.771595459, 192501.505217363, 192502.185644535, 192505.299501324, 192505.593655598, 192506.883021148, 192507.532916447, 193479.035302032, 193483.180301007, 193484.532746732, 193499.263779807, 193499.277160928, 193499.294796709, 193499.449997616, 193499.535443566, 193499.566523989, 193499.597692476, 193499.628814802, 193499.722241576, 193499.768983264, 193499.792394035, 193499.803923249, 
193499.83133629, 193499.885967601, 194487.436818075, 194487.4676058, 194492.288843884, 194495.650588711, 194498.072556808, 194499.007888266, 194499.253415372, 194499.255536621, 194499.274287078, 194499.284470542, 194499.400802292, 194499.428375358, 194499.431843182, 194499.447363078, 194499.455158414, 194499.548347432, 194499.734603888, 194499.781928846, 194499.79753673, 194499.894312446, 194507.114098905, 195483.871446027, 195487.850042422, 195487.995103093, 195490.18182097, 195490.87570218, 195490.993763062, 
195491.312907461, 195494.661146259, 195499.274115854, 195499.468046822, 195499.779279479, 195499.89085645, 195501.010478558, 195502.524575922, 195502.850358406, 195507.331538702, 195507.62214858, 195510.854529566, 196448.464152459, 196466.379401259, 196479.442460216, 196489.75838242, 196493.434232965, 196494.811714564, 196496.488154075, 196496.769351422, 196498.496189029, 196498.601844216, 196499.815622744, 196504.585948382, 196506.228979511, 196506.432887046, 196507.467815441, 196512.283354558, 
196515.905476277, 196519.57939314, 196520.144380671, 196520.57304829, 196524.942895331, 197485.268031895, 197486.499325266, 197488.352459906, 197494.053960051, 197499.268953634, 197499.284396861, 197499.299947243, 197499.424017675, 197499.441662641, 197499.455107825, 197499.517244385, 197499.610505147, 197499.61829233, 197499.720206435, 197499.798632446, 197502.347160792, 197522.031713247, 198491.515412871, 198498.078760065, 198499.250820282, 198499.258574758, 198499.435338265, 198499.444690519, 
198499.452489368, 198499.46022967, 198499.467260108, 198499.475772003, 198499.725632038, 198499.794819681, 198499.825978797, 198499.84157679, 198510.360235609, 199482.902374444, 199486.778347885, 199487.798352469, 199489.235926127, 199495.211238961, 199497.425552182, 199497.906557446, 199499.403282809, 199499.823314348, 199501.048215005, 199501.867957971, 199506.864802076, 199508.28017244, 199510.309132611, 199516.647271754, 199520.322391903, 199525.965040459, 200459.071275477, 200482.774933409, 
200489.141162857, 200496.378248236, 200496.771509138, 200499.237957677, 200499.430358244, 200499.431769123, 200502.805073286, 200503.212889627, 200504.647163357, 200507.880074888, 200525.375382683, 200540.606681173, 201490.659746303, 201491.939756547, 201492.696920883, 201492.820090012, 201499.297298985, 201499.305088515, 201499.32827623, 201499.429138872, 201499.444653452, 201499.45243666, 201499.460226906, 201499.48360244, 201499.515661579, 201499.561144203, 201499.615582682, 201499.807187087, 
201501.068412985, 201508.579031053, 201512.373584667, 202491.563307562, 202499.232748136, 202499.248254851, 202499.372228878, 202499.395239393, 202499.416538014, 202499.442020977, 202499.465378136, 202499.558532933, 202499.566308964, 202499.571713783, 202499.597410703, 202499.620784991, 202499.846622419, 202499.877803904, 202509.561178079, 202537.901426013, 203473.99898519, 203480.563384207, 203483.500470261, 203483.830052881, 203489.207938391, 203492.598691383, 203497.695808103, 203498.576012558, 
203499.245637077, 203499.477500623, 203499.47825622, 203499.594829312, 203499.606463623, 203501.023153352, 203501.842404126, 203502.827409508, 203507.008956141, 203510.182646177, 203511.819012227, 203512.328583652, 203515.917699001, 203522.0757251, 204367.059051283, 204438.78969457, 204479.41428958, 204479.462287663, 204479.669127793, 204486.597612916, 204488.918137965, 204489.306478887, 204492.735341029, 204494.369199626, 204496.550429651, 204499.444583219, 204499.55333823, 204499.769168523, 204499.825745532, 
204500.169893881, 204506.089899132, 204508.537631911, 204509.983863143, 204511.157541569, 204530.092426426, 205463.802091434, 205477.879982931, 205487.192286107, 205496.635806168, 205499.082578698, 205499.201809676, 205499.224988035, 205499.240449151, 205499.310166602, 205499.426495472, 205499.434277144, 205499.457519711, 205499.465300419, 205499.473018089, 205499.480931616, 205499.574044239, 205499.581763727, 205499.612900978, 205505.436289478, 205522.566563108, 205545.458515697, 206491.920026097, 
206493.236013558, 206495.031236289, 206499.200967441, 206499.214710758, 206499.222428293, 206499.23790971, 206499.253412905, 206499.26365003, 206499.268846065, 206499.292096498, 206499.307627076, 206499.388628555, 206499.462717358, 206499.470406906, 206499.485975356, 206499.500641664, 206499.641387414, 206499.656915801, 206499.921616993, 206499.92180968, 206500.876909261, 207400.51250402, 207489.958841267, 207494.767030319, 207496.32309378, 207498.200787882, 207499.212119378, 207499.250810733, 207499.48334036, 
207499.599907585, 207499.886576504, 207501.88943254, 207501.971544685, 207504.742544162, 207504.879003274, 207505.452343088, 207508.584107293, 207511.90003939, 207512.246425652, 207512.33944439, 207513.683185962, 207515.906239265, 208461.51148984, 208469.142414162, 208473.586166266, 208479.275150418, 208484.292593469, 208485.527462594, 208485.533347181, 208487.125627946, 208490.167558698, 208491.524242866, 208492.035886508, 208492.641644805, 208493.444906038, 208494.900738256, 208499.173446253, 208499.209486456, 
208499.248234151, 208499.480722578, 208499.540481435, 208501.760674363, 208503.108867472, 208504.072004761, 208505.364387956, 208508.917212407, 208509.872133843, 208511.039117306, 208511.555484207, 208513.488080749, 208513.731120816, 208518.900581977, 208522.09071262, 208528.433473446, 208529.162058614, 208544.184288964, 209483.99333152, 209499.222403058, 209499.230114789, 209499.261071859, 209499.264213736, 209499.268855439, 209499.276563656, 209499.315280339, 209499.448757783, 209499.478149409, 
209499.610140055, 209499.672368532, 209499.760115861, 209505.873137589, 210480.137206448, 210482.859831328, 210487.764837876, 210490.81693589, 210491.050905005, 210497.464491829, 210499.219833088, 210499.227523306, 210499.243025202, 210499.275461231, 210499.297192077, 210499.475539452, 210499.503064327, 210499.545399023, 210499.615336619, 210499.654226601, 210499.662722849, 210499.700873079, 210499.732018253, 210499.786529792, 211423.226299276, 211468.265245268, 211468.951951947, 211482.70473242, 
211485.004025588, 211488.05697197, 211495.176300042, 211497.005720611, 211499.188200599, 211499.294661491, 211501.106474324, 211504.684446554, 211509.006024366, 211511.140301907, 211511.8305973, 211547.244210158, 212476.751391318, 212483.616979592, 212484.714883193, 212485.400322172, 212490.709369749, 212490.815810317, 212492.245913169, 212496.842063269, 212497.25077895, 212498.621441763, 212499.641143809, 212500.512039333, 212502.327740281, 212505.590094905, 212541.384560048, 213494.258641696, 213496.276092836, 
213496.418276351, 213499.235272286, 213499.304958294, 213499.339869709, 213499.359164189, 213499.475459111, 213499.483210018, 213499.48521605, 213499.70852919, 213499.803880801, 213504.065830645, 213508.497998784, 213516.481191555, 213520.764664336, 214475.011820122, 214483.497017868, 214489.591268652, 214499.232644126, 214499.240446535, 214499.248110386, 214499.263609439, 214499.28318551, 214499.286803249, 214499.480569242, 214499.496094754, 214499.729267981, 214499.802563649, 214499.843596233, 
214499.853814389, 214499.892832473, 214504.602870431, 214508.540160814, 215484.954188387, 215485.369820788, 215485.752700447, 215485.949375976, 215486.871955663, 215489.591411688, 215491.844273746, 215494.58442775, 215495.805437564, 215497.233026346, 215497.947196503, 215498.045360566, 215499.222338881, 215499.261022655, 215499.493504758, 215501.162932448, 215501.821608557, 215502.914653238, 215502.96102032, 215505.229633723, 215506.927233899, 216469.422279913, 216473.463431265, 216474.232215132, 
216479.888836499, 216481.058131226, 216481.171456442, 216481.659685351, 216487.921184165, 216488.375243085, 216493.840336201, 216494.535909131, 216494.749099857, 216495.948565284, 216499.181101276, 216499.258434178, 216502.547901174, 216503.135473299, 216530.522834887, 216543.591552482, 217475.573123674, 217480.108286154, 217483.947664942, 217484.666823361, 217495.661776089, 217495.834197528, 217499.178509665, 217499.20651523, 217499.217144768, 217499.387477611, 217499.56025561, 217499.640118818, 
217499.947246151, 218461.872025878, 218467.7332811, 218477.069686849, 218483.262511639, 218490.044587092, 218492.926169907, 218499.145470796, 218499.175955183, 218499.193864871, 218499.35386461, 218499.384876947, 218499.39257412, 218499.508964155, 218499.516680423, 218499.57882658, 218499.594340997, 218499.625397643, 218499.89778093, 218499.905599879, 218499.913357426, 218500.292488442, 218508.119980509, 219458.158465001, 219467.509349676, 219478.663223561, 219480.612647813, 219486.34506131, 219486.812728967, 
219492.414113575, 219496.38352055, 219497.452412864, 219498.052313605, 219499.072416253, 219499.150142997, 219499.165099031, 219499.537374705, 219501.289678125, 219503.516261183, 219505.381350853, 219505.672617503, 219507.908071553, 220405.924077035, 220451.732429388, 220476.156989694, 220482.334526019, 220495.02384867, 220497.303569864, 220497.536870171, 220497.699053709, 220497.994960148, 220499.263540125, 220499.534730803, 220499.923649523, 220502.599440278, 220504.608226014, 220504.697781295, 
220514.495609312, 220517.700634115, 220522.11920341, 220524.823119329, 220528.631743561, 220568.007516548, 221484.091810695, 221488.143906341, 221499.144982226, 221499.160453419, 221499.175872647, 221499.222247185, 221499.237700105, 221499.245472246, 221499.415798625, 221499.439002065, 221499.454550521, 221499.51662499, 221499.524337503, 221499.532144877, 221499.547643629, 221499.570941703, 221499.609718478, 221499.736560121, 221499.921657734, 221499.959965715, 221501.48339364, 221507.056222829, 
221507.839675856, 221509.352213938, 221518.854477628, 221527.263809621, 222472.789244581, 222483.433160166, 222483.638573883, 222493.301784217, 222496.535858311, 222499.23517535, 222499.242837792, 222499.250641641, 222499.258337376, 222499.413207192, 222499.521744535, 222499.529518089, 222499.534771341, 222499.544997615, 222499.552783846, 222499.560511485, 222499.583837129, 222499.630417008, 222499.679862305, 222499.700401883, 222499.769086399, 222499.949547015, 222505.431029042, 222508.276160485, 
222509.223110623, 222510.821726846, 223478.318327565, 223488.023148871, 223488.10861406, 223489.884516037, 223492.809890934, 223492.961723483, 223499.15526283, 223499.271224348, 223499.581169258, 223499.697728999, 223499.892318625, 223500.283071815, 223501.867443983, 223505.846980098, 223506.502156019, 223510.235584829, 223512.28746132, 223523.194677834, 223524.067894194, 223536.279458993, 224456.158084038, 224472.319911323, 224480.353951251, 224485.716261975, 224489.273136419, 224492.156197418, 
224495.500672186, 224499.152695958, 224499.22992352, 224499.287947864, 224499.424442409, 224499.695127672, 224501.191881834, 224503.717067308, 224508.008541534, 224511.387322587, 224520.30107283, 225467.437571833, 225476.201828273, 225485.75985133, 225490.526062019, 225490.750679104, 225498.59003846, 225499.173287806, 225499.289257917, 225499.296996634, 225499.426989524, 225499.442317159, 225499.468410982, 225499.505182618, 225499.52940574, 225499.537134867, 225499.549430726, 225499.560420216, 225499.599218503, 
225499.663926878, 225499.664891204, 225499.684674883, 225499.708026831, 225499.741581117, 225499.793595396, 225499.957137211, 225512.540991675, 225518.926614594, 226487.775212751, 226489.183226474, 226497.858203954, 226499.132058178, 226499.170665547, 226499.178400455, 226499.186141224, 226499.253206048, 226499.28659809, 226499.371742447, 226499.48025582, 226499.519038771, 226499.526784557, 226499.534544223, 226499.543415908, 226499.57330527, 226499.642088394, 226499.666480474, 226499.67429547, 226499.728609278, 
226499.744234626, 226499.752026127, 226499.884306523, 226508.13052655, 227460.984335687, 227465.47381002, 227467.911852051, 227479.37762432, 227479.481897301, 227479.990266908, 227481.091019273, 227485.090790071, 227485.775602197, 227490.028380067, 227491.050575475, 227491.308255793, 227491.543142641, 227492.211622341, 227493.823672043, 227494.484969592, 227496.311852253, 227496.492480578, 227497.836210435, 227499.27627593, 227499.297139646, 227499.741611585, 227500.289593986, 227503.56409167, 227505.006564168, 
227505.671043134, 227507.374487115, 227510.358115986, 227519.494586068, 227566.665508823, 228455.47195425, 228472.59203983, 228482.63041605, 228484.262762989, 228486.575337303, 228487.267169712, 228489.022360688, 228489.75533576, 228490.98213377, 228491.508866767, 228492.773534218, 228494.490039662, 228498.609834435, 228498.7080548, 228499.157772349, 228499.196364043, 228499.235039737, 228499.273676583, 228500.129904571, 228500.342959952, 228502.448396537, 228507.195583404, 228509.830862386, 228512.19538547, 
228514.916922451, 228523.065160469, 228537.46164091, 229479.524543095, 229492.380944924, 229492.595810216, 229493.209560028, 229499.101161313, 229499.108880794, 229499.139731974, 229499.140862915, 229499.147448777, 229499.155211251, 229499.178366779, 229499.247929678, 229499.255639103, 229499.271085139, 229499.465858234, 229499.526634303, 229499.59648244, 229499.728516485, 229499.962062843, 229515.401428667, 230472.479008033, 230480.111367949, 230493.811879123, 230495.307339455, 230499.060023234, 
230499.144901833, 230499.175764199, 230499.245298165, 230499.260764429, 230499.562618009, 230499.565813825, 230499.609359205, 230499.640452657, 230499.717057235, 230499.718083474, 230499.718565815, 230499.889269482, 230499.920453202, 230499.951615012, 230499.959451386, 230499.967193025, 230520.815935016, 231481.971412962, 231482.969443199, 231486.634626315, 231488.484577976, 231488.822464844, 231491.153461048, 231497.011952029, 231497.575678696, 231498.366804499, 231499.165456193, 231499.28135269, 
231499.980156388, 231503.243193228, 231503.532300311, 231524.568228236, 231542.433150362, 231606.272410947, 232448.858921738, 232476.944513229, 232477.056022667, 232477.210963098, 232478.23426371, 232483.796126407, 232490.555974367, 232490.661683819, 232493.341322167, 232494.167068891, 232498.304229392, 232499.162853094, 232499.860601267, 232499.876179289, 232503.378756864, 232509.051188313, 232536.548769872, 232539.448233527, 233319.261505044, 233495.377079974, 233499.067658524, 233499.144814792, 
233499.174033753, 233499.79572262, 233499.881343391, 233499.928059193, 233499.990351192, 233517.284025494, 233521.656760697, 234475.0578653, 234475.804420331, 234480.13320198, 234499.065094266, 234499.072795313, 234499.080523094, 234499.102766949, 234499.142255393, 234499.149937157, 234499.173093151, 234499.180878054, 234499.188548814, 234499.265808915, 234499.327659965, 234499.343199636, 234499.614352185, 234499.729090475, 234499.761964453, 234499.964330718, 234499.995516998, 234519.517510092, 235440.122894811, 
235468.300592044, 235474.239641226, 235479.498973156, 235480.108408016, 235482.137239073, 235483.320587742, 235484.332442822, 235484.35372227, 235485.126415095, 235487.432429423, 235488.486643832, 235490.504795818, 235491.084237871, 235496.445631437, 235497.712544856, 235499.131935173, 235499.712657882, 235499.716600937, 235499.946065283, 235501.850417386, 235502.809149061, 235503.903727687, 235504.346908311, 235508.44267147, 235509.140635142, 235512.864663949, 235515.519217111, 235530.179712641, 
236460.192189403, 236464.006385432, 236474.048780589, 236474.061974068, 236475.129318603, 236481.926526632, 236483.086844182, 236483.15032208, 236483.212800529, 236489.55559708, 236491.709675822, 236495.23274627, 236495.292367271, 236497.612006373, 236497.768435858, 236497.986440456, 236499.09078425, 236499.710070249, 236500.160562866, 236500.668935359, 236500.917940258, 236501.510213203, 236502.314819612, 236503.305482008, 236509.80015471, 236514.559016006, 236516.448330897, 236519.734564772, 236520.296362695, 
236521.8240647, 236529.015968511, 236532.648417808, 237473.21832839, 237488.52148809, 237499.080479237, 237499.142192292, 237499.149914228, 237499.154249205, 237499.157637388, 237499.180811894, 237499.219424041, 237499.265760321, 237499.273460004, 237499.281244216, 237499.653018137, 237499.660782828, 237499.668527998, 237499.901832756, 237499.964157228, 237502.912414448, 237503.100870077, 237505.900864723, 238474.954327938, 238475.315016975, 238487.15971257, 238489.403119044, 238499.077867333, 238499.116430719, 
238499.130408821, 238499.139619932, 238499.155020052, 238499.162752522, 238499.263131828, 238499.270852153, 238499.332690673, 238499.346904127, 238499.517607983, 238499.642640462, 238499.665889071, 238499.680769569, 238499.720327527, 238499.766569079, 238499.96145357, 238510.38175429, 238511.79045133, 239460.106214488, 239471.785611699, 239472.246665457, 239473.912096111, 239475.270614565, 239478.106446807, 239482.189544667, 239486.863797943, 239487.996784111, 239489.562742424, 239491.850081749, 
239492.081550526, 239492.791164709, 239496.784521226, 239499.137023257, 239499.175594473, 239499.531390986, 239499.639966241, 239502.114579622, 239503.665376888, 239504.446226786, 239505.171398067, 239505.434327368, 239506.174531419, 239520.239403003, 240457.635920532, 240473.921160757, 240484.313684918, 240484.674278062, 240485.837386119, 240486.025788684, 240486.073069836, 240488.617927018, 240488.968530161, 240491.054953887, 240491.927529111, 240492.160296742, 240492.940147369, 240493.692523002, 
240494.081992883, 240495.59066957, 240497.070807048, 240499.173018761, 240499.327534966, 240499.753880609, 240499.932678474, 240500.018479779, 240500.162138865, 240501.894059384, 240502.059054602, 240502.673101403, 240503.180423755, 240506.338597219, 240506.769868834, 240509.11712862, 240510.126030308, 240533.392725146, 241486.5305288, 241487.400009296, 241498.607653649, 241499.161775858, 241499.162676136, 241499.170424221, 241499.185822793, 241499.263083517, 241499.292025412, 241499.580422107, 241499.619220516, 
241499.626947226, 241499.650262636, 241499.751179495, 241505.025384879, 241507.57277711, 242475.850039362, 242484.29564091, 242486.107400379, 242497.461533081, 242499.167786826, 242499.17325829, 242499.18327135, 242499.283620301, 242499.312460373, 242499.337731601, 242499.668318275, 242499.670869901, 242499.70193694, 243470.884217846, 243472.090565303, 243479.867657898, 243487.70766712, 243488.843778222, 243492.266062372, 243492.859404328, 243496.675674954, 243498.254383884, 243499.022376917, 243499.180635502, 
243499.296515219, 243499.335125931, 243499.60618513, 243499.878051256, 243500.63286346, 243504.044630194, 243506.286923447, 243506.399887537, 243507.337142331, 243509.440368009, 243511.446338672, 243512.145747241, 243518.788632687, 243518.81771807, 244474.448895195, 244477.745807915, 244484.113028011, 244484.514188568, 244486.11920736, 244487.53721582, 244490.522244874, 244493.598176098, 244497.540127751, 244499.17805376, 244499.255229259, 244499.266854767, 244499.293927417, 244499.301634048, 244499.332494446, 
244504.643493454, 244507.307768914, 244508.823253997, 244515.29935627, 244523.401027894, 244526.839679324, 244530.77119042, 244544.890745172, 245444.828844928, 245479.764826056, 245481.091997576, 245486.951409519, 245488.413032819, 245496.264876258, 245499.077037624, 245499.11249716, 245499.206323656, 245499.232402149, 245499.291255504, 245499.306727884, 245499.314448458, 245499.320340385, 245499.322163799, 245499.329909476, 245499.585401095, 245499.620713855, 245499.662948213, 245499.872722244, 
245499.888287834, 245499.973951798, 245507.140168237, 245535.039313239, 246475.657590307, 246484.409882221, 246495.538002334, 246499.075518589, 246499.149699586, 246499.157419631, 246499.196022399, 246499.20371262, 246499.254458087, 246499.265490672, 246499.293494115, 246499.304097088, 246499.308024855, 246499.319590414, 246499.327325274, 246499.342782063, 246499.660325085, 246499.691628867, 246499.846720605, 246499.885642529, 246499.986793546, 246499.996917111, 246500.002389778, 246505.512189097, 
246521.447615019, 246539.213670613, 247475.629024174, 247476.68393954, 247479.133773533, 247479.795228706, 247481.892303057, 247483.284797909, 247489.920888743, 247499.108572826, 247499.325738882, 247499.34017049, 247501.768068365, 247515.799567588, 247526.979517687, 248448.986454738, 248458.361922504, 248472.586403148, 248474.31737462, 248474.518242966, 248475.843999647, 248479.128358722, 248488.370931036, 248495.797536534, 248496.256995753, 248498.74969929, 248500.331868313, 248503.056145957, 248508.273457366, 
248510.999202978, 248511.86443046, 248513.256233262, 248516.971525743, 248524.447844872, 249483.494751548, 249485.770671204, 249488.902209596, 249489.899759423, 249499.075374689, 249499.180471815, 249499.19724135, 249499.216023892, 249499.354740231, 249499.667891307, 249500.103501853, 249500.111287989, 249528.492798894, 250477.619998231, 250495.98700519, 250499.116237508, 250499.123924406, 250499.154781282, 250499.216441245, 250499.255059628, 250499.285958429, 250499.309119443, 250499.867185326, 
250499.991731031, 251465.17503689, 251466.640410677, 251467.924463523, 251490.925715163, 251494.777267166, 251499.613011261, 251500.121519845, 251501.272405325, 251503.544176928, 251505.253569967, 251506.305518715, 251509.867709206, 251509.872152081, 251512.014529481, 251512.351507118, 251514.306661088, 252479.028921248, 252479.195845585, 252499.924096651, 252499.93577834, 252507.124456069, 252510.266213239, 252511.776737765, 252514.399396905, 252521.322936746, 252526.750888877, 253484.634931239, 
253499.123886776, 253499.16237959, 253499.170126642, 253499.80480765, 253513.099513226, 253516.605199616, 254499.825480812, 254499.841040992, 254499.934289676, 254499.949847201, 254499.988821487, 255477.895911431, 255491.188340904, 255494.07205677, 255498.212358318, 255499.729061546, 255499.970531575, 255501.703102045, 256489.486683696, 256489.705053148, 256489.779359074, 256519.627798175, 256527.750581306, 257483.653246857, 257499.144307131, 257499.221425429, 257499.229110034, 257499.825220508, 
257499.949625769, 257505.516794395, 258499.226532859, 258499.257334794, 258499.27350529, 258500.751388694, 259490.680890496, 259493.961590522, 259499.200763575, 259500.014342052, 259511.124676582, 259516.59279534, 260481.575487734, 260495.341837764, 260501.11399568, 260516.244707211, 261492.177364415, 261499.998212713, 262499.980312718, 262500.029642511, 262505.543680126, 262508.410778803, 263520.357759474, 264412.71165601, 264500.0085347, 264501.992050328, 264512.046425857, 264526.755293913, 264528.720144807, 
265495.167934512, 265498.888259806, 265500.008198337, 265500.037134179, 265500.044922919, 265500.122785562, 265500.130575063, 266500.034429401, 266500.042230923, 266500.138406053, 266500.16689837, 267485.556486007, 267488.568245694, 267498.2166744, 267504.164670797, 267504.281756236, 268473.362809854, 268485.570734161, 268500.138141668, 268501.570411136, 268508.671480541, 268511.854283491, 268515.335178248, 269500.003112847, 269500.034153274, 269500.041990557, 269500.049749458, 269500.127606539, 
269508.138672919, 269513.872427439, 270500.015923895, 270500.070407674, 270500.085956603, 270505.862388717, 271494.068182527, 271496.097162091, 271509.829580098, 271527.909609942, 272496.54232604, 272498.676778783, 272499.831878185, 272499.948351833, 272500.080603829, 272508.486524317, 273492.828874395, 273499.697303915, 273499.813630705, 273499.844609832, 273500.085662242, 273500.140214494, 273509.439923095, 274486.496901901, 274500.129742972, 274500.137482673, 275478.670520443, 275489.448268989, 
275490.350342505, 275491.08148211, 275499.39679632, 275500.072483833, 275502.600933365, 276483.676281475, 276486.101378259, 276492.289724356, 276494.958564441, 276501.280571586, 276509.295946749, 277499.748701817, 277500.051546546, 277500.082727701, 277500.09826304, 278459.374014723, 278499.699557398, 278499.738255651, 278499.943446995, 278500.06441928, 278500.093610096, 278505.739067329, 279497.655137329, 279500.077304467, 280499.802726345, 281494.587268628, 281499.800066191, 282499.867180503, 282507.216973534, 
283529.737410004, 284479.121967411, 284484.608623312, 284499.962805296, 284508.400910128, 285509.119827649, 286497.684638988, 287507.771484863, 287512.105956594, 287513.870445444, 287529.368376053, 288482.628573643, 288486.58535448, 288492.639967669, 288504.144908307, 288504.956141269, 289499.918274708, 291500.087389491, 134500.689259442, 133500.671651426, 134500.673031156, 133000.663957685, 149500.661647368, 147997.646182174, 147497.472810179, 147000.647497837, 136503.633642459, 141485.800381625, 
142000.612456456, 153000.611804589, 147000.588510152, 148000.57431898, 153000.580538344, 131500.527889745, 138500.537434707, 131500.991022178, 156500.621514566, 155500.544804437, 147980.380732128, 149008.011367704, 153013.285683418, 149500.520352844, 154000.673958049, 115000.451643446, 136001.219132513, 116003.970341189, 130994.782562734, 118500.448554525, 131500.465164854, 134500.469735843, 133506.855072064, 133989.939221091, 135506.311633756, 131000.457307043, 135000.462204889, 131500.539246157, 
130500.417732934, 131500.838631345, 132486.42685542, 132013.114983637, 118496.270652492, 132985.896156169, 120471.043887611, 116495.920629276, 118000.377526551, 119000.378620161, 120000.379834797, 132000.404069815, 131000.394806876, 131497.823864034, 117472.211763583, 115500.366194742, 131500.476729408, 130939.669678123, 153000.4073654, 160000.416571658, 155966.925250576, 153008.841599585, 131500.371189491, 132000.384183055, 145000.381585277, 131994.768811563, 131500.340103796, 147500.361542318, 
132003.925198518, 147490.423300269, 147000.332759047, 148000.353533235, 132501.125665083, 145500.343128548, 148500.347402438, 131504.230621523, 148500.338691213, 130993.963570084, 128011.645988752, 127500.303668047, 127000.308830944, 128000.296474946, 127507.57248811, 127004.187711973, 142000.268252623, 107500.215488935, 133492.00158549, 113495.810729365, 113975.191172002, 78000.1683266647, 79000.1692820415, 107000.205187725, 110000.210410743, 107489.688105023, 92500.1795257181, 93500.1804433921, 
93011.7527311342, 91978.3111052401, 107999.71423809, 77485.510454068, 92000.1707534418, 93000.1719625527, 120000.207871508, 133000.224838782, 143000.238118064, 92502.1889816457, 142496.740506581, 132494.063235367, 117996.803088281, 77021.3023564294, 74500.1402515229, 91500.1630540239, 118493.206022524, 117500.196690314, 144500.232519068, 91990.480262123, 108515.421370399, 134006.160658345, 145458.90344169, 146513.72412947, 76508.9216248076, 97499.3015212789, 92511.9334275015, 77000.1681345245, 80000.1393289622, 
92000.1671754392, 93000.1563263936, 97000.1914178915, 99000.1645768303, 116000.186734347, 118000.189273594, 146000.226378541, 117508.007924628, 71983.7124050474, 78500.1295892559, 79500.1315602437, 80500.1326866336, 92500.1480878014, 91500.1718485327, 146500.277799818, 97005.7911573807, 91989.6385820871, 86539.6223589182, 117516.964064767, 113466.2928306, 103498.607468108, 77000.1204331061, 78500.1223660698, 79000.123127955, 93000.1414076341, 95000.1443572678, 118000.174191935, 120000.176588625, 
95996.4822552577, 118985.4935087, 77523.6186886989, 85491.0960608544, 113514.807564863, 93006.1534898123, 86500.1249496415, 92500.1333394572, 93500.1338548213, 107500.152458531, 112500.158767986, 116500.164451035, 113000.453892484, 107990.575812797, 79004.626135339, 75499.0732181957, 94002.0244941479, 87514.4356791461, 86518.0401311684, 117508.812145872, 86000.1167431436, 92000.1873650672, 94000.1265978599, 95000.1288310885, 96000.1294829352, 107000.181679444, 116000.156008774, 118000.158931011, 
150000.20005972, 153000.203254402, 112476.65346467, 107501.815439805, 117997.171296399, 87010.1636274513, 107001.919154721, 88003.8518027831, 78500.0992585523, 76500.086397117, 86500.1678031618, 87500.1111943033, 94500.119693093, 107500.137242736, 106500.152176636, 128500.164123467, 77012.0564499106, 87508.4981557755, 86004.3625905542, 86515.6733828196, 76523.5900316508, 76001.7114232322, 142494.105499718, 93499.9517082758, 77000.0894321753, 87000.1021287171, 93000.1103929849, 94000.1114853304, 77508.598198168, 
88487.1456669522, 90958.7069776859, 105479.096248087, 90458.8831465133, 87995.3100408418, 77994.6697833892, 89010.2526241066, 85519.0544941658, 103496.882009867, 78500.0832132054, 86500.0936468802, 88500.0968015604, 89500.0974263484, 113000.0481144, 79023.7323372485, 118007.380952807, 113488.229898613, 116991.275694962, 77001.3818950243, 77496.1138445437, 76488.2819773098, 92498.7407791195, 74000.0692980001, 77000.1439271197, 76000.072156772, 78000.0746324956, 79000.0756482184, 80000.0769188842, 
87000.1094651017, 85000.0834956942, 86000.0856927997, 88000.0880482309, 89000.0893674623, 92000.1075423956, 96000.0983169358, 113000.120355578, 115000.12350968, 116496.83532449, 116000.124544674, 119000.127998849, 91514.1524392273, 87500.1811958225, 82960.62419271, 88026.2248985078, 91997.7031276822, 97996.5349363722, 86989.8000862841, 77500.0661924435, 82500.0726671973, 85500.0770982252, 91500.1745234504, 87500.0798496325, 88500.0807924317, 89500.0822204622, 97500.0928933863, 103500.100024931, 118500.120260817, 
116500.202767282, 139500.147457336, 77525.5128654605, 115984.654961474, 118488.881194805, 97484.3279113937, 75000.0551130399, 98000.0855031842, 118000.110973989, 152000.155294563, 85971.841444551, 155992.241276904, 117941.817658921, 85450.4976119511, 88998.0851504877, 100471.095667812, 76500.0495106904, 78500.0515918843, 86500.0626678765, 92500.0708408868, 116500.102062236, 117500.103418924, 122500.109642117, 123512.226453044, 116969.44141781, 102489.882217857, 119006.171921872, 123998.857752844, 
74000.0389665319, 76000.0411572596, 78000.0440768953, 85000.0528227882, 91503.6298932498, 92986.8563155569, 77987.2259651376, 75500.0327209402, 77500.0354493689, 91500.0809799153, 87500.0482846489, 89500.05138034, 93500.0560936183, 99500.0634944197, 121500.11764013, 156500.170988287, 115984.523138406, 104989.758962644, 96502.5110653294, 78489.9447016269, 79000.0290990192, 83000.0347937094, 84000.0359240752, 88000.0411118027, 89000.0421404345, 90000.0436664168, 92000.0460829511, 115000.076489375, 
75970.8832314406, 83478.5812804429, 80955.289417793, 90994.3081600331, 95995.318136625, 91499.8390243798, 87464.1973755611, 92990.4037525384, 79013.9528615847, 115487.0453675, 107489.561767788, 88001.4483517297, 91974.5977232195, 128991.549065013, 90491.1621734165, 76993.994762918, 88985.2588906419, 73500.0143101681, 78500.0213410947, 79500.0222665006, 81500.0249426821, 87500.0324202972, 88500.0343969427, 91500.0377739854, 92500.0396126071, 111500.063848746, 129500.087088942, 99005.6350471713, 76488.9190113489, 
77000.0194756705, 75000.008714023, 76000.0101182153, 86000.0226104679, 86500.0182620222, 90000.0287958598, 93000.0327099236, 92000.0927702151, 96000.036413067, 99000.0394488564, 117000.132682922, 114000.059811448, 115000.060723729, 92455.5755650681, 91494.0156458514, 117504.347222392, 77496.7691894695, 156996.106408501, 157993.691411952, 72499.9980533998, 76500.0370672392, 86500.0013724649, 91500.1096056588, 88500.0187344151, 90500.0213444037, 92500.0238651577, 93500.0254309094, 94500.0264909621, 
98500.0317225475, 99500.0328435572, 110500.046800257, 115500.053983862, 157500.107802926, 158500.10941701, 93006.5784404753, 91998.0891665341, 92508.742552774, 117487.562211169, 93011.1737584602, 110988.215929091, 91491.4787316574, 115991.546246137, 77999.9972254429, 84000.0045143608, 90000.013111501, 92000.0154432654, 94000.0178316338, 117000.048028591, 158000.100880943, 93506.0472276974, 87503.1154097943, 116499.332414158, 93018.3267309386, 79001.8274118779, 92031.3040465191, 94001.1431706166, 
75495.5156626357, 78499.9902354153, 83499.9965940956, 91500.0073879547, 93500.0096217152, 153499.502104936, 116500.039009953, 159500.095025151, 90475.1381445797, 158992.404650609, 112493.042257254, 116509.554965325, 92517.4737501647, 73999.9759122906, 75999.9790374609, 77999.9817803958, 77000.0726382649, 78999.9823738243, 88999.9963286817, 89999.996612641, 92000.0465976382, 94000.002097467, 95000.0041212356, 99000.0088814246, 113000.027286315, 116000.031339647, 76487.9873736016, 91493.0825841632, 
147006.915993968, 117013.38695436, 87005.8760984791, 77991.714007074, 74499.9686370557, 76500.0625962447, 78499.9738041647, 79499.9759211391, 80499.9771932187, 91500.0379515942, 88499.9876664868, 90499.9899278115, 92499.9921007184, 93499.9934929013, 94499.9954920383, 93001.7207032721, 98500.000032708, 99500.0020938693, 116500.094300988, 117500.024644216, 75997.6673629396, 77484.4419986196, 74981.727021236, 79950.7967499122, 93999.987226313, 118000.018108278, 148513.753825023, 90973.125170921, 88994.7570851548, 
126987.196906533, 88499.9722588416, 107499.996345293, 142500.041405445, 79010.0498963119, 77989.9921787446, 143489.84558977, 80447.9184096167, 107025.710555003, 92446.7906937012, 91531.5040857531, 81487.900777665, 77999.9500301508, 78999.9519821107, 79999.9530773619, 80999.9544523871, 89999.9656159775, 93999.970992025, 102999.983314174, 104999.985378354, 118000.002196888, 76496.9402140705, 106480.495472275, 107499.225178048, 157012.360252605, 77499.9413668774, 79499.9450203627, 80499.9455680959, 
86499.9681396326, 90499.9588656146, 92499.9618231952, 96500.0004628217, 105499.978169957, 108499.982322265, 109499.983393495, 116500.071242387, 142998.506521742, 82505.4375125878, 76486.3813587837, 95981.3304503243, 81487.0592489885, 118479.867679441, 76999.9333350547, 77999.9348342279, 86999.9460786525, 88999.9485754361, 93999.9556175545, 112999.980434055, 117999.986105047, 78486.3885865761, 87485.1217832742, 89960.3822355205, 93475.8507236512, 93025.1632051701, 91486.884431093, 117502.965958812, 
113498.369697098, 80991.4837721912, 86513.9237901531, 78032.7041788502, 95455.6287650755, 82011.007081327, 86994.1090925448, 76499.9247663412, 81499.9310956066, 82499.9332136828, 93499.9476241078, 108499.966381056, 111499.969953927, 114499.974037061, 116499.976379042, 117499.978176356, 126499.98972965, 80486.8925506901, 117020.772392877, 79477.2187986206, 107973.724746994, 93978.7483806061, 81514.6070058048, 91489.6443388471, 156514.71387586, 116488.126617312, 74999.9156894041, 78999.920997384, 79999.9217914296, 
81999.9631790956, 82999.9259514101, 89999.9346810747, 93999.9399883971, 112000.010658579, 115999.968489313, 117000.019184222, 120999.974816491, 127000.016489427, 161000.025695888, 112465.741369233, 151474.72251349, 111499.978202388, 91991.6231146762, 151984.190467808, 77499.9104721108, 79499.9138045684, 80499.9141924595, 82499.9169819634, 81499.8993930407, 90499.9281445406, 92499.9307940183, 101500.01171353, 115499.960492858, 116499.962279625, 122499.969146254, 127499.974851015, 121991.872968559, 
96982.6107244221, 116485.216884527, 87500.989587578, 127476.314004962, 101477.629890785, 78999.9052771069, 81999.9087080061, 88999.9182347627, 91999.9218447981, 100999.933904477, 107504.032317858, 118490.439285459, 99948.041863245, 92506.3218861418, 75992.5861229887, 90986.1710909782, 79990.5447402811, 77517.8498731097, 81497.1405377006, 82471.7195564015, 102008.760839009, 117007.525297428, 93026.3009872818, 94469.8651321772, 81986.4408789081, 76499.8941349965, 78499.8961531548, 81499.8999611344, 
82499.9022028167, 84499.9043971952, 91499.9139471957, 92499.9151311321, 106499.932874532, 108499.93545111, 116499.945468199, 100451.63184628, 152499.992120159, 77992.4917649748, 83994.3509281911, 80504.1537340237, 75484.1694999458, 92007.3705964256, 96476.6021735854, 101480.947658084, 76999.914590436, 81999.925583005, 82999.8943001563, 83999.8955138568, 77518.3461592998, 91999.9754374148, 98999.9147940045, 100999.918103068, 101999.971003486, 115999.937035183, 116488.40971619, 91497.9028688064, 92482.0555277793, 
152990.220375347, 92986.6442328356, 76986.5242207283, 79499.8822549796, 85499.8896668497, 87499.8925978215, 92499.89899462, 96499.9354748623, 93001.6978856632, 92495.1814751746, 83492.5119431419, 77509.2612217991, 101999.903985966, 134999.945767482, 95963.3356792312, 93488.4232677724, 115980.690253096, 84998.6426628307, 82985.4596262667, 106990.412528212, 93942.3663554611, 82499.8703162763, 83499.8724759398, 106499.902153453, 108499.903919324, 116499.914058899, 93014.2958307061, 125493.914582899, 
84501.3777766135, 81997.5275198389, 99493.8645919058, 90999.8736754702, 92999.8768526688, 99999.8858044809, 105999.893202399, 124999.917540141, 82505.5522212619, 93499.8694257885, 110499.891516539, 126499.986114661, 102005.93880722, 92999.8603901826, 98999.8687988091, 99999.8704349324, 158495.194879778, 144011.397667274, 100468.857246752, 93499.8536633402, 94499.8546627881, 101499.864086038, 144499.918605244, 90469.6123661892, 99448.6029898012, 128493.7120702, 99001.1129077217, 99999.8545296956, 
92995.6371038398, 93499.838667131, 94499.8393982798, 99499.846383621, 114499.864991788, 121499.87146356, 120499.873063968, 125499.879202116, 121989.515630372, 99007.4986081747, 127993.891613273, 93999.8310069004, 96999.8347533485, 121497.270425416, 95987.7725337595, 102498.153097129, 99953.7040467476, 122490.083452739, 120964.25840873, 100978.266702459, 99021.9149021711, 96499.8259511106, 101499.832838005, 124499.861827512, 109449.797387265, 73486.7202223195, 99467.4907576311, 108989.825137082, 122497.583129256, 
74536.4801189713, 132488.732890887, 95999.8179206708, 98999.8222682774, 111999.850668788, 125999.855878433, 96498.8094013045, 107498.397395723, 126492.421265234, 97480.7257424463, 117011.504308785, 77992.7149747992, 78499.7880064761, 83499.7943285024, 98499.8139777733, 104499.821143329, 107499.825137419, 108499.825744165, 106499.867913828, 113499.832784735, 114499.834052179, 106995.894694968, 77508.4927869523, 116502.474900136, 117997.782904841, 77985.0793069955, 96013.0185338594, 82473.6353393989, 
105965.846985559, 81999.7848866126, 96999.8034573011, 116999.829304235, 131999.848687889, 123005.459518719, 80006.9777252814, 115965.244047192, 126507.325185207, 96478.6392103285, 97479.2302685026, 130964.899329537, 81970.2271084879, 117497.452540991, 95505.9839918008, 72984.062554555, 113992.001599193, 76988.6571080657, 116982.414622597, 117962.824116845, 82496.5473750466, 119461.462220456, 96499.7958166543, 152499.866744713, 72493.8407609873, 85523.4568527443, 77490.1779905874, 53999.7332930919, 
84999.7731868802, 93999.7845961172, 98999.7907663621, 104999.798802548, 111999.866491103, 72480.5054131122, 61517.6247560671, 76512.5819383729, 111463.864880552, 81993.7901737019, 58001.3213836709, 57499.7290140446, 58499.7310957341, 61499.8206983507, 72499.7487778654, 90499.7721428154, 102499.787516634, 103499.788523116, 114499.802471513, 117499.806764347, 118499.807590137, 119499.809636525, 63001.2130871592, 87005.5316618886, 77993.7214687122, 83486.781692002, 58490.7761474373, 56518.0480913268, 
82500.4667811971, 62531.7869095439, 112498.387094479, 59999.5652794121, 63986.3689842327, 120956.98301534, 91500.3487052945, 78016.966664236, 57999.7228268096, 71999.7403756035, 121999.804168704, 55971.21594101, 53504.7056921897, 72486.0145517439, 70989.4327716082, 111497.161924784, 85017.8170635588, 81527.4370881254, 114985.878480636, 86511.4427290102, 84015.5643949332, 58988.9463793319, 54964.6197331212, 76988.3357776683, 53999.7657282492, 83018.2945082365, 62500.439733509, 84015.4824274983, 133011.058880457, 
103499.772813961, 117499.790692267, 84487.3689320209, 60515.4196145358, 79493.4151826603, 53513.5427972786, 79014.7732032454, 67011.328085226, 57506.3554318249, 85505.5230005756, 82051.6252295338, 62506.0651367689, 81508.2219510982, 121501.605022165, 97519.3153273985, 56999.7105498416, 53999.7015846753, 57999.7070554253, 61999.712000004, 78999.7335348455, 81999.8204317838, 84999.7421705769, 90999.7498920029, 92999.7521799235, 108999.772191329, 118999.784647633, 119999.785828191, 120999.787155156, 
125999.793503224, 132999.803363531, 77989.0851826435, 127990.504562767, 57998.5906101577, 56986.5159863988, 54499.6950742388, 56499.7747674817, 58499.7000382086, 59499.7006346267, 67499.7110138228, 77499.7245344594, 78499.7252826029, 82499.731017272, 84499.7336449809, 85499.7344268644, 90499.740669569, 92499.7430017702, 91499.7456297399, 96499.7894769209, 100499.753385173, 112499.769050919, 115499.773011975, 120499.779195718, 129499.790601546, 130499.792077634, 67988.8293741886, 91993.5834863549, 
121999.578971609, 58021.8064650875, 86508.7251843242, 109004.330220773, 113496.576076562, 112488.266931999, 98000.4653942743, 85026.8467191355, 91999.7351817135, 96999.7412969451, 131999.785501417, 98493.8998132087, 81495.6500594765, 96509.2649845323, 54982.6716325684, 88505.8810295863, 130985.609590009, 85986.5896846326, 137523.806208652, 100461.828395326, 77496.8012150833, 133991.005056663, 79507.0214550225, 57002.0426191511, 133502.604977712, 98988.0051098866, 121499.764417905, 64510.016720769, 
121989.835402357, 80492.7154440153, 119467.523319002, 82004.9051906299, 135504.057097294, 121501.140404693, 56502.2279923689, 97503.0663817851, 55999.6738856873, 56999.6706923246, 59999.6783217164, 79999.7043288667, 90999.7178307148, 94999.7239166424, 98999.7281901557, 102999.73331807, 114999.74938205, 120999.756737311, 123999.760743137, 121999.752159161, 128999.766352037, 135999.775428666, 126979.298423329, 112988.713114361, 57974.005768613, 101970.748556335, 81969.4894488193, 92993.4916316858, 
54499.6633122442, 56499.7015645346, 61499.7399863722, 58499.6688430915, 73499.6877455404, 81499.7733789152, 77499.6927389354, 79499.6953897923, 80499.6971169179, 92499.7125734482, 121499.756172051, 122499.750591269, 124499.752763045, 136499.756526803, 56989.9606394581, 107486.046972123, 78992.4357517064, 92990.6510613039, 89001.022836213, 124988.52767477, 74014.8858833155, 121503.879700845, 80959.0556314234, 56999.6589279054, 81999.6908811489, 121999.741842925, 127514.201513973, 58016.7705777846, 
74998.1528710863, 81458.3300421434, 80006.4716680925, 93510.2707199417, 86005.7444640249, 84539.0507503971, 102491.011094423, 122979.795569618, 57997.0401315643, 78996.6871536309, 78495.0473828912, 122005.973593893, 55473.6029951498, 132004.287235795, 82998.9377045836, 126499.740101922, 83983.8308796547, 97505.2653523143, 56991.6571649965, 98006.7102558482, 81984.2958792849, 57514.8591516381, 80496.310282914, 95505.3259845143, 60502.5635619778, 91994.5605935529, 81549.9806767851, 126487.790757845, 
87497.4400113467, 102496.797342215, 55999.6418381287, 57999.6445593042, 59999.6474213824, 75999.6685121823, 81999.7042354262, 79999.6728705429, 87999.6836628206, 99999.6982983556, 100999.700358278, 111999.715615726, 121999.788943089, 57482.503572003, 82501.0033078212, 128017.207495755, 82985.56181945, 53499.6312765023, 54499.6324510453, 76499.6706252852, 78499.6636478091, 79499.6650042944, 80499.6655252371, 81499.7442032583, 82499.6686088424, 81997.1737181172, 123499.72083793, 127499.726108056, 129499.727863259, 
71980.9995887903, 124985.903070416, 87991.8819757216, 77997.2760890489, 102503.177014006, 78502.2251161169, 88997.9632830778, 66515.5034659151, 72999.6486172546, 126999.717432343, 63515.7322753966, 73510.5509254737, 123516.25983023, 79984.6189141776, 82503.9235058436, 80986.0039643897, 90989.2309630765, 61041.2860636879, 112456.184010406, 99526.3977939989, 76996.9289789479, 101984.22185365, 100499.041278163, 51499.6131482562, 77989.4361839741, 76499.6451864392, 78992.3337758025, 73005.8475067206, 
70517.387070721, 59560.3228472499, 92523.3721999964, 79486.3397134123, 82446.5550919445, 91498.7635453874, 102502.936022202, 62478.8962469678, 58999.6155117797, 59999.6160157761, 62999.6209133333, 75999.6364919161, 77999.6399514508, 78999.6409204416, 79999.6421559956, 86999.7078305166, 91999.7173701869, 92999.659015785, 99999.6678542579, 126999.694982499, 92487.5986452801, 76514.1704217913, 81499.6244654413, 57986.2924379883, 50499.5960637294, 52499.5988829751, 68499.6194445239, 71499.617339869, 
76499.7213639403, 77499.6316684457, 80499.6349448301, 92499.6507476168, 93499.6520130774, 91499.6324868212, 97499.6568314424, 100499.660648102, 129499.696954994, 133499.701934943, 77019.0530466186, 93007.1054735035, 51520.6478890078, 56517.610347393, 72491.4825826557, 76490.3975094361, 133969.526723719, 54985.6155644385, 78490.0495774448, 77490.6357052196, 51999.5910866233, 133496.646891676, 81999.6296500573, 96999.6483722162, 98499.6500429548, 81498.2525751153, 54005.3052139645, 55990.8142845668, 
98011.0584284831, 93033.513755192, 91518.2028203905, 78018.9052959327, 80993.7408777429, 130994.915932396, 49048.1662422679, 81924.8997346098, 133991.923180294, 78983.4357204605, 49440.852393155, 98459.6381631065, 99490.2425376009, 137992.057610774, 48505.2942870995, 80493.2376209665, 78490.9617213449, 77499.6155376136, 91499.6335907103, 50480.4171859929, 126499.677153924, 76997.7016607029, 74502.1495654862, 130500.797058029, 75501.1685650637, 91999.3411878757, 102513.336738233, 131523.484841573, 
132523.887031295, 102494.251849961, 82484.5553292828, 46499.7659028322, 45999.5677679908, 48999.5710540405, 50999.5742585519, 59999.585153982, 74999.6050323164, 75999.6062330008, 78999.6099927034, 79999.6110091629, 80999.612317563, 81999.6094955327, 93999.6291756509, 94999.6304534469, 98999.6357026463, 47499.3737073969, 52531.6251580482, 81486.4163357858, 132994.979219315, 52015.222518988, 48006.7271102779, 46499.558041431, 47499.5614059325, 48499.5631021569, 50499.565114622, 52499.5676720496, 51499.6090500867, 
54499.5709663685, 57499.5746551892, 59499.5773020079, 71499.6317228246, 79499.6021703128, 80499.6041969797, 82499.6069675339, 81499.5889712647, 102499.632171832, 104499.634490476, 141499.76013759, 138499.676964707, 47043.9523364473, 81381.8830115618, 76486.4731861232, 47486.5757100387, 52527.3619869519, 59011.1708423588, 46999.553534246, 51999.5597742535, 81999.5983941257, 96999.617242164, 133499.240486327, 50979.0523817688, 55989.0043982929, 88502.3982188683, 80998.7001904771, 48497.3593039326, 
58414.7390409969, 89960.6384708527, 51496.1769748712, 53006.6166235954, 60017.4418738782, 96503.7975045545, 52971.0905256122, 48519.0448903777, 68523.3216003999, 63486.7392419195, 47502.755705188, 105493.172798435, 142502.075161668, 79504.874511159, 67496.9313533138, 132507.127317864, 61975.774112314, 80501.3650385346, 76988.5093915137, 77983.7310160622, 54010.5357961711, 46499.5445514377, 51499.5509687494, 81499.5901339985, 98005.218509566, 107506.71182782, 101998.80663068, 79006.8461568439, 96999.1667280048, 
68994.0040224362, 125492.861846032, 54485.1881694589, 77486.3670124486, 52499.584009585, 133508.859370834, 58496.1317925248, 59031.8669957407, 97497.1958420118, 99040.5835856833, 107016.521876682, 81499.0109084928, 47999.5387555091, 48999.5407577176, 52999.5455747088, 51999.5731757665, 53999.5466579096, 54999.5485185273, 59999.5547692636, 81999.6248461939, 80999.581018405, 97999.6032258887, 105999.613397192, 116999.622325656, 82513.2633878058, 117990.540347909, 102997.258078764, 116989.604990459, 
47999.377496765, 46971.5748573476, 51990.4250216149, 47499.5309876529, 48499.5319936452, 50499.5348572452, 51499.5692997212, 57499.5441022441, 80499.5732143736, 81499.5740367044, 89499.5847751182, 98499.5955300331, 103499.601454664, 106499.592566444, 109499.609153383, 113499.614550648, 120499.622879394, 48624.576375938, 82989.9960240284, 82472.5419244254, 49037.1613038341, 103494.460058247, 78503.9252875447, 54007.9243000718, 42490.7199136214, 78997.8225695742, 56999.5350738587, 52992.3121871613, 
50997.8100457592, 106007.223535159, 56491.1900205901, 49988.5510733677, 81550.4259616639, 64505.1561094476, 83010.9616689915, 98485.4318595091, 63987.9068330312, 47990.5598384608, 49473.9877351848, 102003.238102904, 42964.1471862569, 48966.6101211505, 122497.170189925, 101499.583966578, 109012.439457892, 50461.7751480686, 131991.394829302, 133499.232950735, 81507.7033299971, 121501.378997973, 111459.9509215, 48999.5091466289, 57999.5206268877, 82497.1974773183, 64999.5295618856, 79999.5493663698, 
80999.5497092828, 81999.5347316749, 109999.586500836, 121999.658486338, 132494.248516534, 122481.982175741, 51518.6701230248, 42505.7853586515, 77007.2660176568, 52980.644450319, 132012.101419517, 48499.5014960803, 49499.50190931, 50499.5041056396, 52499.5061646504, 51499.5173404645, 55499.5104490817, 80499.5419200556, 82499.5444436902, 112499.582577652, 126499.623013848, 131499.631721538, 128499.602441796, 133499.608473797, 52001.8080590088, 82006.1265600407, 52481.6983226463, 56535.4496813864, 
78013.8336089626, 53493.5068692416, 52995.1840477493, 53995.3338537393, 82992.0193584431, 55995.4045990091, 82507.9720599009, 51485.6250120457, 128995.476763174, 48001.6293297848, 46999.4913716661, 51999.4982802803, 81999.5364719238, 83496.697759673, 79956.0867184801, 55010.9638399947, 128489.508121083, 48521.5209451774, 50994.4171261191, 107484.056781744, 82486.5196207734, 113486.506066799, 72990.8772083055, 52023.0267855665, 41977.4290393637, 52507.3540381854, 63997.1598088834, 50508.0884395735, 
47512.4665560871, 42487.7239653049, 83990.3575940467, 83476.9089670405, 41499.476157859, 51499.4891990507, 75500.7406929368, 53501.7335420037, 90496.6541305091, 54040.7285735868, 76483.8560691774, 41477.4595153425, 47477.3693786347, 87495.6508695865, 141496.902834028, 86504.5684570521, 40999.468673951, 46999.4691621317, 45999.4741830165, 67999.5032772683, 86999.6161650885, 96999.5426048767, 139999.593620158, 51979.7362764683, 68010.6850901945, 46982.8651117235, 52986.140961241, 97019.703541751, 82998.9358964553, 
36499.5319581982, 40499.4594766703, 46499.4925401472, 63499.4892666088, 67499.4939616732, 68499.4961790917, 83499.5144025767, 84499.5154150473, 92499.5258135572, 94499.5286732726, 98499.5335075194, 133499.576792156, 134499.577992912, 135499.579707667, 72000.1311873375, 47992.5101253418, 87513.2070414219, 85052.9996244358, 37991.3737391448, 83996.4246759713, 63978.1041999422, 53009.8874091348, 87973.9524822338, 137501.990739584, 40984.7863354757, 111485.635634194, 49002.197605513, 36999.4472561181, 
52503.1439083861, 86999.5118130902, 86486.8353842916, 88519.4911411116, 73001.2676444873, 51482.0783377346, 48461.0353608504, 106997.714727301, 88042.8836944131, 48979.8352788156, 85494.4089076873, 84004.1161502209, 37993.4438293232, 137007.381417, 87501.7702607214, 73978.7401611386, 51499.4588306295, 86499.5027015693, 136499.565482906, 138004.519915652, 39013.4764636764, 40570.0224354453, 86980.6260954952, 63493.304757419, 84460.4351381268, 88971.6816475438, 39464.9717245577, 74460.7655421626, 46482.3694439996, 
87507.4509372404, 35999.4306573756, 37999.4334930712, 39999.4357015928, 45999.4438323416, 47999.4465734893, 48999.4472246207, 70999.4754964197, 73999.479672607, 75999.4813440628, 83999.491474662, 84999.4934446001, 85999.494726181, 87999.4975406844, 90999.500534717, 95999.5072044618, 107484.373484731, 136999.554475543, 140999.56301701, 62501.2698819842, 52499.4896574244, 121490.441852149, 136483.180980242, 86491.8244917849, 91505.51229198, 107010.168063802, 47013.4037461122, 93023.6513143256, 91987.0475598313, 
47967.1087217713, 47499.4374930272, 48499.4397879262, 49499.4405130334, 50499.4419138161, 70499.4668762218, 84499.4853265695, 85499.4856039099, 91499.5779008148, 87499.4886008035, 88499.4902576171, 89499.4913095692, 92499.4944229564, 98499.5020791525, 106499.504668478, 107499.513639983, 116499.606012411, 139499.554024748, 108004.314007316, 71986.2402149066, 88005.2929440225, 52004.5500267493, 71501.4183348194, 85986.8848961908, 107478.811959027, 36510.5747569632, 83995.4642449729, 98489.8861898631, 
36999.4169533933, 51999.4355457248, 91999.4870448802, 106999.504800039, 131999.53650369, 144989.67713705, 100981.531886324, 40979.792809003, 89975.3482772261, 46003.8050550865, 92484.0669020265, 84976.6665312452, 36004.1296388432, 39967.1644054893, 87486.9547305498, 92507.9160156772, 107032.271003549, 116996.796026316, 54463.7499287678, 83490.3473852426, 88992.1127301529, 36499.4089112375, 46499.4210502179, 53999.4309337419, 53482.663452452, 106499.496711517, 85480.5197141822, 128986.787947392, 52944.5036152275, 
91996.6571945138, 55496.3573172214, 46528.1772172153, 37508.737271063, 71515.5921612997, 106505.743258967, 111506.9906, 121481.419008421, 38999.4043728514, 53999.4230777677, 54999.4239410385, 71999.4478988433, 86485.4155980339, 81999.5145662874, 86999.4485950833, 84999.4620491136, 85999.4637223082, 91999.5058149211, 88999.4670883017, 93999.4730878081, 106999.556185036, 101999.557085304, 104999.487381939, 107999.490451499, 111999.580411675, 118999.505023575, 139999.53064638, 107510.887440716, 92516.7074940577, 
78017.522102559, 113005.409645817, 112002.699243215, 33499.3893903866, 38499.3954798393, 39499.3967336053, 40499.3984262897, 51499.398129697, 53499.414587833, 64499.4286623215, 78499.4465658236, 83499.4520855527, 84499.4535936574, 85499.4555158084, 91499.4643188901, 90499.4610592443, 101999.561072209, 102499.476037523, 103499.477326828, 111499.473257132, 112499.488978988, 113499.490108659, 130499.511367955, 131999.847678445, 37468.7569879219, 86028.1751301046, 52533.2968541272, 51493.8262586473, 
82499.6635752665, 101005.09263474, 97512.5144729223, 93499.0538618127, 111501.712544554, 48471.400375085, 36493.2864651112, 112542.898787663, 47486.0682870233, 93980.2679406507, 83004.4514212925, 139986.962650646, 104009.702533231, 50954.3440499958, 112981.618404822, 51999.4054433806, 102485.089246195, 111999.480668681, 37972.5730268359, 93022.441002964, 90980.8890751377, 103487.455769578, 83489.5386480018, 52998.7787262723, 102981.960621465, 45009.1970861685, 104519.743881722, 93958.532742558, 46985.2575296517, 
27501.939447538, 37000.675219764, 128999.694160684, 48500.3179693781, 123504.19760194, 141979.812845896, 83994.3278259039, 139497.386011739, 82459.2733510835, 54451.1905105328, 106999.494689648, 36499.3775864048, 41499.3843880994, 46499.3900501039, 51499.3964691143, 47998.9035454579, 37998.9210838033, 47492.131761658, 38985.3848458426, 87012.1825142, 138998.739187163, 80503.8829662446, 39464.5045585791, 49442.8909726553, 37513.4414087143, 92490.8943031617, 36490.7813764764, 87507.702423851, 28999.3602414504, 
29999.3616866525, 33999.3664940605, 36999.3576331288, 34999.3681291016, 35999.3689849954, 38999.3726743087, 47999.3850266682, 48999.3857210586, 50999.3880309919, 47501.405686982, 83999.4303537374, 92999.4409335833, 109999.46186801, 139999.50003984, 82494.9188975329, 37994.2456477555, 23001.6123405956, 47980.5909041995, 111994.885828683, 23499.3455174072, 34499.3595577385, 38499.3645279258, 47499.3757833922, 49499.3783391295, 86499.4590926161, 91499.4721938297, 94499.4352474641, 98499.440159875, 106499.502545639, 
108499.453196429, 111499.481273805, 130499.480070998, 134499.485472986, 138499.490340127, 139499.4908234, 140499.491950499, 37070.1181764286, 33990.6989273066, 126498.014071045, 140000.718357083, 35996.9184796065, 138501.5927892, 127994.378852788, 66018.854934643, 47498.9922169195, 34990.2265808824, 36999.3546610177, 51999.3742059804, 141999.485983633, 48494.4552153694, 139015.779744375, 48012.8880323591, 134950.667806083, 107566.467462465, 133967.583160327, 22989.7278039139, 24006.3747952385, 36985.3996122293, 
49018.4380561141, 23463.5037090126, 133497.777581608, 32972.7976159779, 135505.590043696, 47994.71576933, 48474.3370798258, 36499.3464453667, 126499.458987657, 128499.462517899, 132493.985333726, 47492.4721827917, 44502.9724405175, 49456.3347671572, 132448.653464397, 37558.3723067511, 23999.3235697001, 33999.3361025276, 36999.3318076385, 117999.440998398, 128999.454809544, 134999.462176163, 142999.472592847, 142512.632570546, 112504.841429847, 36989.594055037, 31996.1735367589, 32970.167259858, 23499.3143237447, 
24499.3165258551, 25499.3176997527, 31499.3986627022, 33499.3274257695, 34499.3282090873, 37499.3326013405, 38499.3337144209, 39499.3352459837, 49499.3478354532, 57499.3575905245, 59499.3599877749, 94499.4044515053, 111499.510844508, 113499.428009866, 139499.460040783, 143499.464855154, 113023.749876735, 26480.3387140669, 138510.36845838, 48483.3575136354, 135975.885973717, 118000.688685128, 33672.4080014937, 31506.4235033747, 106002.572384428, 28971.1062465776, 138011.584511231, 33009.0423402209, 
139030.001601459, 32494.1496823914, 38000.9865594078, 34964.8275664989, 47957.4495538371, 31999.3178115273, 106999.411530077, 107499.412624695, 136999.448717173, 34004.7808723142, 98998.2566099474, 24983.5748378299, 47470.2068386944, 102500.593874342, 49037.3413048722, 26003.3732649311, 101496.743923456, 49939.1777530974, 32978.9129968761, 117997.911859314, 48546.5954351658, 47992.8342694119, 50454.2964738281, 33500.7696425905, 83478.0995071456, 99491.2885817308, 107510.022806785, 87003.1208667466, 
38493.1602863576, 118484.896893285, 34496.2739898022, 102015.401220895, 105494.308621105, 84498.4279902577, 26499.3028546292, 106499.403625126, 33988.3070009034, 99017.4583807737, 98486.0564554399, 139000.513091143, 107035.103162811, 59001.4356602505, 143996.942201146, 49460.3225720469, 42491.4941740716, 59488.1603921205, 25476.9724866394, 29478.4218151178, 35496.8896179944, 24485.3229393819, 32457.9213253157, 36522.1014862256, 24999.2933220994, 32999.3041865984, 33999.3054858753, 36999.3956024926, 
34999.3059869837, 37999.309616344, 42999.3164083492, 48999.3238755437, 49999.3253036626, 50999.3263202906, 98999.3866421739, 99999.3881591884, 100999.38936185, 130999.425881826, 138999.435437239, 106495.674765748, 122526.035532249, 107509.0436148, 97982.7924893899, 128000.675984585, 86993.5390245588, 31981.2219110159, 24499.2857264681, 29499.2920591384, 36499.3107366115, 32499.2948119938, 34499.2980008209, 35499.2989618387, 48499.3154505165, 49499.3168424061, 57499.3269715421, 56499.3931814115, 36979.1090094717, 
97499.376820473, 100499.380695945, 101499.386663685, 107499.388868611, 111499.450772412, 138499.42719204, 33015.0206700964, 133011.871447491, 34978.6539893774, 56516.0411188165, 38986.6264475128, 33002.750163137, 57493.6979858289, 118957.352170693, 38499.3240282917, 37527.2457446372, 82490.4081525123, 32497.9640333159, 28005.2971732868, 28486.3214744972, 122523.931719761, 118472.525439137, 31999.2870695824, 36999.2928013504, 82999.3516729623, 96999.3686621832, 33496.3645903561, 29961.2792690536, 
23499.5448216926, 27518.7138402797, 128500.664969479, 37993.0108288731, 35978.4030477339, 103964.82803047, 58505.4808871197, 59000.3534954134, 124001.192489096, 23513.4221853986, 94503.672032577, 31989.606912965, 121968.890825734, 32491.0336943772, 57494.4633304244, 72506.4558654176, 113982.811665857, 36988.4752950147, 113007.659231743, 38007.5992392953, 137490.442266388, 24291.3261873825, 36499.285419059, 56499.3098336169, 111499.378605305, 87011.3310716143, 145499.420048546, 33987.345590719, 56999.2829109039, 
138523.393652422, 33007.3268716037, 38991.3701093746, 142998.721650992, 34478.1548249479, 37493.6842599558, 137980.523581237, 87966.2571395822, 37481.1331700897, 151502.328739299, 36523.8603464877, 36999.3276773347, 34999.2753067529, 35999.2764193388, 37999.2786506731, 47999.2917774664, 56999.3705112832, 88999.3428722005, 93999.349724873, 94999.3502946291, 97999.3539582249, 110999.370542703, 57504.8463425748, 56503.4791702293, 57982.7869665846, 93018.6613261243, 56974.9873888111, 36992.0992923258, 
35499.2679701205, 36499.3152672835, 37499.2706879992, 50499.2866761563, 56499.3163547423, 57499.2957879007, 101499.440555437, 100499.349722703, 104499.354021695, 90000.091776968, 49021.6335744662, 52517.1697680289, 37997.9121766975, 57501.6108687827, 99004.1751214713, 48002.4436061904, 102996.401970255, 48506.3629005384, 118475.595173436, 36999.2621863587, 51999.2815525578, 56999.287127628, 91999.3313358594, 126999.374115506, 93494.362781194, 51485.0255311849, 55991.3356732205, 37477.1672555674, 
58500.3482077671, 58014.583192545, 139978.029837537, 56516.0644479794, 50963.4374917792, 49985.2685701353, 88476.6764209028, 35506.4697846351, 123499.742958996, 51996.6353225857, 53503.1349270968, 53023.6968545336, 129502.848888696, 124473.782345871, 99509.7099100873, 36499.2542040329, 46499.2671100926, 48984.2847239748, 51499.2725286605, 52499.2741815578, 56499.2797890482, 49483.6451544948, 91990.5959710563, 139442.389824573, 54052.3080504425, 34486.5971981836, 47999.1451037424, 50472.4030799698, 
55513.5807148255, 46511.7474339493, 56486.6904375674, 137525.294174101, 57477.6745970119, 47496.3758413661, 36515.0457447013, 26999.3236149317, 31999.2914854567, 39999.2505935896, 46999.3038524333, 50999.2645673594, 52999.2667583618, 53999.2678964287, 56999.3215228776, 54999.2698367722, 55999.2703792797, 88999.311708142, 91999.3548662858, 98999.3241929086, 125999.358091143, 127999.360547805, 138999.373900184, 127489.875867003, 92482.5749240145, 67973.9351204094, 56973.3093147269, 33001.9845243925, 
26499.2335497113, 32499.2335236212, 33499.2352210274, 38499.2410412906, 39499.2427298231, 46499.2885691049, 47499.2523483317, 51499.3196833385, 52499.2591167986, 56499.3411154719, 54499.2614629725, 55499.2621780066, 57499.2650377816, 98499.3160937289, 101499.399063291, 122499.345583241, 127499.351804879, 140499.368164713, 141499.454173043, 142499.370586857, 47016.0250414405, 127998.968282939, 51926.109463647, 55981.2018790385, 116512.141111046, 53989.5279894527, 126005.207829986, 36501.948130683, 
53513.2506850855, 126491.112621466, 26999.219369404, 52515.44882668, 56999.2561549628, 36016.9411850842, 26504.0254450347, 40970.5308608627, 124496.199101723, 128509.065826702, 30466.2102504969, 37974.3042080905, 123505.66054503, 26974.7657269603, 34010.2213213686, 56996.8753672373, 62933.5268083327, 48970.2971171038, 155480.527034697, 53493.2984063895, 52985.9562451802, 41995.4909579791, 128990.764496551, 37020.0519745918, 129477.640635012, 40490.2633800181, 126983.608442007, 31482.3007566892, 117504.573272469, 
26485.4785654349, 36499.679012401, 26999.1884633591, 35999.2152764797, 36999.2402846813, 41999.2370425407, 61999.32886374, 98999.2935943985, 154999.361513788, 155999.363356484, 141537.018670564, 52009.7025110647, 42011.9530151086, 27499.1963497819, 28499.1972510768, 32499.2030231645, 40499.2132719746, 45499.2193757026, 49499.2242629044, 52499.2273856243, 124499.317218806, 140499.336849282, 32513.967506906, 45979.6519805305, 53972.562105177, 52992.6901964182, 49001.2167244451, 123990.106695203, 156999.348359291, 
142503.054257893, 129972.075948455, 39993.708733635, 53476.2393977307, 47503.002674845, 47981.5885305516, 75009.8453278607, 46497.8190817907, 140973.557689355, 142983.071844778, 33991.2663572766, 131499.310176013, 132999.311459145, 140448.901191047, 49004.2302241037, 48007.4803737355, 38507.5130465291, 35493.3707678048, 122010.898159104, 122508.540234502, 27999.1739366874, 32999.1806249721, 33999.1818871144, 115999.283382133, 32494.5731607331, 132498.207455116, 118499.279064114, 120499.280644245, 
132499.295987187, 134499.298381493, 139499.30428224, 133000.619943698, 38512.2185303867, 118975.584947237, 135972.416578712, 136466.19661826, 136999.293543936, 134998.78413264, 135471.599658864, 119472.071824371, 124509.608837128, 129459.22530311, 44497.8197183106, 36482.8873234503, 29999.1451628059, 39999.1587556507, 40999.1597726736, 117999.254757583, 133999.273987926, 121504.011060028, 40499.150895739, 44499.1564329406, 46499.203791257, 116997.14729146, 145974.16005642, 91517.9976144005, 36999.1390977306, 
141999.268581935, 137988.498035318, 108025.649486641, 143002.273572219, 119452.388713404, 132006.337073462, 40462.714121432, 142501.815108529, 136999.258312253, 141499.263678662, 143499.24692189, 141977.46317893, 142998.328373081, 142514.194471986, 144046.352829774, 143485.165590249, 136993.31538451, 110482.916834353, 144493.434869682, 135481.776865604, 111496.699601074, 141498.884899016, 141999.247886514, 143999.22372374, 144999.224901713, 154999.237497938, 155999.238934753, 143499.215952991, 144499.217002749, 
156499.254561746, 160499.235771858, 146009.298320257, 113485.392602292, 139013.898995535, 144971.749578724, 139941.505807492, 145496.983065262, 140456.63890093, 156499.215762313, 128501.505184753, 122006.59457715, 143520.494940112, 142471.037636055, 141999.219067427, 142999.191577109, 143999.193253647, 144999.194606515, 154999.205852983, 141510.517242538, 142482.858566032, 140499.180432302, 147499.18922526, 149499.191798061, 158005.909836971, 148467.431069152, 143005.297909567, 140970.830921428, 
119962.9033891, 143007.717887067, 150499.231530352, 116499.135909013, 131499.154859092, 148499.174931395, 142452.78892534, 142488.066164802, 98999.1072137179, 113999.125210905, 116999.199201276, 148999.167967341, 155999.175882944, 117508.104631772, 142975.818451218, 154499.166470101, 155499.167842444, 144011.043476257, 146482.407918704, 137981.976289536, 145987.423470186, 153007.455421905, 146999.150190231, 104014.509725574, 149439.929244136, 98011.872662331, 143524.415079748, 133015.157204608, 142983.210674518, 
96998.075026162, 104999.084177261, 143999.130910843, 147999.135182407, 149999.137598778, 146982.933080439, 98499.0676598707, 103499.074114477, 131499.1029135, 145499.124941719, 146499.135284375, 101975.16020829, 110997.613978292, 146999.118215126, 111499.068674146, 122501.426125175, 110999.059776636, 119499.062532908, 132995.473252614, 118503.366545619, 118998.452274273, 133499.140146339, 131499.061266035, 114471.35508131, 111464.04697353, 133004.61727991, 118988.794741207, 118521.806578866, 117983.985671625, 
131478.250612578, 132002.944201075, 133013.16017195, 132499.584160314, 118986.802377422, 128979.325083832, 124999.014824319, 126498.224049103);8,52272727272727
0,75;"q75";2288;86;114400;4300;c(76499.7219244273, 78499.7167184974, 78499.724622868, 79499.7141480045, 82499.8476909094, 84489.535067306, 85498.7629298099, 85499.8126800694, 85525.7147379323, 89498.7390976585, 89499.7708637128, 89499.884512682, 91499.8400844727, 93499.8505744025, 93499.8898440743, 96499.7251074822, 96499.7800358231, 97492.4850373429, 98499.9144671046, 98499.9161019883, 98515.4842427764, 99502.5384656455, 100490.830269962, 100499.871611329, 100513.280220764, 103499.605252567, 103508.654832955, 103510.710246326, 
103522.533816902, 104499.633919174, 104499.735774646, 104499.759261366, 104501.969853122, 104503.798377776, 104517.310931417, 105499.733162758, 105499.76449813, 106499.743266259, 110499.735830515, 111483.128967365, 111492.028125914, 112496.424593838, 112503.816299346, 112507.59738998, 112511.632231765, 113465.369319189, 113499.641971889, 113499.649805197, 113499.657617327, 113499.716342404, 113499.743742847, 113502.908655986, 113513.091558131, 114499.623759878, 114499.731739258, 115483.286099656, 
115499.918812716, 115499.973788247, 115531.885543873, 116480.18411923, 116499.751583564, 117499.738567064, 117499.85866234, 118498.888687217, 120499.756880138, 120499.8821953, 120513.691858248, 121482.650476036, 121499.874043451, 121499.887460191, 121508.387190209, 122499.869155947, 122499.892696054, 123497.566856567, 123499.893954736, 123505.507096482, 124486.98656032, 124499.730801806, 125499.689103052, 125499.736029988, 127490.007583423, 128492.306851549, 131499.853480078, 132499.584956003, 132512.873567014, 
132519.778758972, 132526.058102387, 133499.35627017, 133499.364049657, 133499.549415935, 133499.605775003, 133511.334917009, 134499.470529558, 134499.478365466, 134506.503042827, 134514.647168477, 134532.592077656, 135496.040896239, 135499.467991403, 135499.475789627, 135499.686584831, 135499.788244684, 135499.866492674, 135504.160987114, 135510.112812538, 135513.14111728, 136492.640660513, 136493.536707126, 136499.332940351, 136499.465433536, 136499.667057281, 136499.668338399, 136499.879535382, 
136500.789059705, 136513.519185114, 136521.87490049, 136523.41354492, 137479.775308777, 137480.912354853, 137486.739478218, 137496.172691665, 137499.340049807, 137499.377110568, 137499.47526125, 137499.478398013, 137499.492802181, 137499.52518267, 137499.657926709, 137499.673569322, 137499.892586992, 137511.011293888, 138494.623269623, 138499.366737912, 138499.374545592, 138499.382296397, 138499.475838301, 138499.487853515, 138499.91804325, 138519.650408233, 138520.774442674, 139483.893298394, 139485.021013374, 
139492.87169726, 139498.402227028, 139499.356383547, 139499.368053787, 139499.371952622, 139499.481061857, 139499.496635971, 139499.676177808, 139499.691761987, 139503.239071335, 139506.422705617, 139508.493736814, 140485.21851548, 140486.368737095, 140496.175403031, 140499.431691667, 140499.478468886, 140499.486271814, 140499.595487379, 140499.63450321, 140499.665743805, 140502.322909336, 140505.34195261, 140509.27928165, 140517.901662488, 140530.535151915, 141469.651730388, 141483.589227063, 141489.513694568, 
141499.429144334, 141499.475255227, 141499.491487736, 141499.499227748, 141499.507061419, 141499.552970087, 141499.663111518, 141499.678793833, 141499.929134075, 141499.952639773, 141500.394129222, 141504.559392224, 142482.711251032, 142485.687650445, 142489.403375236, 142496.813512109, 142499.372034159, 142499.380169122, 142499.426045387, 142499.442151634, 142499.496655347, 142499.598078017, 142499.603389489, 142499.762105327, 142504.326504412, 143474.729263776, 143483.773406941, 143483.966438919, 
143494.314756699, 143496.478010828, 143496.596320701, 143499.114843314, 143499.361680644, 143499.43956509, 143499.486319517, 143499.494114139, 143507.695451282, 143508.112436683, 143524.91047308, 144486.914438167, 144489.858752768, 144490.758204276, 144492.875870574, 144496.236311109, 144496.94421012, 144499.277204692, 144499.374634881, 144499.436961086, 144499.452547025, 144499.460339879, 144499.733110647, 144500.452607327, 144503.047409956, 144503.511585977, 144522.5613257, 144524.976710438, 145487.585308431, 
145495.199884731, 145498.525738857, 145499.340936595, 145499.35620133, 145499.356499188, 145499.372081767, 145499.379871956, 145499.387685864, 145499.421322623, 145499.426612773, 145499.434357278, 145499.449990431, 145499.457737295, 145499.465557926, 145499.512323364, 145499.644907963, 145499.660510984, 145499.663861298, 145499.668356456, 145499.691788294, 145502.704018341, 145505.850322371, 146465.530048379, 146483.016588561, 146486.182150322, 146494.097830918, 146499.226286519, 146499.369483122, 
146499.408404868, 146499.431770589, 146499.440856258, 146499.447378829, 146499.45514951, 146499.462946278, 146499.52533389, 146499.572091508, 146499.689139865, 146499.690527443, 146499.853386686, 147482.555721667, 147490.152513187, 147494.448878325, 147497.100939736, 147499.351360254, 147499.530500676, 147499.686590548, 147499.952517013, 147518.823081268, 147520.796522119, 148486.262152502, 148492.06170346, 148492.964809167, 148493.547447636, 148499.364363616, 148499.379918843, 148499.44220342, 148499.488937867, 
148499.676154459, 148499.683946812, 148499.723052574, 148502.020039034, 148504.206605343, 148504.590671064, 148505.902674201, 148513.52251792, 149499.346262822, 149499.361806545, 149499.377317198, 149499.431864711, 149516.638291396, 150491.072355673, 150496.322710241, 150499.35920318, 150499.374738518, 150499.444993644, 150499.452625316, 150499.468200231, 150499.499331966, 150499.546123829, 150499.692113173, 150500.013120454, 151473.770613168, 151474.441356383, 151495.737888566, 151496.823935029, 
151499.387734436, 151499.41886987, 151499.426691538, 151499.457840564, 151499.465593252, 151499.47337473, 151499.488952869, 151499.668325603, 151500.638301846, 151505.041945898, 151507.641473989, 151509.353047987, 151513.314912069, 151518.713260434, 151568.842286066, 152415.323576495, 152429.765034832, 152480.890182904, 152483.505811591, 152484.743367377, 152486.995220887, 152489.547494839, 152493.567161082, 152494.866214262, 152498.007363265, 152499.346293324, 152499.385208081, 152499.392926133, 
152499.408525186, 152499.455260263, 152499.463034449, 152499.486392364, 152499.494141358, 152499.64229396, 152499.782884006, 152500.985486211, 153478.758219667, 153499.352469834, 153499.359252793, 153499.367031201, 153499.444838253, 153499.462066373, 153499.476009772, 153499.499400592, 153499.507355066, 153499.522771702, 153499.546119524, 153499.661035985, 153499.663146264, 153499.670922814, 153509.424531428, 153510.497974703, 153514.048880816, 153516.009859254, 154485.000863082, 154494.657229894, 
154499.341101938, 154499.394164384, 154499.439452525, 154499.449812423, 154499.465623486, 154499.481196655, 154499.496748886, 154499.504605736, 154499.512350009, 154499.543550271, 154499.551298434, 154499.637100033, 154499.676125878, 154500.004602111, 154500.012439025, 154505.092128788, 154516.465766475, 155462.765353612, 155468.132127246, 155478.896701441, 155482.968116249, 155483.982508418, 155491.968284763, 155499.385181139, 155499.431912085, 155499.478596573, 155499.49419586, 155499.509774942, 
155499.689131396, 155500.009815845, 155500.32123986, 155506.812357697, 155513.280734404, 156487.861116995, 156495.377278041, 156495.867811363, 156495.940373325, 156496.748981692, 156499.390435722, 156499.429308895, 156499.491615855, 156499.507172312, 156499.574345523, 156499.68652302, 156500.022854144, 156509.227334576, 156510.8587166, 157471.211327746, 157480.157504349, 157497.331074775, 157499.356734273, 157499.372243732, 157499.387828752, 157499.390210349, 157499.395604927, 157499.473408145, 157499.481202938, 
157499.496389982, 157499.512338606, 157499.52014647, 157499.551330047, 157499.660526305, 157499.683908508, 157501.478478847, 157507.009056308, 158455.360028432, 158479.083467101, 158486.088887639, 158491.967022841, 158499.361890007, 158499.379207146, 158499.393025067, 158499.400775307, 158499.408563502, 158499.459936979, 158499.47085484, 158499.486447584, 158499.5019569, 158499.509759291, 158499.51759237, 158499.543533449, 158499.548739841, 158499.556511628, 158499.693334936, 158499.696932559, 159491.243429928, 
159494.02732343, 159494.426306157, 159498.991672069, 159499.514990866, 159499.702080105, 159516.197869358, 159525.615144467, 160483.703418993, 160498.694080638, 160499.473415207, 160499.621463908, 160499.894831632, 160505.72454003, 160508.10610117, 160512.620914429, 160524.436783764, 160538.976975908, 161489.229689097, 161491.719741554, 161492.136238503, 161499.393042721, 161499.400793818, 161499.408586608, 161499.41641814, 161499.486449852, 161499.517589325, 161499.587701143, 161499.603299339, 161499.704665883, 
161500.527998372, 161509.768142669, 161553.517715912, 162487.966248076, 162499.390488515, 162499.40605336, 162499.413828292, 162499.490810068, 162499.491603326, 162499.507221624, 162499.518070287, 162499.60848026, 162499.631861649, 162499.639660792, 162499.660442705, 162526.926324532, 163486.670151971, 163486.71944962, 163488.943120331, 163493.774794424, 163494.755510979, 163499.387889074, 163499.395661602, 163499.465672221, 163499.48126666, 163499.520197956, 163499.668257368, 163499.70723805, 163499.766609913, 
163500.968495362, 163502.236038892, 163504.556831455, 163507.494680601, 163507.777754202, 163507.931927707, 163514.079322055, 163514.521183355, 163516.612493417, 164473.972534412, 164483.439540404, 164488.470750364, 164490.1621185, 164499.385264155, 164499.424177982, 164499.431956076, 164499.517599022, 164499.634473141, 164499.657856506, 164499.681237155, 164499.696887824, 164499.704671474, 164499.774925421, 164500.302475114, 164507.251321304, 164517.394814392, 164521.130480255, 164525.57337258, 
165474.992629297, 165489.131869238, 165490.747952563, 165495.944380503, 165499.374953695, 165499.40606258, 165499.413845222, 165499.431213874, 165499.437158622, 165499.491642516, 165499.522744236, 165499.676686382, 165499.694212983, 165499.703450848, 165499.733281306, 165499.744306709, 165500.046063303, 165503.790554848, 165505.896305036, 165518.667937715, 166485.75722727, 166489.786790602, 166499.395644995, 166499.411255656, 166499.419024716, 166499.43454446, 166499.456395636, 166499.496841812, 
166499.512373034, 166499.596838273, 166499.691621551, 166499.713418519, 166499.746262587, 166499.785285818, 166502.77112132, 166509.277174312, 167480.441509801, 167480.86999857, 167486.227145739, 167494.551631146, 167499.408617334, 167499.431948138, 167499.48642673, 167499.509780452, 167499.579884707, 167499.688659658, 167501.814030855, 167502.970748891, 167504.954984665, 167505.004225524, 167505.406462097, 167506.009467962, 167506.140107728, 167512.212220225, 167513.434539585, 168478.874598246, 
168482.205091298, 168482.983664935, 168495.949198003, 168498.327750749, 168499.390505062, 168499.406019136, 168499.42939009, 168499.437172724, 168499.452735092, 168499.507147767, 168499.514986046, 168499.62402724, 168499.639603998, 168499.701985732, 168499.80778393, 168499.983289967, 168500.215072205, 168506.932807592, 168510.303117019, 168522.438375392, 168523.357170551, 169475.619028825, 169491.591590195, 169499.358408662, 169499.403768741, 169499.442318455, 169499.450139613, 169499.461684103, 
169499.533412146, 169499.566859074, 169499.582461926, 169499.595471886, 169499.699394007, 169499.932437477, 169502.526284279, 169504.262761029, 170489.730789749, 170491.310854093, 170492.227901369, 170499.416390471, 170499.463067047, 170499.478624141, 170499.51752508, 170499.569922834, 171483.017107238, 171487.288001926, 171491.452895305, 171496.841350651, 171499.592793143, 171499.850257113, 171500.146210559, 171507.98540556, 171513.68420293, 171517.490836603, 172466.521787403, 172475.365403665, 
172476.793623942, 172499.442327551, 172499.450103593, 172499.629145202, 172499.644768839, 172499.707142592, 172507.607411034, 172512.627654192, 172517.301521789, 172517.54575805, 172520.472355517, 173499.509733625, 173499.525310493, 173499.57979585, 173499.626589654, 173499.774767456, 173503.103539245, 174499.530520557, 174499.662878982, 174499.795794818, 174513.565623624, 175499.527892675, 175499.574584725, 175499.582393645, 175507.997174995, 176486.248830155, 176496.448573789, 176499.533055042, 
176499.540866081, 176499.595336431, 176499.930882175, 176500.196367069, 176506.912958233, 176517.661498482, 176548.349731177, 177499.584935616, 178496.993125807, 178499.535641356, 178499.543420669, 178499.58236689, 178499.699252708, 178499.717736365, 178499.746044388, 178499.784994795, 178499.841817459, 179457.668768285, 179496.981065127, 179499.540807486, 179499.564197378, 179502.536272101, 179505.265120111, 179505.305087849, 179513.075775001, 179514.249917455, 179524.574510925, 179577.443634113, 
180490.866097657, 180499.561579407, 180499.600466492, 180499.779739804, 180499.977147029, 180504.471957135, 180508.359008528, 180513.464510074, 180518.317131084, 180521.33031195, 181493.236003624, 181499.558994427, 181499.582319644, 181499.693944775, 181499.792755564, 181502.531158558, 181509.798885257, 181523.531051445, 181536.681765976, 182491.601235854, 182496.18726882, 182499.424140099, 182499.462993513, 182499.579703438, 182499.626406913, 182499.649792924, 182499.657547148, 182499.668673345, 
182499.696533836, 182499.704328056, 182507.668158633, 183474.906438468, 183482.630446159, 183485.091887456, 183487.888754472, 183488.29682378, 183491.187609207, 183497.094124395, 183499.452689951, 183499.569311572, 183499.725081924, 183499.842085432, 183500.988479103, 183502.088405518, 183503.190897467, 183504.861416233, 183507.852650023, 183520.161011471, 183538.663660957, 184398.326077757, 184485.156289913, 184486.110840836, 184488.961011684, 184488.993130912, 184491.530597781, 184497.132720121, 
184498.475976879, 184498.689592661, 184499.128648476, 184499.566733614, 184500.003585333, 184500.605988181, 184502.859035689, 184506.985915241, 185499.237947458, 185499.478555647, 185499.548498434, 185499.587427488, 185499.634175435, 185499.652274079, 185499.978810544, 185512.230375846, 185519.677904136, 185519.708902734, 186495.458453072, 186498.8061729, 186499.266381506, 186499.274132821, 186499.317371723, 186499.382757009, 186499.522608508, 186499.61598869, 186499.623728457, 186499.709459048, 
186499.732823952, 186499.740635474, 186499.748374457, 186502.192788502, 186505.670408546, 186506.316496125, 187447.841428312, 187468.021109515, 187473.528398173, 187489.245580782, 187490.246863768, 187492.40355516, 187494.175363459, 187495.252499754, 187496.337339529, 187496.637144316, 187496.668690461, 187499.271505776, 187499.380129011, 187499.769182161, 187501.26376476, 187502.176728856, 187502.753622712, 187504.115433405, 187504.355618044, 187504.97596818, 187505.999432105, 187508.979963157, 
187509.522506412, 187510.410716752, 187511.710828195, 187521.582336667, 188464.664155017, 188468.267400785, 188491.787407195, 188491.848846665, 188493.508920611, 188494.030138317, 188499.626286648, 188499.735325684, 188500.325124265, 188504.887467618, 188505.943869209, 188509.358571562, 188518.44199011, 188519.108525986, 188524.599304971, 188524.86468836, 188572.42325928, 189474.069489376, 189489.592109563, 189495.202684595, 189495.827182798, 189499.22653617, 189499.24312991, 189499.274081483, 189499.315078695, 
189499.437034471, 189499.474548997, 189499.483712989, 189499.530307624, 189499.545849464, 189499.670413433, 189499.748297639, 189499.756102718, 189499.763909654, 189499.802934202, 189499.857516467, 190474.166697417, 190485.040971011, 190498.165670702, 190499.083044892, 190499.248239314, 190499.250411848, 190499.27929804, 190499.287059397, 190499.349099436, 190499.426697384, 190499.434455241, 190499.465509975, 190499.481107436, 190499.488823181, 190499.52773727, 190499.5433002, 190499.55955948, 190499.582307704, 
190499.605532347, 190499.698940699, 190499.722290295, 190499.761264706, 190499.831443858, 190499.839258122, 190500.327862865, 190510.728879864, 190518.733148269, 191478.707147339, 191478.820295221, 191490.494988187, 191491.823909764, 191493.76503946, 191498.54914048, 191498.705562651, 191499.540650769, 191499.579547446, 191499.852286659, 191500.180538925, 191502.742101627, 191508.162898166, 191508.235506029, 191508.852371477, 191540.539237959, 191547.386577539, 192483.551218335, 192484.739138467, 
192486.755878213, 192491.535811164, 192495.054991538, 192495.89507045, 192496.119631113, 192497.852948232, 192499.771595459, 192501.505217363, 192502.185644535, 192505.299501324, 192505.593655598, 192506.883021148, 192507.532916447, 193479.035302032, 193483.180301007, 193484.532746732, 193499.263779807, 193499.277160928, 193499.294796709, 193499.449997616, 193499.535443566, 193499.566523989, 193499.597692476, 193499.628814802, 193499.722241576, 193499.768983264, 193499.792394035, 193499.803923249, 
193499.83133629, 193499.885967601, 194487.436818075, 194487.4676058, 194492.288843884, 194495.650588711, 194498.072556808, 194499.007888266, 194499.253415372, 194499.255536621, 194499.274287078, 194499.284470542, 194499.400802292, 194499.428375358, 194499.431843182, 194499.447363078, 194499.455158414, 194499.548347432, 194499.734603888, 194499.781928846, 194499.79753673, 194499.894312446, 194507.114098905, 195483.871446027, 195487.850042422, 195487.995103093, 195490.18182097, 195490.87570218, 195490.993763062, 
195491.312907461, 195494.661146259, 195499.274115854, 195499.468046822, 195499.779279479, 195499.89085645, 195501.010478558, 195502.524575922, 195502.850358406, 195507.331538702, 195507.62214858, 195510.854529566, 196448.464152459, 196466.379401259, 196479.442460216, 196489.75838242, 196493.434232965, 196494.811714564, 196496.488154075, 196496.769351422, 196498.496189029, 196498.601844216, 196499.815622744, 196504.585948382, 196506.228979511, 196506.432887046, 196507.467815441, 196512.283354558, 
196515.905476277, 196519.57939314, 196520.144380671, 196520.57304829, 196524.942895331, 197485.268031895, 197486.499325266, 197488.352459906, 197494.053960051, 197499.268953634, 197499.284396861, 197499.299947243, 197499.424017675, 197499.441662641, 197499.455107825, 197499.517244385, 197499.610505147, 197499.61829233, 197499.720206435, 197499.798632446, 197502.347160792, 197522.031713247, 198491.515412871, 198498.078760065, 198499.250820282, 198499.258574758, 198499.435338265, 198499.444690519, 
198499.452489368, 198499.46022967, 198499.467260108, 198499.475772003, 198499.725632038, 198499.794819681, 198499.825978797, 198499.84157679, 198510.360235609, 199482.902374444, 199486.778347885, 199487.798352469, 199489.235926127, 199495.211238961, 199497.425552182, 199497.906557446, 199499.403282809, 199499.823314348, 199501.048215005, 199501.867957971, 199506.864802076, 199508.28017244, 199510.309132611, 199516.647271754, 199520.322391903, 199525.965040459, 200459.071275477, 200482.774933409, 
200489.141162857, 200496.378248236, 200496.771509138, 200499.237957677, 200499.430358244, 200499.431769123, 200502.805073286, 200503.212889627, 200504.647163357, 200507.880074888, 200525.375382683, 200540.606681173, 201490.659746303, 201491.939756547, 201492.696920883, 201492.820090012, 201499.297298985, 201499.305088515, 201499.32827623, 201499.429138872, 201499.444653452, 201499.45243666, 201499.460226906, 201499.48360244, 201499.515661579, 201499.561144203, 201499.615582682, 201499.807187087, 
201501.068412985, 201508.579031053, 201512.373584667, 202491.563307562, 202499.232748136, 202499.248254851, 202499.372228878, 202499.395239393, 202499.416538014, 202499.442020977, 202499.465378136, 202499.558532933, 202499.566308964, 202499.571713783, 202499.597410703, 202499.620784991, 202499.846622419, 202499.877803904, 202509.561178079, 202537.901426013, 203473.99898519, 203480.563384207, 203483.500470261, 203483.830052881, 203489.207938391, 203492.598691383, 203497.695808103, 203498.576012558, 
203499.245637077, 203499.477500623, 203499.47825622, 203499.594829312, 203499.606463623, 203501.023153352, 203501.842404126, 203502.827409508, 203507.008956141, 203510.182646177, 203511.819012227, 203512.328583652, 203515.917699001, 203522.0757251, 204367.059051283, 204438.78969457, 204479.41428958, 204479.462287663, 204479.669127793, 204486.597612916, 204488.918137965, 204489.306478887, 204492.735341029, 204494.369199626, 204496.550429651, 204499.444583219, 204499.55333823, 204499.769168523, 204499.825745532, 
204500.169893881, 204506.089899132, 204508.537631911, 204509.983863143, 204511.157541569, 204530.092426426, 205463.802091434, 205477.879982931, 205487.192286107, 205496.635806168, 205499.082578698, 205499.201809676, 205499.224988035, 205499.240449151, 205499.310166602, 205499.426495472, 205499.434277144, 205499.457519711, 205499.465300419, 205499.473018089, 205499.480931616, 205499.574044239, 205499.581763727, 205499.612900978, 205505.436289478, 205522.566563108, 205545.458515697, 206491.920026097, 
206493.236013558, 206495.031236289, 206499.200967441, 206499.214710758, 206499.222428293, 206499.23790971, 206499.253412905, 206499.26365003, 206499.268846065, 206499.292096498, 206499.307627076, 206499.388628555, 206499.462717358, 206499.470406906, 206499.485975356, 206499.500641664, 206499.641387414, 206499.656915801, 206499.921616993, 206499.92180968, 206500.876909261, 207400.51250402, 207489.958841267, 207494.767030319, 207496.32309378, 207498.200787882, 207499.212119378, 207499.250810733, 207499.48334036, 
207499.599907585, 207499.886576504, 207501.88943254, 207501.971544685, 207504.742544162, 207504.879003274, 207505.452343088, 207508.584107293, 207511.90003939, 207512.246425652, 207512.33944439, 207513.683185962, 207515.906239265, 208461.51148984, 208469.142414162, 208473.586166266, 208479.275150418, 208484.292593469, 208485.527462594, 208485.533347181, 208487.125627946, 208490.167558698, 208491.524242866, 208492.035886508, 208492.641644805, 208493.444906038, 208494.900738256, 208499.173446253, 208499.209486456, 
208499.248234151, 208499.480722578, 208499.540481435, 208501.760674363, 208503.108867472, 208504.072004761, 208505.364387956, 208508.917212407, 208509.872133843, 208511.039117306, 208511.555484207, 208513.488080749, 208513.731120816, 208518.900581977, 208522.09071262, 208528.433473446, 208529.162058614, 208544.184288964, 209483.99333152, 209499.222403058, 209499.230114789, 209499.261071859, 209499.264213736, 209499.268855439, 209499.276563656, 209499.315280339, 209499.448757783, 209499.478149409, 
209499.610140055, 209499.672368532, 209499.760115861, 209505.873137589, 210480.137206448, 210482.859831328, 210487.764837876, 210490.81693589, 210491.050905005, 210497.464491829, 210499.219833088, 210499.227523306, 210499.243025202, 210499.275461231, 210499.297192077, 210499.475539452, 210499.503064327, 210499.545399023, 210499.615336619, 210499.654226601, 210499.662722849, 210499.700873079, 210499.732018253, 210499.786529792, 211423.226299276, 211468.265245268, 211468.951951947, 211482.70473242, 
211485.004025588, 211488.05697197, 211495.176300042, 211497.005720611, 211499.188200599, 211499.294661491, 211501.106474324, 211504.684446554, 211509.006024366, 211511.140301907, 211511.8305973, 211547.244210158, 212476.751391318, 212483.616979592, 212484.714883193, 212485.400322172, 212490.709369749, 212490.815810317, 212492.245913169, 212496.842063269, 212497.25077895, 212498.621441763, 212499.641143809, 212500.512039333, 212502.327740281, 212505.590094905, 212541.384560048, 213494.258641696, 213496.276092836, 
213496.418276351, 213499.235272286, 213499.304958294, 213499.339869709, 213499.359164189, 213499.475459111, 213499.483210018, 213499.48521605, 213499.70852919, 213499.803880801, 213504.065830645, 213508.497998784, 213516.481191555, 213520.764664336, 214475.011820122, 214483.497017868, 214489.591268652, 214499.232644126, 214499.240446535, 214499.248110386, 214499.263609439, 214499.28318551, 214499.286803249, 214499.480569242, 214499.496094754, 214499.729267981, 214499.802563649, 214499.843596233, 
214499.853814389, 214499.892832473, 214504.602870431, 214508.540160814, 215484.954188387, 215485.369820788, 215485.752700447, 215485.949375976, 215486.871955663, 215489.591411688, 215491.844273746, 215494.58442775, 215495.805437564, 215497.233026346, 215497.947196503, 215498.045360566, 215499.222338881, 215499.261022655, 215499.493504758, 215501.162932448, 215501.821608557, 215502.914653238, 215502.96102032, 215505.229633723, 215506.927233899, 216469.422279913, 216473.463431265, 216474.232215132, 
216479.888836499, 216481.058131226, 216481.171456442, 216481.659685351, 216487.921184165, 216488.375243085, 216493.840336201, 216494.535909131, 216494.749099857, 216495.948565284, 216499.181101276, 216499.258434178, 216502.547901174, 216503.135473299, 216530.522834887, 216543.591552482, 217475.573123674, 217480.108286154, 217483.947664942, 217484.666823361, 217495.661776089, 217495.834197528, 217499.178509665, 217499.20651523, 217499.217144768, 217499.387477611, 217499.56025561, 217499.640118818, 
217499.947246151, 218461.872025878, 218467.7332811, 218477.069686849, 218483.262511639, 218490.044587092, 218492.926169907, 218499.145470796, 218499.175955183, 218499.193864871, 218499.35386461, 218499.384876947, 218499.39257412, 218499.508964155, 218499.516680423, 218499.57882658, 218499.594340997, 218499.625397643, 218499.89778093, 218499.905599879, 218499.913357426, 218500.292488442, 218508.119980509, 219458.158465001, 219467.509349676, 219478.663223561, 219480.612647813, 219486.34506131, 219486.812728967, 
219492.414113575, 219496.38352055, 219497.452412864, 219498.052313605, 219499.072416253, 219499.150142997, 219499.165099031, 219499.537374705, 219501.289678125, 219503.516261183, 219505.381350853, 219505.672617503, 219507.908071553, 220405.924077035, 220451.732429388, 220476.156989694, 220482.334526019, 220495.02384867, 220497.303569864, 220497.536870171, 220497.699053709, 220497.994960148, 220499.263540125, 220499.534730803, 220499.923649523, 220502.599440278, 220504.608226014, 220504.697781295, 
220514.495609312, 220517.700634115, 220522.11920341, 220524.823119329, 220528.631743561, 220568.007516548, 221484.091810695, 221488.143906341, 221499.144982226, 221499.160453419, 221499.175872647, 221499.222247185, 221499.237700105, 221499.245472246, 221499.415798625, 221499.439002065, 221499.454550521, 221499.51662499, 221499.524337503, 221499.532144877, 221499.547643629, 221499.570941703, 221499.609718478, 221499.736560121, 221499.921657734, 221499.959965715, 221501.48339364, 221507.056222829, 
221507.839675856, 221509.352213938, 221518.854477628, 221527.263809621, 222472.789244581, 222483.433160166, 222483.638573883, 222493.301784217, 222496.535858311, 222499.23517535, 222499.242837792, 222499.250641641, 222499.258337376, 222499.413207192, 222499.521744535, 222499.529518089, 222499.534771341, 222499.544997615, 222499.552783846, 222499.560511485, 222499.583837129, 222499.630417008, 222499.679862305, 222499.700401883, 222499.769086399, 222499.949547015, 222505.431029042, 222508.276160485, 
222509.223110623, 222510.821726846, 223478.318327565, 223488.023148871, 223488.10861406, 223489.884516037, 223492.809890934, 223492.961723483, 223499.15526283, 223499.271224348, 223499.581169258, 223499.697728999, 223499.892318625, 223500.283071815, 223501.867443983, 223505.846980098, 223506.502156019, 223510.235584829, 223512.28746132, 223523.194677834, 223524.067894194, 223536.279458993, 224456.158084038, 224472.319911323, 224480.353951251, 224485.716261975, 224489.273136419, 224492.156197418, 
224495.500672186, 224499.152695958, 224499.22992352, 224499.287947864, 224499.424442409, 224499.695127672, 224501.191881834, 224503.717067308, 224508.008541534, 224511.387322587, 224520.30107283, 225467.437571833, 225476.201828273, 225485.75985133, 225490.526062019, 225490.750679104, 225498.59003846, 225499.173287806, 225499.289257917, 225499.296996634, 225499.426989524, 225499.442317159, 225499.468410982, 225499.505182618, 225499.52940574, 225499.537134867, 225499.549430726, 225499.560420216, 225499.599218503, 
225499.663926878, 225499.664891204, 225499.684674883, 225499.708026831, 225499.741581117, 225499.793595396, 225499.957137211, 225512.540991675, 225518.926614594, 226487.775212751, 226489.183226474, 226497.858203954, 226499.132058178, 226499.170665547, 226499.178400455, 226499.186141224, 226499.253206048, 226499.28659809, 226499.371742447, 226499.48025582, 226499.519038771, 226499.526784557, 226499.534544223, 226499.543415908, 226499.57330527, 226499.642088394, 226499.666480474, 226499.67429547, 226499.728609278, 
226499.744234626, 226499.752026127, 226499.884306523, 226508.13052655, 227460.984335687, 227465.47381002, 227467.911852051, 227479.37762432, 227479.481897301, 227479.990266908, 227481.091019273, 227485.090790071, 227485.775602197, 227490.028380067, 227491.050575475, 227491.308255793, 227491.543142641, 227492.211622341, 227493.823672043, 227494.484969592, 227496.311852253, 227496.492480578, 227497.836210435, 227499.27627593, 227499.297139646, 227499.741611585, 227500.289593986, 227503.56409167, 227505.006564168, 
227505.671043134, 227507.374487115, 227510.358115986, 227519.494586068, 227566.665508823, 228455.47195425, 228472.59203983, 228482.63041605, 228484.262762989, 228486.575337303, 228487.267169712, 228489.022360688, 228489.75533576, 228490.98213377, 228491.508866767, 228492.773534218, 228494.490039662, 228498.609834435, 228498.7080548, 228499.157772349, 228499.196364043, 228499.235039737, 228499.273676583, 228500.129904571, 228500.342959952, 228502.448396537, 228507.195583404, 228509.830862386, 228512.19538547, 
228514.916922451, 228523.065160469, 228537.46164091, 229479.524543095, 229492.380944924, 229492.595810216, 229493.209560028, 229499.101161313, 229499.108880794, 229499.139731974, 229499.140862915, 229499.147448777, 229499.155211251, 229499.178366779, 229499.247929678, 229499.255639103, 229499.271085139, 229499.465858234, 229499.526634303, 229499.59648244, 229499.728516485, 229499.962062843, 229515.401428667, 230472.479008033, 230480.111367949, 230493.811879123, 230495.307339455, 230499.060023234, 
230499.144901833, 230499.175764199, 230499.245298165, 230499.260764429, 230499.562618009, 230499.565813825, 230499.609359205, 230499.640452657, 230499.717057235, 230499.718083474, 230499.718565815, 230499.889269482, 230499.920453202, 230499.951615012, 230499.959451386, 230499.967193025, 230520.815935016, 231481.971412962, 231482.969443199, 231486.634626315, 231488.484577976, 231488.822464844, 231491.153461048, 231497.011952029, 231497.575678696, 231498.366804499, 231499.165456193, 231499.28135269, 
231499.980156388, 231503.243193228, 231503.532300311, 231524.568228236, 231542.433150362, 231606.272410947, 232448.858921738, 232476.944513229, 232477.056022667, 232477.210963098, 232478.23426371, 232483.796126407, 232490.555974367, 232490.661683819, 232493.341322167, 232494.167068891, 232498.304229392, 232499.162853094, 232499.860601267, 232499.876179289, 232503.378756864, 232509.051188313, 232536.548769872, 232539.448233527, 233319.261505044, 233495.377079974, 233499.067658524, 233499.144814792, 
233499.174033753, 233499.79572262, 233499.881343391, 233499.928059193, 233499.990351192, 233517.284025494, 233521.656760697, 234475.0578653, 234475.804420331, 234480.13320198, 234499.065094266, 234499.072795313, 234499.080523094, 234499.102766949, 234499.142255393, 234499.149937157, 234499.173093151, 234499.180878054, 234499.188548814, 234499.265808915, 234499.327659965, 234499.343199636, 234499.614352185, 234499.729090475, 234499.761964453, 234499.964330718, 234499.995516998, 234519.517510092, 235440.122894811, 
235468.300592044, 235474.239641226, 235479.498973156, 235480.108408016, 235482.137239073, 235483.320587742, 235484.332442822, 235484.35372227, 235485.126415095, 235487.432429423, 235488.486643832, 235490.504795818, 235491.084237871, 235496.445631437, 235497.712544856, 235499.131935173, 235499.712657882, 235499.716600937, 235499.946065283, 235501.850417386, 235502.809149061, 235503.903727687, 235504.346908311, 235508.44267147, 235509.140635142, 235512.864663949, 235515.519217111, 235530.179712641, 
236460.192189403, 236464.006385432, 236474.048780589, 236474.061974068, 236475.129318603, 236481.926526632, 236483.086844182, 236483.15032208, 236483.212800529, 236489.55559708, 236491.709675822, 236495.23274627, 236495.292367271, 236497.612006373, 236497.768435858, 236497.986440456, 236499.09078425, 236499.710070249, 236500.160562866, 236500.668935359, 236500.917940258, 236501.510213203, 236502.314819612, 236503.305482008, 236509.80015471, 236514.559016006, 236516.448330897, 236519.734564772, 236520.296362695, 
236521.8240647, 236529.015968511, 236532.648417808, 237473.21832839, 237488.52148809, 237499.080479237, 237499.142192292, 237499.149914228, 237499.154249205, 237499.157637388, 237499.180811894, 237499.219424041, 237499.265760321, 237499.273460004, 237499.281244216, 237499.653018137, 237499.660782828, 237499.668527998, 237499.901832756, 237499.964157228, 237502.912414448, 237503.100870077, 237505.900864723, 238474.954327938, 238475.315016975, 238487.15971257, 238489.403119044, 238499.077867333, 238499.116430719, 
238499.130408821, 238499.139619932, 238499.155020052, 238499.162752522, 238499.263131828, 238499.270852153, 238499.332690673, 238499.346904127, 238499.517607983, 238499.642640462, 238499.665889071, 238499.680769569, 238499.720327527, 238499.766569079, 238499.96145357, 238510.38175429, 238511.79045133, 239460.106214488, 239471.785611699, 239472.246665457, 239473.912096111, 239475.270614565, 239478.106446807, 239482.189544667, 239486.863797943, 239487.996784111, 239489.562742424, 239491.850081749, 
239492.081550526, 239492.791164709, 239496.784521226, 239499.137023257, 239499.175594473, 239499.531390986, 239499.639966241, 239502.114579622, 239503.665376888, 239504.446226786, 239505.171398067, 239505.434327368, 239506.174531419, 239520.239403003, 240457.635920532, 240473.921160757, 240484.313684918, 240484.674278062, 240485.837386119, 240486.025788684, 240486.073069836, 240488.617927018, 240488.968530161, 240491.054953887, 240491.927529111, 240492.160296742, 240492.940147369, 240493.692523002, 
240494.081992883, 240495.59066957, 240497.070807048, 240499.173018761, 240499.327534966, 240499.753880609, 240499.932678474, 240500.018479779, 240500.162138865, 240501.894059384, 240502.059054602, 240502.673101403, 240503.180423755, 240506.338597219, 240506.769868834, 240509.11712862, 240510.126030308, 240533.392725146, 241486.5305288, 241487.400009296, 241498.607653649, 241499.161775858, 241499.162676136, 241499.170424221, 241499.185822793, 241499.263083517, 241499.292025412, 241499.580422107, 241499.619220516, 
241499.626947226, 241499.650262636, 241499.751179495, 241505.025384879, 241507.57277711, 242475.850039362, 242484.29564091, 242486.107400379, 242497.461533081, 242499.167786826, 242499.17325829, 242499.18327135, 242499.283620301, 242499.312460373, 242499.337731601, 242499.668318275, 242499.670869901, 242499.70193694, 243470.884217846, 243472.090565303, 243479.867657898, 243487.70766712, 243488.843778222, 243492.266062372, 243492.859404328, 243496.675674954, 243498.254383884, 243499.022376917, 243499.180635502, 
243499.296515219, 243499.335125931, 243499.60618513, 243499.878051256, 243500.63286346, 243504.044630194, 243506.286923447, 243506.399887537, 243507.337142331, 243509.440368009, 243511.446338672, 243512.145747241, 243518.788632687, 243518.81771807, 244474.448895195, 244477.745807915, 244484.113028011, 244484.514188568, 244486.11920736, 244487.53721582, 244490.522244874, 244493.598176098, 244497.540127751, 244499.17805376, 244499.255229259, 244499.266854767, 244499.293927417, 244499.301634048, 244499.332494446, 
244504.643493454, 244507.307768914, 244508.823253997, 244515.29935627, 244523.401027894, 244526.839679324, 244530.77119042, 244544.890745172, 245444.828844928, 245479.764826056, 245481.091997576, 245486.951409519, 245488.413032819, 245496.264876258, 245499.077037624, 245499.11249716, 245499.206323656, 245499.232402149, 245499.291255504, 245499.306727884, 245499.314448458, 245499.320340385, 245499.322163799, 245499.329909476, 245499.585401095, 245499.620713855, 245499.662948213, 245499.872722244, 
245499.888287834, 245499.973951798, 245507.140168237, 245535.039313239, 246475.657590307, 246484.409882221, 246495.538002334, 246499.075518589, 246499.149699586, 246499.157419631, 246499.196022399, 246499.20371262, 246499.254458087, 246499.265490672, 246499.293494115, 246499.304097088, 246499.308024855, 246499.319590414, 246499.327325274, 246499.342782063, 246499.660325085, 246499.691628867, 246499.846720605, 246499.885642529, 246499.986793546, 246499.996917111, 246500.002389778, 246505.512189097, 
246521.447615019, 246539.213670613, 247475.629024174, 247476.68393954, 247479.133773533, 247479.795228706, 247481.892303057, 247483.284797909, 247489.920888743, 247499.108572826, 247499.325738882, 247499.34017049, 247501.768068365, 247515.799567588, 247526.979517687, 248448.986454738, 248458.361922504, 248472.586403148, 248474.31737462, 248474.518242966, 248475.843999647, 248479.128358722, 248488.370931036, 248495.797536534, 248496.256995753, 248498.74969929, 248500.331868313, 248503.056145957, 248508.273457366, 
248510.999202978, 248511.86443046, 248513.256233262, 248516.971525743, 248524.447844872, 249483.494751548, 249485.770671204, 249488.902209596, 249489.899759423, 249499.075374689, 249499.180471815, 249499.19724135, 249499.216023892, 249499.354740231, 249499.667891307, 249500.103501853, 249500.111287989, 249528.492798894, 250477.619998231, 250495.98700519, 250499.116237508, 250499.123924406, 250499.154781282, 250499.216441245, 250499.255059628, 250499.285958429, 250499.309119443, 250499.867185326, 
250499.991731031, 251465.17503689, 251466.640410677, 251467.924463523, 251490.925715163, 251494.777267166, 251499.613011261, 251500.121519845, 251501.272405325, 251503.544176928, 251505.253569967, 251506.305518715, 251509.867709206, 251509.872152081, 251512.014529481, 251512.351507118, 251514.306661088, 252479.028921248, 252479.195845585, 252499.924096651, 252499.93577834, 252507.124456069, 252510.266213239, 252511.776737765, 252514.399396905, 252521.322936746, 252526.750888877, 253484.634931239, 
253499.123886776, 253499.16237959, 253499.170126642, 253499.80480765, 253513.099513226, 253516.605199616, 254499.825480812, 254499.841040992, 254499.934289676, 254499.949847201, 254499.988821487, 255477.895911431, 255491.188340904, 255494.07205677, 255498.212358318, 255499.729061546, 255499.970531575, 255501.703102045, 256489.486683696, 256489.705053148, 256489.779359074, 256519.627798175, 256527.750581306, 257483.653246857, 257499.144307131, 257499.221425429, 257499.229110034, 257499.825220508, 
257499.949625769, 257505.516794395, 258499.226532859, 258499.257334794, 258499.27350529, 258500.751388694, 259490.680890496, 259493.961590522, 259499.200763575, 259500.014342052, 259511.124676582, 259516.59279534, 260481.575487734, 260495.341837764, 260501.11399568, 260516.244707211, 261492.177364415, 261499.998212713, 262499.980312718, 262500.029642511, 262505.543680126, 262508.410778803, 263520.357759474, 264412.71165601, 264500.0085347, 264501.992050328, 264512.046425857, 264526.755293913, 264528.720144807, 
265495.167934512, 265498.888259806, 265500.008198337, 265500.037134179, 265500.044922919, 265500.122785562, 265500.130575063, 266500.034429401, 266500.042230923, 266500.138406053, 266500.16689837, 267485.556486007, 267488.568245694, 267498.2166744, 267504.164670797, 267504.281756236, 268473.362809854, 268485.570734161, 268500.138141668, 268501.570411136, 268508.671480541, 268511.854283491, 268515.335178248, 269500.003112847, 269500.034153274, 269500.041990557, 269500.049749458, 269500.127606539, 
269508.138672919, 269513.872427439, 270500.015923895, 270500.070407674, 270500.085956603, 270505.862388717, 271494.068182527, 271496.097162091, 271509.829580098, 271527.909609942, 272496.54232604, 272498.676778783, 272499.831878185, 272499.948351833, 272500.080603829, 272508.486524317, 273492.828874395, 273499.697303915, 273499.813630705, 273499.844609832, 273500.085662242, 273500.140214494, 273509.439923095, 274486.496901901, 274500.129742972, 274500.137482673, 275478.670520443, 275489.448268989, 
275490.350342505, 275491.08148211, 275499.39679632, 275500.072483833, 275502.600933365, 276483.676281475, 276486.101378259, 276492.289724356, 276494.958564441, 276501.280571586, 276509.295946749, 277499.748701817, 277500.051546546, 277500.082727701, 277500.09826304, 278459.374014723, 278499.699557398, 278499.738255651, 278499.943446995, 278500.06441928, 278500.093610096, 278505.739067329, 279497.655137329, 279500.077304467, 280499.802726345, 281494.587268628, 281499.800066191, 282499.867180503, 282507.216973534, 
283529.737410004, 284479.121967411, 284484.608623312, 284499.962805296, 284508.400910128, 285509.119827649, 286497.684638988, 287507.771484863, 287512.105956594, 287513.870445444, 287529.368376053, 288482.628573643, 288486.58535448, 288492.639967669, 288504.144908307, 288504.956141269, 289499.918274708, 291500.087389491, 134500.689259442, 133500.671651426, 134500.673031156, 133000.663957685, 149500.661647368, 147997.646182174, 147497.472810179, 147000.647497837, 136503.633642459, 141485.800381625, 
142000.612456456, 153000.611804589, 147000.588510152, 148000.57431898, 153000.580538344, 131500.527889745, 138500.537434707, 131500.991022178, 156500.621514566, 155500.544804437, 147980.380732128, 149008.011367704, 153013.285683418, 149500.520352844, 154000.673958049, 115000.451643446, 136001.219132513, 116003.970341189, 130994.782562734, 118500.448554525, 131500.465164854, 134500.469735843, 133506.855072064, 133989.939221091, 135506.311633756, 131000.457307043, 135000.462204889, 131500.539246157, 
130500.417732934, 131500.838631345, 132486.42685542, 132013.114983637, 118496.270652492, 132985.896156169, 120471.043887611, 116495.920629276, 118000.377526551, 119000.378620161, 120000.379834797, 132000.404069815, 131000.394806876, 131497.823864034, 117472.211763583, 115500.366194742, 131500.476729408, 130939.669678123, 153000.4073654, 160000.416571658, 155966.925250576, 153008.841599585, 131500.371189491, 132000.384183055, 145000.381585277, 131994.768811563, 131500.340103796, 147500.361542318, 
132003.925198518, 147490.423300269, 147000.332759047, 148000.353533235, 132501.125665083, 145500.343128548, 148500.347402438, 131504.230621523, 148500.338691213, 130993.963570084, 128011.645988752, 127500.303668047, 127000.308830944, 128000.296474946, 127507.57248811, 127004.187711973, 142000.268252623, 107500.215488935, 133492.00158549, 113495.810729365, 113975.191172002, 78000.1683266647, 79000.1692820415, 107000.205187725, 110000.210410743, 107489.688105023, 92500.1795257181, 93500.1804433921, 
93011.7527311342, 91978.3111052401, 107999.71423809, 77485.510454068, 92000.1707534418, 93000.1719625527, 120000.207871508, 133000.224838782, 143000.238118064, 92502.1889816457, 142496.740506581, 132494.063235367, 117996.803088281, 77021.3023564294, 74500.1402515229, 91500.1630540239, 118493.206022524, 117500.196690314, 144500.232519068, 91990.480262123, 108515.421370399, 134006.160658345, 145458.90344169, 146513.72412947, 76508.9216248076, 97499.3015212789, 92511.9334275015, 77000.1681345245, 80000.1393289622, 
92000.1671754392, 93000.1563263936, 97000.1914178915, 99000.1645768303, 116000.186734347, 118000.189273594, 146000.226378541, 117508.007924628, 71983.7124050474, 78500.1295892559, 79500.1315602437, 80500.1326866336, 92500.1480878014, 91500.1718485327, 146500.277799818, 97005.7911573807, 91989.6385820871, 86539.6223589182, 117516.964064767, 113466.2928306, 103498.607468108, 77000.1204331061, 78500.1223660698, 79000.123127955, 93000.1414076341, 95000.1443572678, 118000.174191935, 120000.176588625, 
95996.4822552577, 118985.4935087, 77523.6186886989, 85491.0960608544, 113514.807564863, 93006.1534898123, 86500.1249496415, 92500.1333394572, 93500.1338548213, 107500.152458531, 112500.158767986, 116500.164451035, 113000.453892484, 107990.575812797, 79004.626135339, 75499.0732181957, 94002.0244941479, 87514.4356791461, 86518.0401311684, 117508.812145872, 86000.1167431436, 92000.1873650672, 94000.1265978599, 95000.1288310885, 96000.1294829352, 107000.181679444, 116000.156008774, 118000.158931011, 
150000.20005972, 153000.203254402, 112476.65346467, 107501.815439805, 117997.171296399, 87010.1636274513, 107001.919154721, 88003.8518027831, 78500.0992585523, 76500.086397117, 86500.1678031618, 87500.1111943033, 94500.119693093, 107500.137242736, 106500.152176636, 128500.164123467, 77012.0564499106, 87508.4981557755, 86004.3625905542, 86515.6733828196, 76523.5900316508, 76001.7114232322, 142494.105499718, 93499.9517082758, 77000.0894321753, 87000.1021287171, 93000.1103929849, 94000.1114853304, 77508.598198168, 
88487.1456669522, 90958.7069776859, 105479.096248087, 90458.8831465133, 87995.3100408418, 77994.6697833892, 89010.2526241066, 85519.0544941658, 103496.882009867, 78500.0832132054, 86500.0936468802, 88500.0968015604, 89500.0974263484, 113000.0481144, 79023.7323372485, 118007.380952807, 113488.229898613, 116991.275694962, 77001.3818950243, 77496.1138445437, 76488.2819773098, 92498.7407791195, 74000.0692980001, 77000.1439271197, 76000.072156772, 78000.0746324956, 79000.0756482184, 80000.0769188842, 
87000.1094651017, 85000.0834956942, 86000.0856927997, 88000.0880482309, 89000.0893674623, 92000.1075423956, 96000.0983169358, 113000.120355578, 115000.12350968, 116496.83532449, 116000.124544674, 119000.127998849, 91514.1524392273, 87500.1811958225, 82960.62419271, 88026.2248985078, 91997.7031276822, 97996.5349363722, 86989.8000862841, 77500.0661924435, 82500.0726671973, 85500.0770982252, 91500.1745234504, 87500.0798496325, 88500.0807924317, 89500.0822204622, 97500.0928933863, 103500.100024931, 118500.120260817, 
116500.202767282, 139500.147457336, 77525.5128654605, 115984.654961474, 118488.881194805, 97484.3279113937, 75000.0551130399, 98000.0855031842, 118000.110973989, 152000.155294563, 85971.841444551, 155992.241276904, 117941.817658921, 85450.4976119511, 88998.0851504877, 100471.095667812, 76500.0495106904, 78500.0515918843, 86500.0626678765, 92500.0708408868, 116500.102062236, 117500.103418924, 122500.109642117, 123512.226453044, 116969.44141781, 102489.882217857, 119006.171921872, 123998.857752844, 
74000.0389665319, 76000.0411572596, 78000.0440768953, 85000.0528227882, 91503.6298932498, 92986.8563155569, 77987.2259651376, 75500.0327209402, 77500.0354493689, 91500.0809799153, 87500.0482846489, 89500.05138034, 93500.0560936183, 99500.0634944197, 121500.11764013, 156500.170988287, 115984.523138406, 104989.758962644, 96502.5110653294, 78489.9447016269, 79000.0290990192, 83000.0347937094, 84000.0359240752, 88000.0411118027, 89000.0421404345, 90000.0436664168, 92000.0460829511, 115000.076489375, 
75970.8832314406, 83478.5812804429, 80955.289417793, 90994.3081600331, 95995.318136625, 91499.8390243798, 87464.1973755611, 92990.4037525384, 79013.9528615847, 115487.0453675, 107489.561767788, 88001.4483517297, 91974.5977232195, 128991.549065013, 90491.1621734165, 76993.994762918, 88985.2588906419, 73500.0143101681, 78500.0213410947, 79500.0222665006, 81500.0249426821, 87500.0324202972, 88500.0343969427, 91500.0377739854, 92500.0396126071, 111500.063848746, 129500.087088942, 99005.6350471713, 76488.9190113489, 
77000.0194756705, 75000.008714023, 76000.0101182153, 86000.0226104679, 86500.0182620222, 90000.0287958598, 93000.0327099236, 92000.0927702151, 96000.036413067, 99000.0394488564, 117000.132682922, 114000.059811448, 115000.060723729, 92455.5755650681, 91494.0156458514, 117504.347222392, 77496.7691894695, 156996.106408501, 157993.691411952, 72499.9980533998, 76500.0370672392, 86500.0013724649, 91500.1096056588, 88500.0187344151, 90500.0213444037, 92500.0238651577, 93500.0254309094, 94500.0264909621, 
98500.0317225475, 99500.0328435572, 110500.046800257, 115500.053983862, 157500.107802926, 158500.10941701, 93006.5784404753, 91998.0891665341, 92508.742552774, 117487.562211169, 93011.1737584602, 110988.215929091, 91491.4787316574, 115991.546246137, 77999.9972254429, 84000.0045143608, 90000.013111501, 92000.0154432654, 94000.0178316338, 117000.048028591, 158000.100880943, 93506.0472276974, 87503.1154097943, 116499.332414158, 93018.3267309386, 79001.8274118779, 92031.3040465191, 94001.1431706166, 
75495.5156626357, 78499.9902354153, 83499.9965940956, 91500.0073879547, 93500.0096217152, 153499.502104936, 116500.039009953, 159500.095025151, 90475.1381445797, 158992.404650609, 112493.042257254, 116509.554965325, 92517.4737501647, 73999.9759122906, 75999.9790374609, 77999.9817803958, 77000.0726382649, 78999.9823738243, 88999.9963286817, 89999.996612641, 92000.0465976382, 94000.002097467, 95000.0041212356, 99000.0088814246, 113000.027286315, 116000.031339647, 76487.9873736016, 91493.0825841632, 
147006.915993968, 117013.38695436, 87005.8760984791, 77991.714007074, 74499.9686370557, 76500.0625962447, 78499.9738041647, 79499.9759211391, 80499.9771932187, 91500.0379515942, 88499.9876664868, 90499.9899278115, 92499.9921007184, 93499.9934929013, 94499.9954920383, 93001.7207032721, 98500.000032708, 99500.0020938693, 116500.094300988, 117500.024644216, 75997.6673629396, 77484.4419986196, 74981.727021236, 79950.7967499122, 93999.987226313, 118000.018108278, 148513.753825023, 90973.125170921, 88994.7570851548, 
126987.196906533, 88499.9722588416, 107499.996345293, 142500.041405445, 79010.0498963119, 77989.9921787446, 143489.84558977, 80447.9184096167, 107025.710555003, 92446.7906937012, 91531.5040857531, 81487.900777665, 77999.9500301508, 78999.9519821107, 79999.9530773619, 80999.9544523871, 89999.9656159775, 93999.970992025, 102999.983314174, 104999.985378354, 118000.002196888, 76496.9402140705, 106480.495472275, 107499.225178048, 157012.360252605, 77499.9413668774, 79499.9450203627, 80499.9455680959, 
86499.9681396326, 90499.9588656146, 92499.9618231952, 96500.0004628217, 105499.978169957, 108499.982322265, 109499.983393495, 116500.071242387, 142998.506521742, 82505.4375125878, 76486.3813587837, 95981.3304503243, 81487.0592489885, 118479.867679441, 76999.9333350547, 77999.9348342279, 86999.9460786525, 88999.9485754361, 93999.9556175545, 112999.980434055, 117999.986105047, 78486.3885865761, 87485.1217832742, 89960.3822355205, 93475.8507236512, 93025.1632051701, 91486.884431093, 117502.965958812, 
113498.369697098, 80991.4837721912, 86513.9237901531, 78032.7041788502, 95455.6287650755, 82011.007081327, 86994.1090925448, 76499.9247663412, 81499.9310956066, 82499.9332136828, 93499.9476241078, 108499.966381056, 111499.969953927, 114499.974037061, 116499.976379042, 117499.978176356, 126499.98972965, 80486.8925506901, 117020.772392877, 79477.2187986206, 107973.724746994, 93978.7483806061, 81514.6070058048, 91489.6443388471, 156514.71387586, 116488.126617312, 74999.9156894041, 78999.920997384, 79999.9217914296, 
81999.9631790956, 82999.9259514101, 89999.9346810747, 93999.9399883971, 112000.010658579, 115999.968489313, 117000.019184222, 120999.974816491, 127000.016489427, 161000.025695888, 112465.741369233, 151474.72251349, 111499.978202388, 91991.6231146762, 151984.190467808, 77499.9104721108, 79499.9138045684, 80499.9141924595, 82499.9169819634, 81499.8993930407, 90499.9281445406, 92499.9307940183, 101500.01171353, 115499.960492858, 116499.962279625, 122499.969146254, 127499.974851015, 121991.872968559, 
96982.6107244221, 116485.216884527, 87500.989587578, 127476.314004962, 101477.629890785, 78999.9052771069, 81999.9087080061, 88999.9182347627, 91999.9218447981, 100999.933904477, 107504.032317858, 118490.439285459, 99948.041863245, 92506.3218861418, 75992.5861229887, 90986.1710909782, 79990.5447402811, 77517.8498731097, 81497.1405377006, 82471.7195564015, 102008.760839009, 117007.525297428, 93026.3009872818, 94469.8651321772, 81986.4408789081, 76499.8941349965, 78499.8961531548, 81499.8999611344, 
82499.9022028167, 84499.9043971952, 91499.9139471957, 92499.9151311321, 106499.932874532, 108499.93545111, 116499.945468199, 100451.63184628, 152499.992120159, 77992.4917649748, 83994.3509281911, 80504.1537340237, 75484.1694999458, 92007.3705964256, 96476.6021735854, 101480.947658084, 76999.914590436, 81999.925583005, 82999.8943001563, 83999.8955138568, 77518.3461592998, 91999.9754374148, 98999.9147940045, 100999.918103068, 101999.971003486, 115999.937035183, 116488.40971619, 91497.9028688064, 92482.0555277793, 
152990.220375347, 92986.6442328356, 76986.5242207283, 79499.8822549796, 85499.8896668497, 87499.8925978215, 92499.89899462, 96499.9354748623, 93001.6978856632, 92495.1814751746, 83492.5119431419, 77509.2612217991, 101999.903985966, 134999.945767482, 95963.3356792312, 93488.4232677724, 115980.690253096, 84998.6426628307, 82985.4596262667, 106990.412528212, 93942.3663554611, 82499.8703162763, 83499.8724759398, 106499.902153453, 108499.903919324, 116499.914058899, 93014.2958307061, 125493.914582899, 
84501.3777766135, 81997.5275198389, 99493.8645919058, 90999.8736754702, 92999.8768526688, 99999.8858044809, 105999.893202399, 124999.917540141, 82505.5522212619, 93499.8694257885, 110499.891516539, 126499.986114661, 102005.93880722, 92999.8603901826, 98999.8687988091, 99999.8704349324, 158495.194879778, 144011.397667274, 100468.857246752, 93499.8536633402, 94499.8546627881, 101499.864086038, 144499.918605244, 90469.6123661892, 99448.6029898012, 128493.7120702, 99001.1129077217, 99999.8545296956, 
92995.6371038398, 93499.838667131, 94499.8393982798, 99499.846383621, 114499.864991788, 121499.87146356, 120499.873063968, 125499.879202116, 121989.515630372, 99007.4986081747, 127993.891613273, 93999.8310069004, 96999.8347533485, 121497.270425416, 95987.7725337595, 102498.153097129, 99953.7040467476, 122490.083452739, 120964.25840873, 100978.266702459, 99021.9149021711, 96499.8259511106, 101499.832838005, 124499.861827512, 109449.797387265, 73486.7202223195, 99467.4907576311, 108989.825137082, 122497.583129256, 
74536.4801189713, 132488.732890887, 95999.8179206708, 98999.8222682774, 111999.850668788, 125999.855878433, 96498.8094013045, 107498.397395723, 126492.421265234, 97480.7257424463, 117011.504308785, 77992.7149747992, 78499.7880064761, 83499.7943285024, 98499.8139777733, 104499.821143329, 107499.825137419, 108499.825744165, 106499.867913828, 113499.832784735, 114499.834052179, 106995.894694968, 77508.4927869523, 116502.474900136, 117997.782904841, 77985.0793069955, 96013.0185338594, 82473.6353393989, 
105965.846985559, 81999.7848866126, 96999.8034573011, 116999.829304235, 131999.848687889, 123005.459518719, 80006.9777252814, 115965.244047192, 126507.325185207, 96478.6392103285, 97479.2302685026, 130964.899329537, 81970.2271084879, 117497.452540991, 95505.9839918008, 72984.062554555, 113992.001599193, 76988.6571080657, 116982.414622597, 117962.824116845, 82496.5473750466, 119461.462220456, 96499.7958166543, 152499.866744713, 72493.8407609873, 85523.4568527443, 77490.1779905874, 53999.7332930919, 
84999.7731868802, 93999.7845961172, 98999.7907663621, 104999.798802548, 111999.866491103, 72480.5054131122, 61517.6247560671, 76512.5819383729, 111463.864880552, 81993.7901737019, 58001.3213836709, 57499.7290140446, 58499.7310957341, 61499.8206983507, 72499.7487778654, 90499.7721428154, 102499.787516634, 103499.788523116, 114499.802471513, 117499.806764347, 118499.807590137, 119499.809636525, 63001.2130871592, 87005.5316618886, 77993.7214687122, 83486.781692002, 58490.7761474373, 56518.0480913268, 
82500.4667811971, 62531.7869095439, 112498.387094479, 59999.5652794121, 63986.3689842327, 120956.98301534, 91500.3487052945, 78016.966664236, 57999.7228268096, 71999.7403756035, 121999.804168704, 55971.21594101, 53504.7056921897, 72486.0145517439, 70989.4327716082, 111497.161924784, 85017.8170635588, 81527.4370881254, 114985.878480636, 86511.4427290102, 84015.5643949332, 58988.9463793319, 54964.6197331212, 76988.3357776683, 53999.7657282492, 83018.2945082365, 62500.439733509, 84015.4824274983, 133011.058880457, 
103499.772813961, 117499.790692267, 84487.3689320209, 60515.4196145358, 79493.4151826603, 53513.5427972786, 79014.7732032454, 67011.328085226, 57506.3554318249, 85505.5230005756, 82051.6252295338, 62506.0651367689, 81508.2219510982, 121501.605022165, 97519.3153273985, 56999.7105498416, 53999.7015846753, 57999.7070554253, 61999.712000004, 78999.7335348455, 81999.8204317838, 84999.7421705769, 90999.7498920029, 92999.7521799235, 108999.772191329, 118999.784647633, 119999.785828191, 120999.787155156, 
125999.793503224, 132999.803363531, 77989.0851826435, 127990.504562767, 57998.5906101577, 56986.5159863988, 54499.6950742388, 56499.7747674817, 58499.7000382086, 59499.7006346267, 67499.7110138228, 77499.7245344594, 78499.7252826029, 82499.731017272, 84499.7336449809, 85499.7344268644, 90499.740669569, 92499.7430017702, 91499.7456297399, 96499.7894769209, 100499.753385173, 112499.769050919, 115499.773011975, 120499.779195718, 129499.790601546, 130499.792077634, 67988.8293741886, 91993.5834863549, 
121999.578971609, 58021.8064650875, 86508.7251843242, 109004.330220773, 113496.576076562, 112488.266931999, 98000.4653942743, 85026.8467191355, 91999.7351817135, 96999.7412969451, 131999.785501417, 98493.8998132087, 81495.6500594765, 96509.2649845323, 54982.6716325684, 88505.8810295863, 130985.609590009, 85986.5896846326, 137523.806208652, 100461.828395326, 77496.8012150833, 133991.005056663, 79507.0214550225, 57002.0426191511, 133502.604977712, 98988.0051098866, 121499.764417905, 64510.016720769, 
121989.835402357, 80492.7154440153, 119467.523319002, 82004.9051906299, 135504.057097294, 121501.140404693, 56502.2279923689, 97503.0663817851, 55999.6738856873, 56999.6706923246, 59999.6783217164, 79999.7043288667, 90999.7178307148, 94999.7239166424, 98999.7281901557, 102999.73331807, 114999.74938205, 120999.756737311, 123999.760743137, 121999.752159161, 128999.766352037, 135999.775428666, 126979.298423329, 112988.713114361, 57974.005768613, 101970.748556335, 81969.4894488193, 92993.4916316858, 
54499.6633122442, 56499.7015645346, 61499.7399863722, 58499.6688430915, 73499.6877455404, 81499.7733789152, 77499.6927389354, 79499.6953897923, 80499.6971169179, 92499.7125734482, 121499.756172051, 122499.750591269, 124499.752763045, 136499.756526803, 56989.9606394581, 107486.046972123, 78992.4357517064, 92990.6510613039, 89001.022836213, 124988.52767477, 74014.8858833155, 121503.879700845, 80959.0556314234, 56999.6589279054, 81999.6908811489, 121999.741842925, 127514.201513973, 58016.7705777846, 
74998.1528710863, 81458.3300421434, 80006.4716680925, 93510.2707199417, 86005.7444640249, 84539.0507503971, 102491.011094423, 122979.795569618, 57997.0401315643, 78996.6871536309, 78495.0473828912, 122005.973593893, 55473.6029951498, 132004.287235795, 82998.9377045836, 126499.740101922, 83983.8308796547, 97505.2653523143, 56991.6571649965, 98006.7102558482, 81984.2958792849, 57514.8591516381, 80496.310282914, 95505.3259845143, 60502.5635619778, 91994.5605935529, 81549.9806767851, 126487.790757845, 
87497.4400113467, 102496.797342215, 55999.6418381287, 57999.6445593042, 59999.6474213824, 75999.6685121823, 81999.7042354262, 79999.6728705429, 87999.6836628206, 99999.6982983556, 100999.700358278, 111999.715615726, 121999.788943089, 57482.503572003, 82501.0033078212, 128017.207495755, 82985.56181945, 53499.6312765023, 54499.6324510453, 76499.6706252852, 78499.6636478091, 79499.6650042944, 80499.6655252371, 81499.7442032583, 82499.6686088424, 81997.1737181172, 123499.72083793, 127499.726108056, 129499.727863259, 
71980.9995887903, 124985.903070416, 87991.8819757216, 77997.2760890489, 102503.177014006, 78502.2251161169, 88997.9632830778, 66515.5034659151, 72999.6486172546, 126999.717432343, 63515.7322753966, 73510.5509254737, 123516.25983023, 79984.6189141776, 82503.9235058436, 80986.0039643897, 90989.2309630765, 61041.2860636879, 112456.184010406, 99526.3977939989, 76996.9289789479, 101984.22185365, 100499.041278163, 51499.6131482562, 77989.4361839741, 76499.6451864392, 78992.3337758025, 73005.8475067206, 
70517.387070721, 59560.3228472499, 92523.3721999964, 79486.3397134123, 82446.5550919445, 91498.7635453874, 102502.936022202, 62478.8962469678, 58999.6155117797, 59999.6160157761, 62999.6209133333, 75999.6364919161, 77999.6399514508, 78999.6409204416, 79999.6421559956, 86999.7078305166, 91999.7173701869, 92999.659015785, 99999.6678542579, 126999.694982499, 92487.5986452801, 76514.1704217913, 81499.6244654413, 57986.2924379883, 50499.5960637294, 52499.5988829751, 68499.6194445239, 71499.617339869, 
76499.7213639403, 77499.6316684457, 80499.6349448301, 92499.6507476168, 93499.6520130774, 91499.6324868212, 97499.6568314424, 100499.660648102, 129499.696954994, 133499.701934943, 77019.0530466186, 93007.1054735035, 51520.6478890078, 56517.610347393, 72491.4825826557, 76490.3975094361, 133969.526723719, 54985.6155644385, 78490.0495774448, 77490.6357052196, 51999.5910866233, 133496.646891676, 81999.6296500573, 96999.6483722162, 98499.6500429548, 81498.2525751153, 54005.3052139645, 55990.8142845668, 
98011.0584284831, 93033.513755192, 91518.2028203905, 78018.9052959327, 80993.7408777429, 130994.915932396, 49048.1662422679, 81924.8997346098, 133991.923180294, 78983.4357204605, 49440.852393155, 98459.6381631065, 99490.2425376009, 137992.057610774, 48505.2942870995, 80493.2376209665, 78490.9617213449, 77499.6155376136, 91499.6335907103, 50480.4171859929, 126499.677153924, 76997.7016607029, 74502.1495654862, 130500.797058029, 75501.1685650637, 91999.3411878757, 102513.336738233, 131523.484841573, 
132523.887031295, 102494.251849961, 82484.5553292828, 46499.7659028322, 45999.5677679908, 48999.5710540405, 50999.5742585519, 59999.585153982, 74999.6050323164, 75999.6062330008, 78999.6099927034, 79999.6110091629, 80999.612317563, 81999.6094955327, 93999.6291756509, 94999.6304534469, 98999.6357026463, 47499.3737073969, 52531.6251580482, 81486.4163357858, 132994.979219315, 52015.222518988, 48006.7271102779, 46499.558041431, 47499.5614059325, 48499.5631021569, 50499.565114622, 52499.5676720496, 51499.6090500867, 
54499.5709663685, 57499.5746551892, 59499.5773020079, 71499.6317228246, 79499.6021703128, 80499.6041969797, 82499.6069675339, 81499.5889712647, 102499.632171832, 104499.634490476, 141499.76013759, 138499.676964707, 47043.9523364473, 81381.8830115618, 76486.4731861232, 47486.5757100387, 52527.3619869519, 59011.1708423588, 46999.553534246, 51999.5597742535, 81999.5983941257, 96999.617242164, 133499.240486327, 50979.0523817688, 55989.0043982929, 88502.3982188683, 80998.7001904771, 48497.3593039326, 
58414.7390409969, 89960.6384708527, 51496.1769748712, 53006.6166235954, 60017.4418738782, 96503.7975045545, 52971.0905256122, 48519.0448903777, 68523.3216003999, 63486.7392419195, 47502.755705188, 105493.172798435, 142502.075161668, 79504.874511159, 67496.9313533138, 132507.127317864, 61975.774112314, 80501.3650385346, 76988.5093915137, 77983.7310160622, 54010.5357961711, 46499.5445514377, 51499.5509687494, 81499.5901339985, 98005.218509566, 107506.71182782, 101998.80663068, 79006.8461568439, 96999.1667280048, 
68994.0040224362, 125492.861846032, 54485.1881694589, 77486.3670124486, 52499.584009585, 133508.859370834, 58496.1317925248, 59031.8669957407, 97497.1958420118, 99040.5835856833, 107016.521876682, 81499.0109084928, 47999.5387555091, 48999.5407577176, 52999.5455747088, 51999.5731757665, 53999.5466579096, 54999.5485185273, 59999.5547692636, 81999.6248461939, 80999.581018405, 97999.6032258887, 105999.613397192, 116999.622325656, 82513.2633878058, 117990.540347909, 102997.258078764, 116989.604990459, 
47999.377496765, 46971.5748573476, 51990.4250216149, 47499.5309876529, 48499.5319936452, 50499.5348572452, 51499.5692997212, 57499.5441022441, 80499.5732143736, 81499.5740367044, 89499.5847751182, 98499.5955300331, 103499.601454664, 106499.592566444, 109499.609153383, 113499.614550648, 120499.622879394, 48624.576375938, 82989.9960240284, 82472.5419244254, 49037.1613038341, 103494.460058247, 78503.9252875447, 54007.9243000718, 42490.7199136214, 78997.8225695742, 56999.5350738587, 52992.3121871613, 
50997.8100457592, 106007.223535159, 56491.1900205901, 49988.5510733677, 81550.4259616639, 64505.1561094476, 83010.9616689915, 98485.4318595091, 63987.9068330312, 47990.5598384608, 49473.9877351848, 102003.238102904, 42964.1471862569, 48966.6101211505, 122497.170189925, 101499.583966578, 109012.439457892, 50461.7751480686, 131991.394829302, 133499.232950735, 81507.7033299971, 121501.378997973, 111459.9509215, 48999.5091466289, 57999.5206268877, 82497.1974773183, 64999.5295618856, 79999.5493663698, 
80999.5497092828, 81999.5347316749, 109999.586500836, 121999.658486338, 132494.248516534, 122481.982175741, 51518.6701230248, 42505.7853586515, 77007.2660176568, 52980.644450319, 132012.101419517, 48499.5014960803, 49499.50190931, 50499.5041056396, 52499.5061646504, 51499.5173404645, 55499.5104490817, 80499.5419200556, 82499.5444436902, 112499.582577652, 126499.623013848, 131499.631721538, 128499.602441796, 133499.608473797, 52001.8080590088, 82006.1265600407, 52481.6983226463, 56535.4496813864, 
78013.8336089626, 53493.5068692416, 52995.1840477493, 53995.3338537393, 82992.0193584431, 55995.4045990091, 82507.9720599009, 51485.6250120457, 128995.476763174, 48001.6293297848, 46999.4913716661, 51999.4982802803, 81999.5364719238, 83496.697759673, 79956.0867184801, 55010.9638399947, 128489.508121083, 48521.5209451774, 50994.4171261191, 107484.056781744, 82486.5196207734, 113486.506066799, 72990.8772083055, 52023.0267855665, 41977.4290393637, 52507.3540381854, 63997.1598088834, 50508.0884395735, 
47512.4665560871, 42487.7239653049, 83990.3575940467, 83476.9089670405, 41499.476157859, 51499.4891990507, 75500.7406929368, 53501.7335420037, 90496.6541305091, 54040.7285735868, 76483.8560691774, 41477.4595153425, 47477.3693786347, 87495.6508695865, 141496.902834028, 86504.5684570521, 40999.468673951, 46999.4691621317, 45999.4741830165, 67999.5032772683, 86999.6161650885, 96999.5426048767, 139999.593620158, 51979.7362764683, 68010.6850901945, 46982.8651117235, 52986.140961241, 97019.703541751, 82998.9358964553, 
36499.5319581982, 40499.4594766703, 46499.4925401472, 63499.4892666088, 67499.4939616732, 68499.4961790917, 83499.5144025767, 84499.5154150473, 92499.5258135572, 94499.5286732726, 98499.5335075194, 133499.576792156, 134499.577992912, 135499.579707667, 72000.1311873375, 47992.5101253418, 87513.2070414219, 85052.9996244358, 37991.3737391448, 83996.4246759713, 63978.1041999422, 53009.8874091348, 87973.9524822338, 137501.990739584, 40984.7863354757, 111485.635634194, 49002.197605513, 36999.4472561181, 
52503.1439083861, 86999.5118130902, 86486.8353842916, 88519.4911411116, 73001.2676444873, 51482.0783377346, 48461.0353608504, 106997.714727301, 88042.8836944131, 48979.8352788156, 85494.4089076873, 84004.1161502209, 37993.4438293232, 137007.381417, 87501.7702607214, 73978.7401611386, 51499.4588306295, 86499.5027015693, 136499.565482906, 138004.519915652, 39013.4764636764, 40570.0224354453, 86980.6260954952, 63493.304757419, 84460.4351381268, 88971.6816475438, 39464.9717245577, 74460.7655421626, 46482.3694439996, 
87507.4509372404, 35999.4306573756, 37999.4334930712, 39999.4357015928, 45999.4438323416, 47999.4465734893, 48999.4472246207, 70999.4754964197, 73999.479672607, 75999.4813440628, 83999.491474662, 84999.4934446001, 85999.494726181, 87999.4975406844, 90999.500534717, 95999.5072044618, 107484.373484731, 136999.554475543, 140999.56301701, 62501.2698819842, 52499.4896574244, 121490.441852149, 136483.180980242, 86491.8244917849, 91505.51229198, 107010.168063802, 47013.4037461122, 93023.6513143256, 91987.0475598313, 
47967.1087217713, 47499.4374930272, 48499.4397879262, 49499.4405130334, 50499.4419138161, 70499.4668762218, 84499.4853265695, 85499.4856039099, 91499.5779008148, 87499.4886008035, 88499.4902576171, 89499.4913095692, 92499.4944229564, 98499.5020791525, 106499.504668478, 107499.513639983, 116499.606012411, 139499.554024748, 108004.314007316, 71986.2402149066, 88005.2929440225, 52004.5500267493, 71501.4183348194, 85986.8848961908, 107478.811959027, 36510.5747569632, 83995.4642449729, 98489.8861898631, 
36999.4169533933, 51999.4355457248, 91999.4870448802, 106999.504800039, 131999.53650369, 144989.67713705, 100981.531886324, 40979.792809003, 89975.3482772261, 46003.8050550865, 92484.0669020265, 84976.6665312452, 36004.1296388432, 39967.1644054893, 87486.9547305498, 92507.9160156772, 107032.271003549, 116996.796026316, 54463.7499287678, 83490.3473852426, 88992.1127301529, 36499.4089112375, 46499.4210502179, 53999.4309337419, 53482.663452452, 106499.496711517, 85480.5197141822, 128986.787947392, 52944.5036152275, 
91996.6571945138, 55496.3573172214, 46528.1772172153, 37508.737271063, 71515.5921612997, 106505.743258967, 111506.9906, 121481.419008421, 38999.4043728514, 53999.4230777677, 54999.4239410385, 71999.4478988433, 86485.4155980339, 81999.5145662874, 86999.4485950833, 84999.4620491136, 85999.4637223082, 91999.5058149211, 88999.4670883017, 93999.4730878081, 106999.556185036, 101999.557085304, 104999.487381939, 107999.490451499, 111999.580411675, 118999.505023575, 139999.53064638, 107510.887440716, 92516.7074940577, 
78017.522102559, 113005.409645817, 112002.699243215, 33499.3893903866, 38499.3954798393, 39499.3967336053, 40499.3984262897, 51499.398129697, 53499.414587833, 64499.4286623215, 78499.4465658236, 83499.4520855527, 84499.4535936574, 85499.4555158084, 91499.4643188901, 90499.4610592443, 101999.561072209, 102499.476037523, 103499.477326828, 111499.473257132, 112499.488978988, 113499.490108659, 130499.511367955, 131999.847678445, 37468.7569879219, 86028.1751301046, 52533.2968541272, 51493.8262586473, 
82499.6635752665, 101005.09263474, 97512.5144729223, 93499.0538618127, 111501.712544554, 48471.400375085, 36493.2864651112, 112542.898787663, 47486.0682870233, 93980.2679406507, 83004.4514212925, 139986.962650646, 104009.702533231, 50954.3440499958, 112981.618404822, 51999.4054433806, 102485.089246195, 111999.480668681, 37972.5730268359, 93022.441002964, 90980.8890751377, 103487.455769578, 83489.5386480018, 52998.7787262723, 102981.960621465, 45009.1970861685, 104519.743881722, 93958.532742558, 46985.2575296517, 
27501.939447538, 37000.675219764, 128999.694160684, 48500.3179693781, 123504.19760194, 141979.812845896, 83994.3278259039, 139497.386011739, 82459.2733510835, 54451.1905105328, 106999.494689648, 36499.3775864048, 41499.3843880994, 46499.3900501039, 51499.3964691143, 47998.9035454579, 37998.9210838033, 47492.131761658, 38985.3848458426, 87012.1825142, 138998.739187163, 80503.8829662446, 39464.5045585791, 49442.8909726553, 37513.4414087143, 92490.8943031617, 36490.7813764764, 87507.702423851, 28999.3602414504, 
29999.3616866525, 33999.3664940605, 36999.3576331288, 34999.3681291016, 35999.3689849954, 38999.3726743087, 47999.3850266682, 48999.3857210586, 50999.3880309919, 47501.405686982, 83999.4303537374, 92999.4409335833, 109999.46186801, 139999.50003984, 82494.9188975329, 37994.2456477555, 23001.6123405956, 47980.5909041995, 111994.885828683, 23499.3455174072, 34499.3595577385, 38499.3645279258, 47499.3757833922, 49499.3783391295, 86499.4590926161, 91499.4721938297, 94499.4352474641, 98499.440159875, 106499.502545639, 
108499.453196429, 111499.481273805, 130499.480070998, 134499.485472986, 138499.490340127, 139499.4908234, 140499.491950499, 37070.1181764286, 33990.6989273066, 126498.014071045, 140000.718357083, 35996.9184796065, 138501.5927892, 127994.378852788, 66018.854934643, 47498.9922169195, 34990.2265808824, 36999.3546610177, 51999.3742059804, 141999.485983633, 48494.4552153694, 139015.779744375, 48012.8880323591, 134950.667806083, 107566.467462465, 133967.583160327, 22989.7278039139, 24006.3747952385, 36985.3996122293, 
49018.4380561141, 23463.5037090126, 133497.777581608, 32972.7976159779, 135505.590043696, 47994.71576933, 48474.3370798258, 36499.3464453667, 126499.458987657, 128499.462517899, 132493.985333726, 47492.4721827917, 44502.9724405175, 49456.3347671572, 132448.653464397, 37558.3723067511, 23999.3235697001, 33999.3361025276, 36999.3318076385, 117999.440998398, 128999.454809544, 134999.462176163, 142999.472592847, 142512.632570546, 112504.841429847, 36989.594055037, 31996.1735367589, 32970.167259858, 23499.3143237447, 
24499.3165258551, 25499.3176997527, 31499.3986627022, 33499.3274257695, 34499.3282090873, 37499.3326013405, 38499.3337144209, 39499.3352459837, 49499.3478354532, 57499.3575905245, 59499.3599877749, 94499.4044515053, 111499.510844508, 113499.428009866, 139499.460040783, 143499.464855154, 113023.749876735, 26480.3387140669, 138510.36845838, 48483.3575136354, 135975.885973717, 118000.688685128, 33672.4080014937, 31506.4235033747, 106002.572384428, 28971.1062465776, 138011.584511231, 33009.0423402209, 
139030.001601459, 32494.1496823914, 38000.9865594078, 34964.8275664989, 47957.4495538371, 31999.3178115273, 106999.411530077, 107499.412624695, 136999.448717173, 34004.7808723142, 98998.2566099474, 24983.5748378299, 47470.2068386944, 102500.593874342, 49037.3413048722, 26003.3732649311, 101496.743923456, 49939.1777530974, 32978.9129968761, 117997.911859314, 48546.5954351658, 47992.8342694119, 50454.2964738281, 33500.7696425905, 83478.0995071456, 99491.2885817308, 107510.022806785, 87003.1208667466, 
38493.1602863576, 118484.896893285, 34496.2739898022, 102015.401220895, 105494.308621105, 84498.4279902577, 26499.3028546292, 106499.403625126, 33988.3070009034, 99017.4583807737, 98486.0564554399, 139000.513091143, 107035.103162811, 59001.4356602505, 143996.942201146, 49460.3225720469, 42491.4941740716, 59488.1603921205, 25476.9724866394, 29478.4218151178, 35496.8896179944, 24485.3229393819, 32457.9213253157, 36522.1014862256, 24999.2933220994, 32999.3041865984, 33999.3054858753, 36999.3956024926, 
34999.3059869837, 37999.309616344, 42999.3164083492, 48999.3238755437, 49999.3253036626, 50999.3263202906, 98999.3866421739, 99999.3881591884, 100999.38936185, 130999.425881826, 138999.435437239, 106495.674765748, 122526.035532249, 107509.0436148, 97982.7924893899, 128000.675984585, 86993.5390245588, 31981.2219110159, 24499.2857264681, 29499.2920591384, 36499.3107366115, 32499.2948119938, 34499.2980008209, 35499.2989618387, 48499.3154505165, 49499.3168424061, 57499.3269715421, 56499.3931814115, 36979.1090094717, 
97499.376820473, 100499.380695945, 101499.386663685, 107499.388868611, 111499.450772412, 138499.42719204, 33015.0206700964, 133011.871447491, 34978.6539893774, 56516.0411188165, 38986.6264475128, 33002.750163137, 57493.6979858289, 118957.352170693, 38499.3240282917, 37527.2457446372, 82490.4081525123, 32497.9640333159, 28005.2971732868, 28486.3214744972, 122523.931719761, 118472.525439137, 31999.2870695824, 36999.2928013504, 82999.3516729623, 96999.3686621832, 33496.3645903561, 29961.2792690536, 
23499.5448216926, 27518.7138402797, 128500.664969479, 37993.0108288731, 35978.4030477339, 103964.82803047, 58505.4808871197, 59000.3534954134, 124001.192489096, 23513.4221853986, 94503.672032577, 31989.606912965, 121968.890825734, 32491.0336943772, 57494.4633304244, 72506.4558654176, 113982.811665857, 36988.4752950147, 113007.659231743, 38007.5992392953, 137490.442266388, 24291.3261873825, 36499.285419059, 56499.3098336169, 111499.378605305, 87011.3310716143, 145499.420048546, 33987.345590719, 56999.2829109039, 
138523.393652422, 33007.3268716037, 38991.3701093746, 142998.721650992, 34478.1548249479, 37493.6842599558, 137980.523581237, 87966.2571395822, 37481.1331700897, 151502.328739299, 36523.8603464877, 36999.3276773347, 34999.2753067529, 35999.2764193388, 37999.2786506731, 47999.2917774664, 56999.3705112832, 88999.3428722005, 93999.349724873, 94999.3502946291, 97999.3539582249, 110999.370542703, 57504.8463425748, 56503.4791702293, 57982.7869665846, 93018.6613261243, 56974.9873888111, 36992.0992923258, 
35499.2679701205, 36499.3152672835, 37499.2706879992, 50499.2866761563, 56499.3163547423, 57499.2957879007, 101499.440555437, 100499.349722703, 104499.354021695, 90000.091776968, 49021.6335744662, 52517.1697680289, 37997.9121766975, 57501.6108687827, 99004.1751214713, 48002.4436061904, 102996.401970255, 48506.3629005384, 118475.595173436, 36999.2621863587, 51999.2815525578, 56999.287127628, 91999.3313358594, 126999.374115506, 93494.362781194, 51485.0255311849, 55991.3356732205, 37477.1672555674, 
58500.3482077671, 58014.583192545, 139978.029837537, 56516.0644479794, 50963.4374917792, 49985.2685701353, 88476.6764209028, 35506.4697846351, 123499.742958996, 51996.6353225857, 53503.1349270968, 53023.6968545336, 129502.848888696, 124473.782345871, 99509.7099100873, 36499.2542040329, 46499.2671100926, 48984.2847239748, 51499.2725286605, 52499.2741815578, 56499.2797890482, 49483.6451544948, 91990.5959710563, 139442.389824573, 54052.3080504425, 34486.5971981836, 47999.1451037424, 50472.4030799698, 
55513.5807148255, 46511.7474339493, 56486.6904375674, 137525.294174101, 57477.6745970119, 47496.3758413661, 36515.0457447013, 26999.3236149317, 31999.2914854567, 39999.2505935896, 46999.3038524333, 50999.2645673594, 52999.2667583618, 53999.2678964287, 56999.3215228776, 54999.2698367722, 55999.2703792797, 88999.311708142, 91999.3548662858, 98999.3241929086, 125999.358091143, 127999.360547805, 138999.373900184, 127489.875867003, 92482.5749240145, 67973.9351204094, 56973.3093147269, 33001.9845243925, 
26499.2335497113, 32499.2335236212, 33499.2352210274, 38499.2410412906, 39499.2427298231, 46499.2885691049, 47499.2523483317, 51499.3196833385, 52499.2591167986, 56499.3411154719, 54499.2614629725, 55499.2621780066, 57499.2650377816, 98499.3160937289, 101499.399063291, 122499.345583241, 127499.351804879, 140499.368164713, 141499.454173043, 142499.370586857, 47016.0250414405, 127998.968282939, 51926.109463647, 55981.2018790385, 116512.141111046, 53989.5279894527, 126005.207829986, 36501.948130683, 
53513.2506850855, 126491.112621466, 26999.219369404, 52515.44882668, 56999.2561549628, 36016.9411850842, 26504.0254450347, 40970.5308608627, 124496.199101723, 128509.065826702, 30466.2102504969, 37974.3042080905, 123505.66054503, 26974.7657269603, 34010.2213213686, 56996.8753672373, 62933.5268083327, 48970.2971171038, 155480.527034697, 53493.2984063895, 52985.9562451802, 41995.4909579791, 128990.764496551, 37020.0519745918, 129477.640635012, 40490.2633800181, 126983.608442007, 31482.3007566892, 117504.573272469, 
26485.4785654349, 36499.679012401, 26999.1884633591, 35999.2152764797, 36999.2402846813, 41999.2370425407, 61999.32886374, 98999.2935943985, 154999.361513788, 155999.363356484, 141537.018670564, 52009.7025110647, 42011.9530151086, 27499.1963497819, 28499.1972510768, 32499.2030231645, 40499.2132719746, 45499.2193757026, 49499.2242629044, 52499.2273856243, 124499.317218806, 140499.336849282, 32513.967506906, 45979.6519805305, 53972.562105177, 52992.6901964182, 49001.2167244451, 123990.106695203, 156999.348359291, 
142503.054257893, 129972.075948455, 39993.708733635, 53476.2393977307, 47503.002674845, 47981.5885305516, 75009.8453278607, 46497.8190817907, 140973.557689355, 142983.071844778, 33991.2663572766, 131499.310176013, 132999.311459145, 140448.901191047, 49004.2302241037, 48007.4803737355, 38507.5130465291, 35493.3707678048, 122010.898159104, 122508.540234502, 27999.1739366874, 32999.1806249721, 33999.1818871144, 115999.283382133, 32494.5731607331, 132498.207455116, 118499.279064114, 120499.280644245, 
132499.295987187, 134499.298381493, 139499.30428224, 133000.619943698, 38512.2185303867, 118975.584947237, 135972.416578712, 136466.19661826, 136999.293543936, 134998.78413264, 135471.599658864, 119472.071824371, 124509.608837128, 129459.22530311, 44497.8197183106, 36482.8873234503, 29999.1451628059, 39999.1587556507, 40999.1597726736, 117999.254757583, 133999.273987926, 121504.011060028, 40499.150895739, 44499.1564329406, 46499.203791257, 116997.14729146, 145974.16005642, 91517.9976144005, 36999.1390977306, 
141999.268581935, 137988.498035318, 108025.649486641, 143002.273572219, 119452.388713404, 132006.337073462, 40462.714121432, 142501.815108529, 136999.258312253, 141499.263678662, 143499.24692189, 141977.46317893, 142998.328373081, 142514.194471986, 144046.352829774, 143485.165590249, 136993.31538451, 110482.916834353, 144493.434869682, 135481.776865604, 111496.699601074, 141498.884899016, 141999.247886514, 143999.22372374, 144999.224901713, 154999.237497938, 155999.238934753, 143499.215952991, 144499.217002749, 
156499.254561746, 160499.235771858, 146009.298320257, 113485.392602292, 139013.898995535, 144971.749578724, 139941.505807492, 145496.983065262, 140456.63890093, 156499.215762313, 128501.505184753, 122006.59457715, 143520.494940112, 142471.037636055, 141999.219067427, 142999.191577109, 143999.193253647, 144999.194606515, 154999.205852983, 141510.517242538, 142482.858566032, 140499.180432302, 147499.18922526, 149499.191798061, 158005.909836971, 148467.431069152, 143005.297909567, 140970.830921428, 
119962.9033891, 143007.717887067, 150499.231530352, 116499.135909013, 131499.154859092, 148499.174931395, 142452.78892534, 142488.066164802, 98999.1072137179, 113999.125210905, 116999.199201276, 148999.167967341, 155999.175882944, 117508.104631772, 142975.818451218, 154499.166470101, 155499.167842444, 144011.043476257, 146482.407918704, 137981.976289536, 145987.423470186, 153007.455421905, 146999.150190231, 104014.509725574, 149439.929244136, 98011.872662331, 143524.415079748, 133015.157204608, 142983.210674518, 
96998.075026162, 104999.084177261, 143999.130910843, 147999.135182407, 149999.137598778, 146982.933080439, 98499.0676598707, 103499.074114477, 131499.1029135, 145499.124941719, 146499.135284375, 101975.16020829, 110997.613978292, 146999.118215126, 111499.068674146, 122501.426125175, 110999.059776636, 119499.062532908, 132995.473252614, 118503.366545619, 118998.452274273, 133499.140146339, 131499.061266035, 114471.35508131, 111464.04697353, 133004.61727991, 118988.794741207, 118521.806578866, 117983.985671625, 
131478.250612578, 132002.944201075, 133013.16017195, 132499.584160314, 118986.802377422, 128979.325083832, 124999.014824319, 126498.224049103);3,75874125874126
